xrp_vol_24h,flr_vol_24h,btc_vol_24h,eth_vol_24h,xrp_vol_6h,xrp_vol_1h,xrp_price_change_1h,xrp_price_change_6h,xrp_price_change_24h,flr_price_change_24h,leverage_ratio,xrp_concentration,flare_exposure,cross_chain_exposure,hedge_pnl_pct,hours_since_rebalance,xrp_momentum,xrp_flr_corr,xrp_drawdown,var_95,risk_score,action
0.033077358804700925,0.05502068456244819,0.021280810438059666,0.026594282181799725,0.012117627966339594,0.0,-0.0033915177899745607,-0.0016524396283376897,-0.0072852881943578475,-0.059979380472438296,0.36513441833465765,0.24731585749475535,0.25420308407556624,0.7457969159244338,-0.007639415771528676,126.0,-0.0072852881943578475,-0.15701000563715223,0.01284440534033459,-0.010158882751271407,5.0,0
0.032152939725101734,0.054226539728642525,0.021695900811334018,0.026379858042911344,0.01233340498689615,0.0,-0.0027713112076421537,-0.004112840466118774,-0.0016942423833128596,-0.06473134433345687,0.2803606166160039,0.24589997690386906,0.2527897638221084,0.7472102361778915,0.0036399313193396054,143.0,-0.010036409601176074,-0.12084817513943247,0.015580120703501576,-0.010060351501293236,5.0,0
0.03184865409380697,0.05593760222823945,0.022358623018488146,0.028752795990744442,0.013120992308625425,0.0,0.004456185697351775,0.0017358645930389662,-0.0034707642153596306,-0.046605638707946685,0.4457994588024522,0.24763392240467835,0.25462576495879413,0.7453742350412058,-0.003747650288826741,93.0,-0.005624948008741824,-0.0644550106397135,0.01119336291719176,-0.010060351501293236,5.0,0
0.030996500234816197,0.055222587518837886,0.021456958087443277,0.02774963537617083,0.011607676714667224,0.0,0.0030885982117224513,0.01033096415810501,-0.008139336506158508,-0.03510789562060095,0.5488681082383926,0.24866652811138024,0.2556726213291001,0.7443273786708999,-0.0018457518397728928,36.0,-0.002553723001380205,-0.018375073461255338,0.008139336506158508,-0.010060351501293236,5.0,0
0.026891715878299898,0.05017987098774036,0.022660313871796574,0.027755120660317684,0.007728662188384984,0.0,0.0034759748998270707,0.003672631536147699,0.011189581770567288,-0.011167634281205043,0.6259169679910788,0.24766130735226308,0.2546163937012643,0.7453836062987357,0.006692564333250738,37.0,0.0009133752213929569,-0.2904592830153332,0.0,-0.0075783672457955704,5.0,0
0.024591526291047563,0.05381165131374025,0.022386235509328584,0.027524401126594836,0.00786165919121331,0.0,0.0036241903125767702,0.008481032488860622,0.025599512066826036,-0.047099793583456034,0.22502348517703447,0.24843317506391022,0.25521300927225765,0.7447869907277425,-0.0002195870077414915,101.0,0.004540875779598847,-0.23421041306064508,0.0,-0.006884632134561344,5.0,0
0.029518412421350726,0.05447494031368476,0.022343456027421774,0.0269495511402841,0.015195155061119856,0.0,0.01774203210275021,0.029866345373924415,0.042602507449900205,-0.040792687764981815,0.3178994024062664,0.25204607119183825,0.2588513950040258,0.7411486049959742,-0.0012948582969698845,126.0,0.0223634722462053,-0.10368840399186618,0.0,-0.006884632134561344,5.0,0
0.02963232040510814,0.05470742538261432,0.021485891771544755,0.02607590161271624,0.015422931594978664,0.0,-0.0032131913288776875,0.029410003242310325,0.04183516890479077,-0.03855139011260579,0.6515859054574302,0.25109144767736524,0.2579266253897817,0.7420733746102183,0.001354253847001368,83.0,0.01907842280222251,-0.11193572041222723,0.0032131913288776875,-0.006884632134561344,17.0,0
0.030132022917218684,0.055571075058902186,0.021399531734891154,0.02583385864326635,0.01747666489500396,0.0,-0.004074122521252168,0.020667775621028287,0.03762918402513956,-0.043114086819109755,0.28012141518738404,0.2504371972991839,0.2571855734498763,0.7428144265501236,-0.0003529703673152092,144.0,0.014926572448961836,-0.07356139245535563,0.007274222914971782,-0.006884632134561344,5.0,0
0.030044711519455095,0.05873862989120352,0.021517068983257753,0.026880053699624845,0.019727815290164236,0.0,-0.0065230583829822535,0.01088767426802719,0.03796195109521085,-0.035032752579734844,0.4218211184813335,0.24986315377637144,0.2568016356207479,0.7431983643792521,-0.002769109339101567,64.0,0.00830614716243719,-0.10605891204109692,0.013749831117188848,-0.006836856335453808,2.0,0
0.02970441917712096,0.058542301783719324,0.02097518237211977,0.027049986228568912,0.01992383564111898,0.0,0.005142629080540852,0.01256663839939967,0.03573189798865984,-0.06030882512176729,0.20201412174652178,0.25054808411236784,0.25736767812510025,0.7426323218748997,0.0012115214614794095,20.0,0.013491491676922844,-0.17975977649273556,0.008677912318003777,-0.006836856335453808,0.0,0
0.030318240442275417,0.061039994991100015,0.024622165500051148,0.02707707232236579,0.021016466241329038,0.0,0.009361568074619697,0.01835513709225195,0.038705992256608875,-0.07806355170907794,0.3689747794418623,0.24987904715110182,0.25648083852935205,0.7435191614706479,0.009868482264659395,138.0,0.022979361269304218,-0.24626102529763141,0.0,-0.006836856335453808,5.0,0
0.030398942809362797,0.06362740502346048,0.024561329735270594,0.02847419262713373,0.01357368100143461,0.0,-0.0008300324281534695,-0.00022811556400184458,0.03718071869895504,-0.09212803121585461,0.29031654561208475,0.24869620782154359,0.2551285947470095,0.7448714052529904,0.0042815372107322955,71.0,0.022130255226118972,-0.21447112679731153,0.0008300324281534695,-0.006836856335453808,2.0,0
0.03034662727558659,0.06376813442831039,0.02461380592526241,0.029145642633422644,0.014733584167160746,0.0,-0.006737052525831264,-0.003762529662103698,0.020652827906296037,-0.08786317894730343,0.5520765158067847,0.2469214562361237,0.2533539468440497,0.7466460531559502,0.0020797723406802346,106.0,0.015244110008419293,-0.23005636668836513,0.00756149298191812,-0.006868955456881159,10.0,0
0.031031220445962456,0.06393264764510938,0.02437891259814438,0.03290739372391372,0.01549211455219101,0.0,-0.006609918679563961,-0.006299119188670152,0.00994249258109617,-0.07507820491271155,0.4428805224189337,0.24537587678626677,0.2518379658988121,0.748162034101188,0.0012546243806156978,54.0,0.008533429001357354,-0.24237438612883813,0.014121430807775509,-0.006868955456881159,2.0,0
0.03046160247582051,0.06441065776456123,0.024701759837414173,0.03344273639283526,0.015092547526127827,0.0,0.005426739563785861,0.005653372356723449,0.022470290371790595,-0.07037186588853063,0.45085597857570403,0.24545406494488164,0.25191878681709556,0.7480812131829044,0.003738826375535013,39.0,0.014006477261919639,-0.2109289397386103,0.008771324571251468,-0.006717982448891169,5.0,0
0.030826718323456806,0.0642606312212976,0.02412041755339586,0.03531499930956925,0.015409076528408132,0.0,0.006187710167539442,0.006698984480932886,0.02560159256174969,-0.06719205408827669,0.5649492476323588,0.2458830289048701,0.25229332623918704,0.747706673760813,0.0029380713481461616,4.0,0.02028085545122407,-0.20708380462352272,0.0026378888179443474,-0.006717982448891169,5.0,0
0.02965004175372858,0.06375013832219395,0.024962733202954487,0.03497792271657428,0.013323222346345313,0.0,0.00454513395937338,0.001895255583381543,0.038257097651713215,-0.08303001841668205,0.6770755514810023,0.247690021304192,0.25405518368921626,0.7459448163107838,-0.0038290783741556037,139.0,0.02491816861543395,-0.17835775027858944,0.0,-0.006596889635076705,17.0,0
0.029790665779065664,0.06519427762712786,0.02502038919148778,0.03608304640458136,0.014308238177017627,0.0,-0.005319664210947634,-0.0026066219034179077,0.02525058818868431,-0.06942839610110077,0.5869780242779816,0.24609093793502246,0.2525154353708404,0.7474845646291597,0.002399593671915974,110.0,0.019465948114700433,-0.21706036354775654,0.005319664210947634,-0.006596889635076705,10.0,0
0.029770460650165087,0.06564754812938801,0.02469917223736191,0.03554851890782974,0.012566299769081402,0.0,0.001997581778526075,0.0061643349085876275,0.02761470029333185,-0.0756036173658472,0.5261496313504552,0.2464011952754649,0.2527514164055933,0.7472485835944067,0.000313828562389554,68.0,0.02150241471648217,-0.22011848806138856,0.0033327088967172254,-0.006596889635076705,7.0,0
0.029655890403380368,0.062418881788251,0.026254696767932895,0.0372435105295256,0.009467579874836303,0.0,0.001053289962728543,0.013926086683468529,0.030147939112130102,-0.10618744605725979,0.2612827548369358,0.24467025268685494,0.2508772034716616,0.7491227965283384,0.007988564317705735,137.0,0.02257835295680601,-0.199055289973841,0.002282929242818291,-0.006596889635076705,5.0,0
0.028856877919803722,0.06583419802467924,0.025486416943288424,0.036917615549730824,0.00883448290995532,0.0,0.0018873637482786083,0.010356790852450193,0.03774259624719849,-0.08259701456990937,0.4865653284737528,0.2452112352968917,0.2515283043466305,0.7484716956533696,-0.0008920739338520475,123.0,0.024508330269951133,-0.20554925917166597,0.00039987421243246305,-0.006596889635076705,10.0,0
0.028127634758310413,0.0641151607097822,0.02580550132372825,0.036046915824581305,0.009400858205727006,0.0,0.007241278348494667,0.01141472443233553,0.034771833245472485,-0.06277385445635981,0.652802138345156,0.24511788605041326,0.2514014303036083,0.7485985696963917,0.005835830008792468,37.0,0.031927080259787355,-0.1236212933974149,0.0,-0.006596889635076705,12.0,0
0.028004078711907653,0.0642728966428675,0.027120569339018862,0.03606352281116086,0.008957818351059941,0.0,0.001927505265499906,0.008779195062296009,0.03797150173652512,-0.06156696450268141,0.5709009973212802,0.24674893527912042,0.25309930314318374,0.7469006968568163,-0.0051930601199949,91.0,0.03391612514060004,-0.11123767586177982,0.0,-0.006596889635076705,10.0,0
0.027801342608969656,0.06073130903399291,0.024354090317100716,0.03540162981928542,0.005632306185796208,0.0,0.0056592594773540806,0.01991373688688093,0.047397920475425764,-0.029971899419455782,0.3938499361427973,0.2474146539050329,0.25379567872780645,0.7462043212721935,0.0015060081034178985,84.0,0.03976732477059119,-0.1668830114441174,0.0,-0.006596889635076705,5.0,0
0.02741966248993565,0.060792690830694086,0.024890363916059092,0.03591787687041125,0.006059837157571986,0.0,0.0006519932470554046,0.018544088643809898,0.05099344676473318,-0.03985528182651004,0.38142709613806813,0.24833392566256368,0.2546904548523928,0.7453095451476073,-0.0031657920400099235,143.0,0.0492128091226403,-0.15090513196181385,0.0,-0.006596889635076705,5.0,0
0.027316910587590948,0.05927447056041068,0.024952564949674908,0.034519269613624094,0.0057175408503392445,0.0,0.0024636798889780148,0.019979121460212374,0.048908626563454176,-0.057501576242390315,0.5937113459433118,0.24978212316427592,0.2561191541623533,0.7438808458376467,-0.003912031446703118,120.0,0.045268112037195725,-0.17759665542245967,0.0,-0.006596889635076705,10.0,0
0.027486022621043202,0.06006402522158278,0.024805689363790632,0.03513654260615386,0.005712155516372969,0.0,0.0052682755955678374,0.023421084719266818,0.05118786930942558,-0.05089350733105641,0.6712205981352084,0.24984202938108893,0.2561976605080847,0.7438023394919154,0.00366037721650891,157.0,0.04263189750992439,-0.1562832977618587,0.0,-0.006596889635076705,17.0,0
0.030579629524053638,0.060235672759500834,0.024818138622815657,0.03509211838810701,0.014301943392142755,0.0,-0.011728308309460094,0.0041467803678885565,0.03526067377019692,-0.058147308382807655,0.5078814774012164,0.24874458492913024,0.2550998148409283,0.7449001851590716,-0.00439714871120831,43.0,0.04684480773320113,-0.10440841772773787,0.011728308309460094,-0.006717982448891169,5.0,0
0.030735225166853015,0.05604334183655378,0.024850062990647813,0.03579640715243106,0.014495125397635339,0.0,-0.0025069568735550623,-0.00029750412993585464,0.02893625908573,-0.030210523814606635,0.20556349728213313,0.24840716903840476,0.25479660622089695,0.7452033937791029,-0.0005555247133618277,114.0,0.05527652526618998,-0.09472700139233238,0.014205862819883584,-0.006717982448891169,5.0,0
0.026010022850729217,0.0554263667106114,0.025254479383483387,0.03558640023090777,0.013293439856195155,0.0,-0.0037335893979397895,-0.009634716884126237,0.007224425486004853,-0.03783850731999405,0.31122577233594756,0.24848762841528665,0.2548967034537509,0.7451032965462492,-0.003121948523447001,51.0,0.05013471157649382,-0.21215573266372423,0.017886413359010467,-0.006717982448891169,2.0,0
0.026330198502797938,0.05639114914788679,0.025283226835531438,0.0351112658302051,0.013357612870461126,0.0,-0.005103349226109048,-0.015330894392720932,0.005314475248345927,-0.056400369119062134,0.6161260917274752,0.24709031862406833,0.25340366250883767,0.7465963374911623,0.0018871712033331962,122.0,0.04737197612279158,-0.14456498147636837,0.022898481971345943,-0.006717982448891169,10.0,0
0.02608093289009133,0.05672967421973678,0.025234418608438173,0.03500618640938137,0.012241440724861163,0.0,-0.0021442249322114713,-0.01985700502398751,0.007262565990722381,-0.031361225971030846,0.56306302498177,0.2463409825463887,0.2527244444651365,0.7472755555348636,0.001346352392595732,67.0,0.04516503444802156,-0.20396626675023086,0.02499360740760466,-0.006717982448891169,7.0,0
0.027643311163931133,0.052248269911598456,0.028521753044657917,0.032446217729012225,0.017728082594092406,0.0,0.012382176859214522,-0.012920905815660874,0.02643013290950669,-0.06861855827647026,0.5420833515777708,0.251102812772659,0.2574300191962543,0.7425699808037457,-0.009705652472264112,137.0,0.06539542341766814,-0.18830547525837396,0.012920905815660874,-0.006717982448891169,10.0,0
0.028399495771710383,0.0510876473409824,0.028724912163266725,0.032580565247219154,0.015544053162191514,0.0,-0.006945250944405132,-0.008143620408189582,0.014086248627184316,-0.05184955332182059,0.35450590028312234,0.2489741408592008,0.25531027025075287,0.7446897297492471,0.003279734438972878,95.0,0.05032147501483361,-0.180721261594725,0.019776417826747217,-0.006914021181619052,5.0,0
0.028018172709149438,0.047678439541374816,0.026139328288233534,0.03266893482649553,0.01759860123816828,0.0,0.008038093049768876,0.002341841231503424,0.01275657860055267,-0.031352660721885056,0.4938735793331821,0.2511493370197543,0.2574956956161095,0.7425043043838906,-0.0026916810166993936,125.0,0.051956326889695356,-0.0595424685844346,0.011897289463660844,-0.006914021181619052,10.0,0
0.031224841526799597,0.04561994241822049,0.028288028252703157,0.03247550895919945,0.02171228378744371,0.0,-0.01354796308276735,-0.007532382455150023,-0.00013428917437339867,0.005855996491858134,0.36214190635063825,0.24627941890545424,0.25268745946482624,0.7473125405351738,0.009320765387972555,66.0,0.03704143655656495,-0.23002663503270884,0.025284068507989522,-0.01101084970470185,2.0,0
0.030589224665968265,0.04757835864679069,0.02863002306994517,0.034377784289169495,0.02138492330588059,0.0,-0.0026308580311284312,-0.005065927830165342,0.0039992014462873465,-0.008158252415588617,0.3871871414388206,0.24479962901996583,0.25109962254859397,0.748900377451406,0.004141487005018298,126.0,0.024734624171816166,-0.19779439015445302,0.027848407744424108,-0.01101084970470185,5.0,0
0.02980558396554609,0.04771940035112939,0.02908708945834544,0.03253789961252652,0.02141047867184026,0.0,0.0014298945376557922,-0.0015022733147270243,0.01212487755444468,-0.01880351369279623,0.5046600834289157,0.24398236702343196,0.25021141108850503,0.749788588911495,0.004480778521397185,95.0,0.02218792164067262,-0.18361426523124408,0.026458333492884477,-0.01101084970470185,10.0,0
0.0297230004228827,0.04728924857051795,0.03224979618316955,0.03141260158739669,0.017792492924034422,0.0,0.004898443631587785,-0.008883369886465157,0.011593062122600811,-0.025286651004818396,0.4800396859477838,0.24751960367909812,0.2538010592042383,0.7461989407957618,-0.010599411145037964,154.0,0.034323851966584454,-0.20894777647570772,0.021689494516497338,-0.01101084970470185,10.0,0
0.029673721125743825,0.04729392272177428,0.0337740994277699,0.02855555181914644,0.017703156379009218,0.0,0.005924622267383618,0.003961385530884364,0.011328560885071563,-0.019080751280255936,0.6717467263702017,0.24661528897382035,0.2528513535205718,0.7471486464794282,0.008142583817862523,144.0,0.037220182646911834,-0.18414465901367832,0.015893374311294454,-0.01101084970470185,17.0,0
0.030020702420738597,0.04765032259595632,0.033308501457157635,0.031103309106616028,0.017145529233005746,0.0,0.006599333319145188,0.0025284444321676865,0.01339663170843098,0.0013253193668924035,0.22369574273173554,0.24772836516593907,0.2540186810489617,0.7459813189510383,0.0003811434518459458,100.0,0.05216624560761767,-0.10687697610115124,0.009398926666795438,-0.01101084970470185,5.0,0
0.029618234984452485,0.04664444072548151,0.03417709221076452,0.03082935725857098,0.009426806946968338,0.0,-0.0027435578390556927,0.013508931244119832,0.01602121110973883,-0.005173680364567393,0.6618669389679657,0.24866442358235363,0.2550206840550456,0.7449793159449545,-0.0058347135681242335,43.0,0.041676344302439126,-0.07506566543687138,0.012116698006915736,-0.01101084970470185,12.0,0
0.02988449648451912,0.04535490261527452,0.03423377546327794,0.03181756355671642,0.00999408009223409,0.0,-0.0036683417134675948,0.012454658624460622,0.010275989211924961,0.006129206690057455,0.4071657499511262,0.24758332448054565,0.2539378211078846,0.7460621788921155,0.0015941756093066296,94.0,0.03817445786756163,-0.06604115688240833,0.015740591531655072,-0.01101084970470185,5.0,0
0.03059208554479323,0.04426390904595323,0.033530312985414645,0.030367326059537035,0.010937406577866174,0.0,0.007130646583425876,0.018218170376890955,0.01640933649056708,0.034090679193802924,0.44218336242328315,0.24739954354498456,0.25378491260060887,0.7462150873993911,0.006033420032049015,91.0,0.04705198328008525,-0.002915688374724378,0.008722185543455493,-0.01101084970470185,5.0,0
0.03063746776239285,0.04805707385800877,0.034754682332427976,0.031102904410291347,0.011378996687326334,0.0,-0.0014609250802881321,0.011774509511861028,0.01301251550074037,0.04292718306963757,0.4901861876078374,0.24881349849657824,0.25541265416016884,0.7445873458398311,-0.006925540104273206,113.0,0.051246237866643715,-0.05093183319599701,0.010170368164128266,-0.01101084970470185,10.0,0
0.03159633150920158,0.0512329648636858,0.034510224889699126,0.030901137833009882,0.014819164729228656,0.0,-0.010262908450612443,-0.0045071587064711375,-0.004591965850770799,0.023527339284101677,0.3903674226075714,0.24569378536125083,0.2521700137016645,0.7478299862983355,0.004987524171924446,54.0,0.03002019632386978,0.06475293053119602,0.020328899057363237,-0.011508498330632947,2.0,0
0.03269221382277365,0.05099708563526139,0.03387601872770154,0.03085800481789838,0.013959393623685616,0.0,-0.009111487870276122,-0.02004463176771435,-0.015559129042241293,0.017564836292393155,0.32670683871865136,0.2443126412360772,0.2508118724885242,0.7491881275114758,-0.00127367837851213,79.0,0.021821569198837543,0.06046372190801385,0.029255160410462125,-0.011508498330632947,5.0,0
0.03267537729953327,0.051249498183261515,0.033932110517950594,0.030486988108676106,0.01439197560174602,0.0,-0.007379930069960887,-0.024600569102100997,-0.028323204939293287,0.019233685498391113,0.6189183672369,0.24350784162446185,0.2500954823249696,0.7499045176750304,-0.0023599445155560225,101.0,0.01773225452081067,-0.0005529146619172497,0.036419189442408316,-0.011508498330632947,18.0,0
0.033051003369807326,0.05063787016022879,0.033757957690493084,0.030385529144677226,0.01629314998304457,0.0,0.0041679623721204186,-0.01692890025382754,-0.02490904533732257,0.027474901944431213,0.44631809464409644,0.24469188667866076,0.2512916696710831,0.7487083303289169,-0.0017109075381067675,131.0,0.024814203350041523,0.00814050717915723,0.032403020881506976,-0.011508498330632947,13.0,0
0.032944948465943466,0.052527807398125015,0.03367929566088668,0.030623246970834846,0.013319072320758211,0.0,0.0012636990609908231,-0.022655691085383817,-0.026076260144814175,0.05253453714660536,0.6471891342194536,0.24576155475003822,0.25249984676317566,0.7475001532368244,-0.0035154580051606037,63.0,0.021557012349045803,0.04592261441358978,0.03118026948757738,-0.011508498330632947,15.0,0
0.03304185749620084,0.05251587899786916,0.03332080423559278,0.03041358286453537,0.015952890555371156,0.0,0.005754281949519598,-0.015593632418535633,-0.025605407599951304,0.04004382283524404,0.3066458407630989,0.2465674903175383,0.2532624161942714,0.7467375838057286,0.001078421004606635,34.0,0.024271775451633393,0.0004610511374445252,0.025605407599951304,-0.011508498330632947,0.0,0
0.03131137214917464,0.05355321994280003,0.03288267885370911,0.030736122923633532,0.013726812494016145,0.0,-0.0033827687510765056,-0.008750549151371611,-0.017377054319448755,0.0350010275430894,0.6031657545787477,0.24563968584254037,0.2522501209211047,0.7477498790788953,0.0012993578436024413,79.0,0.017270892807303095,-0.037267888606773714,0.020356930560327037,-0.010090195363561994,10.0,0
0.031320425371758755,0.05427381788823357,0.033482475749746,0.029868465820512217,0.010926256953961235,0.0,0.0013954438840528066,0.0017602098332063316,-0.013532828483398911,0.04179851284927692,0.5929661542712465,0.24469280507398486,0.2513397300211857,0.7486602699788143,0.004862128764171303,106.0,0.015011841171172708,-0.02295778501810206,0.01898989363052273,-0.010090195363561994,10.0,0
0.0316346469942509,0.06421799183636107,0.03412439773397244,0.02993631804527342,0.0076209232402400075,0.0,0.005221508987122138,0.014477684138268065,-0.004665812110512824,0.008116021538313924,0.409431543915161,0.24413049849785512,0.25050805358340106,0.749491946416599,0.006487675626198824,32.0,0.00252490556356793,-0.11717667398351754,0.013867540543656857,-0.010090195363561994,0.0,0
0.03132427653332024,0.0627537979048103,0.0341620412772993,0.030890008461816307,0.008427169419484267,0.0,-0.002422864035379745,0.007819190180102582,-0.0019841480920551957,0.017026538314013132,0.6598011936884276,0.2440012520188275,0.2503544240789412,0.7496455759210587,-0.0012667972565291491,149.0,0.0033197824503664515,-0.15180265091381204,0.016256805413794206,-0.010090195363561994,17.0,0
0.03147362281027766,0.06800119198602794,0.03466183035117881,0.03107131365291304,0.008736304693896054,0.0,0.003836896309202223,0.010409234710128145,0.0039979326457234435,0.034611329063456944,0.5682456656717269,0.24344148107554173,0.24994215818837248,0.7500578418116276,0.0050242269842519765,1.0,0.011289533886111855,-0.07822378438488256,0.012482284781283588,-0.010090195363561994,5.0,0
0.029306209973089806,0.06574830066001042,0.03260623911006179,0.03167496668138625,0.009442871682958084,0.0,-0.005290558116879891,-0.0006867244115717188,-0.013528442063125286,0.05141685478808886,0.41705664555281596,0.24369207553694827,0.25023681253996083,0.7497631874600391,-0.005026265383853402,7.0,0.012544132324594443,0.030460143686177252,0.017706804645096653,-0.010090195363561994,0.0,0
0.028680864131150754,0.0657835561445618,0.03257175160188718,0.029797371533615426,0.009272106433620897,0.0,-0.0028602239870145255,-0.0001627660618229629,-0.0094704957004463,0.05302516511553795,0.6988193761926325,0.24242174245986334,0.248980365909937,0.751019634090063,0.0030376644390380228,110.0,0.004482349169678847,0.03077070832852319,0.020516383204731894,-0.010090195363561994,17.0,0
0.027451517751718855,0.06714102316984764,0.03306538611570596,0.029074495031006516,0.009470202637074342,0.0,-0.0030123306525545995,-0.004563681931193498,-0.020328984866313664,0.039970131786728404,0.3582071599255008,0.24304120289075848,0.2495606848105425,0.7504393151894576,-0.004744170346292517,93.0,-0.007831734559077569,0.05406756026622434,0.02346691172727932,-0.010090195363561994,5.0,0
0.025855186773921478,0.06561111752291064,0.031112570471365168,0.030615674197219615,0.009788866661195026,0.0,-0.009617443531621368,-0.019258186701728717,-0.016425484306157114,0.023671073263552302,0.5660491194639578,0.24183917135967775,0.24838820077920454,0.7516117992207955,-0.0023599171659413865,29.0,-0.01655756771580436,0.1751076833556135,0.03285866356050204,-0.00954155018241958,13.0,0
0.026181110498577357,0.0639806620725143,0.030872809005192223,0.029616766733423342,0.011898934699253051,0.0,0.004084432305687628,-0.012860708869564407,-0.009803073242046267,0.03599906049558731,0.2221614956054997,0.24189278003706122,0.24840591445642238,0.7515940855435775,0.002884803632684157,156.0,-0.005843076260446573,0.15064013904880183,0.028908440241782647,-0.00954155018241958,5.0,0
0.026307700292064955,0.06675616025090583,0.030592109544321486,0.031434175152451005,0.009939576723147011,0.0,-0.00372569636496939,-0.020297507017687583,-0.014900834248829114,0.06692309188915553,0.5077311591428919,0.24193482421393678,0.24862464543435123,0.7513753545656489,-0.0031473010316440207,31.0,-0.0029566274851105614,0.1148405218498593,0.032526432536026294,-0.00954155018241958,13.0,0
0.025719331526251533,0.06826883270824341,0.027152040035395023,0.0317561265653752,0.010159108338892928,0.0,0.00020203445844124061,-0.01488777990301268,-0.019504711175708834,0.05510095940469958,0.48537821520765995,0.24142148624314946,0.2480143653784926,0.7519856346215074,0.0023634059987234723,4.0,-0.0081377683814514,0.11900115264897976,0.03233096953776749,-0.00954155018241958,13.0,0
0.02528737216714394,0.07660414103896347,0.026378580317517962,0.03347245894679476,0.011733711546793235,0.0,0.004033392353698116,-0.008077314749321066,-0.02134813162631125,0.017752723822250883,0.3031226548949251,0.24376060556562215,0.2501707552123116,0.7498292447876884,-0.006338166873895237,157.0,-0.010261414350150875,0.017789256122967657,0.028427980669390653,-0.00954155018241958,5.0,0
0.024588749207025196,0.0760659469950908,0.026621192778539103,0.03165724865176439,0.012376722600976059,0.0,0.003752936481170233,-0.001346417118345571,-0.024115500420836326,0.012012618007286917,0.4878885709050164,0.24518428936932388,0.2516404877191439,0.7483595122808561,-0.0030169839824700055,42.0,-0.011041935190007804,-0.0111991774946119,0.02478173259396058,-0.00954155018241958,5.0,0
0.02533074734385349,0.0781862574446027,0.025756512054300396,0.030948343599567083,0.0077174811828987925,0.0,0.005548181128908063,0.013945860905898543,-0.01600145954699813,0.027485560663810842,0.38616638992162355,0.24555866523886985,0.2521129388589505,0.7478870611410495,0.002528818233853436,17.0,-0.0002366111987257034,0.05133889686074234,0.019371045006171973,-0.00954155018241958,0.0,0
0.02514405539264219,0.07874362394289838,0.027214815713009752,0.030087574638749608,0.007856804658899048,0.0,-0.0007038827719433051,0.009110518281844109,-0.013073696239035619,0.01854561245685378,0.34154152883391775,0.24376761509240044,0.25022462614821156,0.7497753738517885,0.006882890619109431,60.0,-0.002932052188622971,0.05081854510711589,0.020061292833260896,-0.00954155018241958,2.0,0
0.02401690930549668,0.08082531401546011,0.02683992643914473,0.029125740425416595,0.007610051212234226,0.0,-0.003350590446782068,0.009490457146202554,-0.023344666103925743,-0.01641611988871142,0.5004321480925477,0.24441053916133246,0.25076351369690725,0.7492364863030927,-0.005009938335212127,161.0,-0.007318400094717918,0.030290504795341733,0.023344666103925743,-0.00954155018241958,10.0,0
0.024014897042993897,0.07689104170075978,0.02687972095829112,0.028003412274248244,0.0077756181260582565,0.0,-0.0005507447508303169,0.008730687217810874,-0.022454433066581923,-0.05385847614329018,0.6927451881761275,0.2425812636340513,0.24880843448719014,0.7511915655128099,0.007221683419879558,105.0,-0.009734106224180788,0.0368812639674291,0.022454433066581923,-0.00954155018241958,17.0,0
0.025480369179035605,0.07582251770208878,0.0261712482879925,0.028798720809582592,0.015107907268832417,0.0,-0.01358392236776609,-0.00896904878823491,-0.025734538925154506,-0.03289796629595918,0.31983546277560143,0.23975390153762569,0.24602709461567251,0.7539729053843274,0.0013149280727688404,163.0,-0.030208332651995663,-0.08148707693019398,0.025734538925154506,-0.00954155018241958,5.0,0
0.02638528642213174,0.07599725380754341,0.02918679044968191,0.02953624867837434,0.0162686693570737,0.0,-0.011647263161478695,-0.024174059848236687,-0.028227774292224988,-0.03946717848234863,0.47072825369539645,0.2351924995854666,0.24137675255159713,0.7586232474484029,0.010419958289780089,10.0,-0.04334770375167829,-0.044691785489263856,0.03632788761272882,-0.011342790217000095,13.0,0
0.027328715613381783,0.07520627561465018,0.029012493740747967,0.028708798263129904,0.013129411928078387,0.0,-0.01064275789897381,-0.03988642310972147,-0.03142207345819353,-0.04786815911678087,0.5645845111258136,0.2335628077318891,0.23977411711338004,0.76022588288662,-0.001242839063637354,136.0,-0.05885530457131287,-0.020997341377522467,0.046584016598859225,-0.011496587372102962,18.0,0
0.02748586179178802,0.07943116824762893,0.0290804050491582,0.028660613557905144,0.011338771402971856,0.0,-0.008010231984314829,-0.04690628934892809,-0.04316864443115596,-0.07593739705091655,0.5371367028609169,0.23267079648949843,0.23873142910271863,0.7612685708972813,-0.0021630460114698082,16.0,-0.0670024000471921,0.04675179164726304,0.05422109980345602,-0.011496587372102962,13.0,0
0.02779779994514622,0.07651507179836121,0.02850983208491317,0.027926227243928015,0.015106802568956003,0.0,0.0033698079722593536,-0.04047958663394918,-0.041155996767573845,-0.09780015842255822,0.6718277705058975,0.23290922478509907,0.23891788107395384,0.7610821189260462,0.0015961152289768819,123.0,-0.06615906243415763,0.010985833561147353,0.051034006525579025,-0.011496587372102962,25.0,1
0.02720669427240692,0.07772677318582438,0.029438322231595548,0.03404096130544721,0.013463628803655146,0.0,-0.007266674642176545,-0.046927209453854535,-0.0535696313584174,-0.08531196719024078,0.4530153372741972,0.23270360472602092,0.238810175557734,0.7611898244422659,-0.004756576219313506,127.0,-0.07780336671245729,-0.022545902856401605,0.05792983364664747,-0.011496587372102962,18.0,0
0.027193248613666125,0.07722162129297526,0.029426882982120105,0.03635363192049162,0.012480156484368125,0.0,-0.0029832256367592607,-0.036684842318674,-0.05319020812037283,-0.07687873863995401,0.6174908152510044,0.23201441581137405,0.2381019651477949,0.7618980348522052,0.0006923742300020916,21.0,-0.06964297330405109,-0.027491967950168214,0.06074024151853886,-0.011496587372102962,25.0,1
0.029868178532661497,0.07634197011856601,0.028879435947199394,0.038814373223809,0.018167170162510307,0.0,0.010765692107665703,-0.01483966626516966,-0.044330728256904824,-0.09805173503630049,0.6717662528052769,0.2339851373314813,0.2399839023861796,0.7600160976138204,-0.00016950743929143683,117.0,-0.05726363659825888,-0.09615980887819843,0.050628460149606994,-0.011496587372102962,25.0,1
0.028983203445615235,0.07202336676965947,0.028721072921146507,0.040038445306553025,0.015905605216254105,0.0,-0.0028049419215460626,-0.007035098738401166,-0.05196151652196861,-0.054795256822506605,0.27999557250215185,0.23204011073027786,0.23808370318074612,0.761916296819254,0.006147085274728898,91.0,-0.05638488595941262,-0.006410883043101725,0.0532913921808561,-0.011496587372102962,13.0,0
0.030108852736640327,0.07329447029105958,0.028663435325255112,0.040561427580446625,0.0150280791848213,0.0,0.006140565848674419,0.007129609433049287,-0.04382333774063667,-0.03770951614336285,0.35634161636147377,0.23272783373257597,0.2388262201726002,0.7611737798273998,0.0016667741804611107,13.0,-0.04572053384072629,0.04550687913749614,0.04747806563503576,-0.011496587372102962,8.0,0
0.030013226440747463,0.06615857063733807,0.029029726159188977,0.04102379692751916,0.016647439918421224,0.0,-0.0074947298263180655,-0.00377563968129759,-0.05461696018674304,-0.07050828004969707,0.6192824061847677,0.23268655084962397,0.23879559149045748,0.7612044085095425,-0.00554057612264319,58.0,-0.05083738246916035,-0.03482792890640451,0.05461696018674304,-0.011496587372102962,15.0,0
0.029865333471225046,0.06631646004629156,0.0292589227337922,0.040863128574586884,0.015110615848401903,0.0,-0.0015761472091971374,0.0019348989971058716,-0.05108674228876791,-0.07921099024647567,0.5190976668007723,0.2337737285255808,0.2398660120812532,0.7601339879187469,-0.005789823896975314,166.0,-0.06392406031864578,-0.03137331208062404,0.05108674228876791,-0.011496587372102962,18.0,0
0.03033741661748089,0.06855995850845592,0.029481509324973634,0.04096137801956977,0.01664891894425573,0.0,-0.007627658231205397,-0.002732443842122916,-0.05562360027839476,-0.06877379372605909,0.6912039277316677,0.23336606603055765,0.23959177618954242,0.7604082238104576,-0.004209206456161285,73.0,-0.06456731291156119,-0.07664919126114436,0.05672659683882822,-0.011496587372102962,25.0,1
0.030331878470198137,0.06811150832852185,0.031143041346154993,0.041900950769578234,0.011255985346640462,0.0,-0.00266463700855254,-0.01598341941510494,-0.05529425450830749,-0.06418131506286712,0.5242679597001288,0.23505282180163756,0.24129870421900224,0.7587012957809977,-0.009138019713180377,153.0,-0.07449916331152767,-0.07936603795144896,0.059240078058074776,-0.011496587372102962,18.0,0
0.030705152563528026,0.06806976698958389,0.033234916082004906,0.04144956395416668,0.01428127431425358,0.0,0.006985371895745991,-0.006322489943684676,-0.039457167088772706,-0.06578654286836413,0.6279969086642974,0.23857865470405054,0.24486229424151282,0.7551377057584872,-0.00948167946518794,160.0,-0.05523454831614777,-0.06584776732493648,0.05266852013869746,-0.011496587372102962,18.0,0
0.032348397004080834,0.0723890547696465,0.035595463455274944,0.041154276244100285,0.01584196001963612,0.0,-0.013905919099924112,-0.02612065923059996,-0.05666737625866634,-0.043286686805312294,0.47187112445888957,0.23373962922716393,0.240122505846542,0.7598774941534581,0.009746491345052274,56.0,-0.0659149350608143,-0.18526490781071708,0.06584203505846012,-0.01329342348682298,27.0,1
0.03285006093002564,0.06798136280799012,0.035663688106396356,0.03929366842077066,0.016885078913456714,0.0,0.0036537127907397813,-0.015181434752118516,-0.04968010641228265,-0.06267276400537382,0.6652464057551499,0.23524754980091309,0.2416635246228005,0.7583364753771995,-0.0036415199436334676,107.0,-0.06384066562999814,-0.16552984609813676,0.06242889015338177,-0.01329342348682298,37.0,1
0.03302795805188705,0.06737161519797465,0.036441520850232875,0.04336381217242252,0.017403243346723905,0.0,0.0020431875335153483,-0.011611419834599556,-0.047930775443034535,-0.056745854323772396,0.27683067797616645,0.23422870643766786,0.24056593703724688,0.7594340629627531,0.005967999740833447,121.0,-0.06650061068729922,-0.16266099223073602,0.06051325654995901,-0.01329342348682298,25.0,1
0.032532503995928296,0.0636121853687859,0.035734247743949545,0.042386097552533225,0.016638926801289814,0.0,-0.0047399449107265535,-0.00873529889831315,-0.05625004497104941,-0.0476293514080494,0.2582295065038277,0.2341729112368273,0.24038718471361553,0.7596128152863846,-0.003242402333946568,130.0,-0.07639734323333276,-0.05483630225572002,0.0649663719582701,-0.01329342348682298,25.0,1
0.03311165137572458,0.06326320604336642,0.035585363742553666,0.04323608795082344,0.019130641801014137,0.0,-0.0116387524982951,-0.01765479001302655,-0.07072163977715087,-0.05194976063027222,0.2352890531402792,0.23248112452889333,0.23872648416161316,0.7612735158383869,-0.0017279620377576856,127.0,-0.0931316524641791,-0.08716216560232362,0.07584899693263071,-0.01329342348682298,25.0,1
0.032181652027015964,0.05940074861095194,0.03667140448016514,0.04382879354023607,0.01655630840761931,0.0,0.0006891723345240292,-0.02379692638631323,-0.07521209762839405,-0.07076353371660694,0.5639441372548426,0.23439000624673606,0.24067626855700633,0.7593237314429937,-0.007595201682497637,150.0,-0.09001005383774656,-0.19139739335968706,0.07521209762839405,-0.01329342348682298,30.0,1
0.032089341156777675,0.0593351713671728,0.036310117584804374,0.04455167794202115,0.012651008359212125,0.0,-0.0042143843184360924,-0.014202602452143649,-0.07846085373329989,-0.07002549214579595,0.5511690120943901,0.23227771457309612,0.23848669543790643,0.7615133045620937,0.0058930876000045625,41.0,-0.09050877660397094,-0.1826974500870962,0.07846085373329989,-0.01329342348682298,25.0,1
0.03251870242369573,0.05762028925676207,0.03583471744396695,0.044976961025531684,0.01193431309345506,0.0,0.0020017942305720496,-0.015825131215621537,-0.07351183960779008,-0.038180938180085874,0.2861848829356802,0.23300655227839237,0.2392940642556832,0.7607059357443167,-0.00166705195291191,85.0,-0.09514039636138662,-0.14788846307636022,0.07351183960779008,-0.01329342348682298,25.0,1
0.03259513254165896,0.05819757678198291,0.0360013563153193,0.04606137565161379,0.011335026221363358,0.0,0.0002784607840666846,-0.01755838956085711,-0.07274316715485776,-0.04075246862741445,0.63750588003693,0.2312866042276539,0.2374286727219214,0.7625713272780785,0.00776913453206421,46.0,-0.09356419364350975,-0.1557902522966277,0.07274316715485776,-0.01329342348682298,25.0,1
0.03451648168676527,0.060131837485805195,0.036084549684119394,0.04667456482805847,0.01826842770479481,0.0,0.013265688631290977,0.00021534055474571698,-0.04750383273740727,-0.06415221886890411,0.6653448223125844,0.23438446853639763,0.24040997808994258,0.7595900219100574,-0.003065486899923347,107.0,-0.07201588242988695,-0.2311215824704941,0.04750383273740727,-0.011645986562001156,25.0,1
0.03308113787236898,0.06037754802620663,0.034140170643266764,0.04590074567467176,0.013583063213133082,0.0,-0.0018526123059529349,0.010118852625804654,-0.0380645232157827,-0.06673791688939584,0.6781201996873049,0.23266991287460048,0.23860547267662618,0.7613945273233739,0.0060085347336018575,100.0,-0.06521782073813141,-0.25981898252701535,0.0380645232157827,-0.011489353308396906,25.0,1
0.032498824763813654,0.06032158974087965,0.035531510844071405,0.04660103107089861,0.016389275533343035,0.0,-0.008222828103046078,0.0011228727496582435,-0.03571166600407759,-0.06784356456857248,0.6268707796377921,0.2296029602292579,0.23550549897930073,0.7644945010206993,0.006969797556336256,42.0,-0.06601160486977652,-0.25643189142114303,0.03571166600407759,-0.011126363839007747,13.0,0
0.0319251045372753,0.056810623885062125,0.03638738224727667,0.046309952601884724,0.01566236889241744,0.0,0.0015650027705025667,0.006933236460576503,-0.026403820835661774,-0.058347457800084074,0.516407904409764,0.2314630358857441,0.2372943918024241,0.7627056081975759,-0.006718320955461852,64.0,-0.06843264811353911,-0.3973791860993155,0.0332960424900905,-0.011126363839007747,15.0,0
0.03175140335348604,0.05794698790092929,0.03645864440156801,0.0465573766445637,0.01565716252577969,0.0,0.0018980644510008424,0.006828996165536729,-0.027831892377801273,-0.06625223295044315,0.6126762884975603,0.2313103773884466,0.23704195259967278,0.7629580474003271,0.002205799676410684,30.0,-0.06784243987263887,-0.4025028054518264,0.03146117607369912,-0.011126363839007747,13.0,0
0.03332600798699706,0.056949471653088175,0.036423747664736376,0.04322863469914591,0.0180663956197592,0.0,0.011260649215998604,0.017883103784684728,-0.009688375972714767,-0.0851158485513724,0.5411759316240716,0.23439400161733034,0.24007644358586996,0.7599235564141301,-0.004568939779879674,100.0,-0.06273900460181209,-0.3925045557204211,0.020554800125389208,-0.011126363839007747,10.0,0
0.03396189541230126,0.05700572007916679,0.03684622652963394,0.041484657572163366,0.015156183937011793,0.0,0.006942643954130025,0.011531245221259308,0.00017074002933494412,-0.08316999555262543,0.5926265570194589,0.23685424538392558,0.24255094565832494,0.7574490543416751,-0.005121441910694289,139.0,-0.05302854978873269,-0.37466517730409316,0.013754860830078066,-0.011126363839007747,10.0,0
0.03232031195778146,0.05660792199763725,0.03688644741366946,0.039376896469073844,0.014581295279791805,0.0,0.0030183861780455237,0.01646755745604132,-0.007495357826345434,-0.08031484453933092,0.6258747418004365,0.23725703815680307,0.2428934058281328,0.7571065941718672,0.0006532601062915215,18.0,-0.05149381141226227,-0.35354475082519354,0.010777992133842989,-0.011126363839007747,5.0,0
0.0343957853596733,0.0561081223433617,0.03625184597386063,0.0383494751499636,0.010550012975286698,0.0,0.012120685372226162,0.037317524604138314,0.007360065148742423,-0.08195196636207729,0.20308803798432967,0.23852366259480012,0.24418532865597684,0.7558146713440231,0.0038003476717914796,16.0,-0.04498389152005533,-0.21870361617544246,0.0,-0.011126363839007747,0.0,0
0.03516901885788537,0.05841470281337133,0.037289630739963324,0.03838388412008341,0.017779549737080413,0.0,-0.009560217449734175,0.02579517121957598,-0.008359748387480683,-0.11804933447762503,0.23123328386668662,0.2353429138747319,0.24082767712220576,0.7591723228777942,0.006290027632162276,102.0,-0.051816734051106046,-0.1469010934732791,0.009560217449734175,-0.01132697224101096,5.0,0
0.034757927538948935,0.05909801116784373,0.036737223856931164,0.03825584549275382,0.01975938290295506,0.0,-0.005110446399644603,0.01861949452838331,-0.0059775429844521576,-0.10951824047313405,0.5295896504667836,0.23475934207800833,0.24028079594334834,0.7597192040566516,-0.0014577909943784316,124.0,-0.060268027943998825,-0.17030422073433119,0.014621806870532965,-0.01132697224101096,10.0,0
0.03545255160751903,0.05905119421948111,0.03659990666528013,0.03869976182366064,0.019417907074276618,0.0,-0.0074376635445130455,-0.00021488403406958115,-0.011813219739550972,-0.10887327302844081,0.39215818594149154,0.23235090181338464,0.23781136139993525,0.7621886386000647,0.004657349446210786,32.0,-0.062296463115883854,-0.1577385680602145,0.021950718335130136,-0.01132697224101096,0.0,0
0.03480776086106268,0.05608893795307643,0.036327184524927905,0.03888101609829393,0.01793054815430129,0.0,-0.0030780368163116066,-0.010164336017543168,-0.0072827874127345295,-0.11869489394461817,0.4266401981149185,0.23117598818506385,0.23665112088814508,0.7633488791118549,0.0026823541341359776,62.0,-0.06250129283517082,-0.10509828263174446,0.024961190032261726,-0.01132697224101096,2.0,0
0.036325877997574196,0.06265431136271933,0.03408533047017212,0.03765306198982097,0.01883609942977904,0.0,-0.011078768700932558,-0.024076211265480898,-0.01565795756106636,-0.0920345073528531,0.5232317651232667,0.22916298622199505,0.2347798787777028,0.7652201212222972,4.098429984444346e-05,52.0,-0.07008641697891196,-0.22283610954419616,0.035763419482326836,-0.011554754928690718,15.0,0
0.036008642027177795,0.06265437302234357,0.031971469638843085,0.037897482334347025,0.0131654744335432,0.0,0.005299981236309273,-0.03065298369822015,-0.017305450097024666,-0.09203278025834116,0.2713006622222694,0.23108350773201958,0.23670692424287276,0.7632930757571271,-0.004248186806603884,27.0,-0.056079793149772655,-0.2263134484139257,0.03065298369822015,-0.011554754928690718,8.0,0
0.0334224444681106,0.05693434444594615,0.029631801564621092,0.03791689272267132,0.01247397575627214,0.0,-0.001712971909877131,-0.022972855956721817,-0.005154537741910211,-0.11071857170398541,0.6875756340943282,0.23071499730654632,0.23634674933626842,0.7636532506637316,0.0002698443368004937,7.0,-0.06152981987091622,-0.08274479946032233,0.03231344790806831,-0.0108509860132528,20.0,0
0.03504152189906177,0.05817914652437898,0.035508278932850273,0.03780178937101904,0.014499730757080349,0.0,-0.011838450643796952,-0.02958006451367864,-0.02051073908605152,-0.10465206053962985,0.6842362419915189,0.22488750710125416,0.23049404848532273,0.7695059515146774,0.016573073668214835,69.0,-0.06917186979794457,-0.16885263510149479,0.04376935739367469,-0.011554754928690718,22.0,0
0.03562123188323554,0.05947278968206872,0.03558305642205061,0.032446880219459594,0.014636522303675662,0.0,-0.008158704106781996,-0.03028501987035556,-0.030483007174890563,-0.1147422153229128,0.4741162032444352,0.22443833814849287,0.2299829450856356,0.7700170549143645,-0.004245591939115588,147.0,-0.076952708446197,-0.11916200608087803,0.0515709602645377,-0.011554754928690718,18.0,0
0.035635800688926626,0.057346726283449646,0.0352284648483729,0.0325540622869621,0.016274279099827732,0.0,0.002663370330902328,-0.02470030138356773,-0.02327118359843194,-0.08671694630529302,0.26372101045996654,0.2250541236314429,0.2306384665572404,0.7693615334427597,-0.0007165239632623768,104.0,-0.07821222344554,-0.13702635150154105,0.049044942499140085,-0.011554754928690718,13.0,0
0.034699812716757844,0.058555711111665944,0.03564892996400719,0.03173697840269452,0.016903142506001775,0.0,0.006967435188078397,-0.006902668309189557,-0.0048839798077191035,-0.0790007446257832,0.6290910257831142,0.22717791081424676,0.23282625843056162,0.7671737415694384,-0.004052943435685421,40.0,-0.0752602165242296,-0.06928202151545922,0.04241922476922748,-0.0108509860132528,13.0,0
0.03837093636236831,0.05850945986100504,0.03445117719102349,0.030972941487408208,0.02314075677648981,0.0,0.016538511212911153,0.004199444831372593,0.01087708912694798,-0.08060078677007068,0.48656009219636037,0.2286018079050841,0.23417801434073215,0.7658219856592677,0.00645342620586509,121.0,-0.06515309719077482,-0.058233721402630015,0.026582264380805198,-0.0108509860132528,10.0,0
0.04447776309577153,0.059215658348124804,0.035159874083844724,0.03130410523038174,0.03109625237295062,0.0,0.024179277941354948,0.03024504313568627,0.03970106710255457,-0.06715875944810618,0.40838125101793143,0.2308902691757559,0.2364278191081964,0.7635721808918036,0.008436848600689184,128.0,-0.04187476624973477,0.030329961597743427,0.0030457263982243154,-0.0108509860132528,17.0,0
0.044512881806611955,0.05751340058611296,0.035390419805713405,0.03218040598783732,0.025392322507387717,0.0,0.003489713775801998,0.04622599829827998,0.041244968069444804,-0.07725627957716971,0.5338100249677866,0.2300672662435167,0.23556892571950128,0.7644310742804987,0.0062776790353732915,118.0,-0.03529886501569473,0.031985334152314436,0.0,-0.0108509860132528,17.0,0
0.04549805423220726,0.05660754905425227,0.035862854923022894,0.035429287414680675,0.025261712919176813,0.0,-0.007947792860279513,0.04644847424310911,0.03268180736065145,-0.07230619694235439,0.5681482536940441,0.2265652416467119,0.23197024027958632,0.7680297597204138,0.00931529511375767,127.0,-0.042438737969965036,0.052004540149407974,0.007947792860279513,-0.0108509860132528,17.0,0
0.04726695131142511,0.05603954699710029,0.03536969280500377,0.03656784809556162,0.03410616737911549,0.0,-0.0171591605199575,0.02576031730198792,0.0016739596039321053,-0.0702925562038834,0.2111450328277119,0.22363392099452994,0.22897000370368212,0.771029996296318,-0.0002981583566885015,89.0,-0.045909392630509534,0.22098776087726507,0.024970575926768105,-0.011724498352367293,12.0,0
0.047268315376831585,0.05724313214249333,0.03579179779560568,0.03680628123187881,0.034013686582331434,0.0,0.0022884694949724805,0.020994028774386223,0.005829672333050819,-0.05098698407379376,0.40666007987735864,0.22226096107604254,0.22761069732723024,0.7723893026727697,0.007922994267114966,113.0,-0.032456754580593696,0.2215261621804472,0.022739250833075927,-0.011724498352367293,12.0,0
0.046989728822426496,0.061559482793868296,0.03594016059576517,0.03553791685665269,0.031648960818131136,0.0,-0.0065163123988042655,-0.002161844792983252,0.007560367674974951,-0.030498090343191807,0.5963809199996188,0.2219502291886694,0.2274405099550198,0.7725594900449803,-0.003790345819427658,53.0,-0.02842129165437937,0.15683424696075834,0.029107387169737098,-0.011724498352367293,14.0,0
0.04710512289544214,0.05980877225133756,0.034788955772129,0.03542243030512815,0.01693643884913672,0.0,-0.003285967181786932,-0.02892070441477857,0.0026803598320601237,-0.022711909022138432,0.5003152782940639,0.21977872068338467,0.2251754873790902,0.7748245126209098,0.007370966147216687,11.0,-0.02379423274438247,0.18110438855838343,0.03229770843253671,-0.011724498352367293,20.0,0
0.047322105462320546,0.058264054355727596,0.03530712582010956,0.03672601366611314,0.014335803454240622,0.0,-0.0048857750187296526,-0.03702568411424446,-0.004108776550072259,-0.004750537292503992,0.600252021368944,0.21739876200739822,0.222782153847845,0.777217846152155,0.007084809204029296,80.0,-0.03182631390112749,0.18752347506300548,0.03702568411424446,-0.011724498352367293,25.0,1
0.045872514838704366,0.05939346974231956,0.034773817362173616,0.03669582097780604,0.01489180833303567,0.0,-0.0010490021859756943,-0.03032910284340505,-0.016231342383577606,-0.009918573391523196,0.6947433406553636,0.21786750870017352,0.22318318974857537,0.7768168102514246,-0.002884014602829776,75.0,-0.025762463008738416,0.23785261719975576,0.038035846276647065,-0.011724498352367293,32.0,1
0.04622284989542616,0.059720135897008815,0.03327669245512944,0.03726801486181838,0.012574701959731586,0.0,0.00884255860779498,-0.004675803446973613,-0.014375152758831824,-0.015574485313862373,0.5187246237760141,0.2183988583648439,0.2236452871066666,0.7763547128933335,0.004494668855213006,74.0,-0.014206867143500617,0.21485853932201773,0.029529621868750418,-0.011724498352367293,17.0,0
0.04612391785555829,0.05942998660585499,0.03467458035375021,0.03683398464791287,0.012380348694057521,0.0,0.001383251995311074,-0.005574731158882951,-0.015981931758384853,-0.01332138425625707,0.2410128499275166,0.2197454434408699,0.22497991364667272,0.7750200863533273,-0.005009790946235058,138.0,-0.02335749928744496,0.22322896075142407,0.028187216781810076,-0.011724498352367293,12.0,0
0.044247591114164105,0.05975591945169753,0.03654064073282425,0.040833327931194284,0.010830232717530024,0.0,-0.0011945339961730674,-0.00024790900287213335,-0.028927439769899203,-0.03876303236428194,0.20241102202830552,0.22099950821739744,0.22619208431936177,0.7738079156806382,-0.006512047983960861,97.0,-0.021780282462449563,0.1723819134230581,0.02934808018927977,-0.011724498352367293,12.0,0
0.044029072254741314,0.05356369620784535,0.037733322113855314,0.03927869492488269,0.013084191282595999,0.0,-0.008321262506328685,-0.005298552280427774,-0.02771271155512109,-0.013388972689764377,0.4458969212285647,0.2209991797355131,0.22622553320403352,0.7737744667959665,-0.006470809093543467,164.0,-0.035840788646866135,0.10134780673558866,0.037425129616296675,-0.011724498352367293,20.0,0
0.04552324631497355,0.05463211307218859,0.038532595450542766,0.03857376693747898,0.017372482203102786,0.0,-0.01348202133281483,-0.013891232838014517,-0.03589409798372444,-0.006288424161382777,0.3092663508241042,0.2197908220338017,0.22511896322599947,0.7748810367740006,-0.005145063249232536,61.0,-0.04165708245459075,0.04596000921562541,0.05040258455324123,-0.013235485729462149,17.0,0
0.045188623771339254,0.054310261846879454,0.039262765476473026,0.039032396208416024,0.017359207640592105,0.0,-0.003863205995599358,-0.016669258041776512,-0.03242211895244184,0.007908627076274133,0.6675893874021588,0.22029462333319927,0.22568754314922754,0.7743124568507723,-0.0053199696190453,104.0,-0.04385232907638576,0.020258441499843766,0.054071074982000804,-0.013235485729462149,32.0,1
0.04516221097586039,0.05461979907172288,0.039264961236827656,0.03882982075114599,0.012581852299903912,0.0,-0.00033907518957718293,-0.025618704808592272,-0.029763777793417785,-0.0040398820967948975,0.49192332740677963,0.22035656964104916,0.2257138255643259,0.7742861744356742,-0.0005063988183212574,95.0,-0.036829801939882986,0.020687132835900048,0.054391816011577825,-0.013235485729462149,25.0,1
0.04654279847367762,0.052035460121441245,0.04026946946720275,0.04059612583556141,0.021343683279102844,0.0,0.014641235345793976,-0.012718218443427722,-0.004529736120904356,-0.01064999954535715,0.3557399139408255,0.22102690357370067,0.2264110696807685,0.7735889303192315,0.008241122187481947,163.0,-0.020116767266026767,0.22964022411141863,0.040546944044894485,-0.013235485729462149,20.0,0
0.04623410872675033,0.05205352020727049,0.03972153988367557,0.04003511309904512,0.021550621248526386,0.0,0.0011643643600931712,-0.010386535797553536,-0.00862491537079032,-0.0070031195430685835,0.2693600521162054,0.22148866227764302,0.2268874056602057,0.7731125943397943,-0.0011890774442446235,11.0,-0.025781107425274716,0.2359475326828433,0.03942979110135788,-0.013235485729462149,15.0,0
0.046940237566072573,0.05620349889225139,0.04030590559528235,0.04015760042960011,0.02173694225814705,0.0,0.008157124021352848,0.006057532789961092,0.0011768419532948071,0.012875847301401566,0.33154585822926774,0.22375501129821532,0.22928069330680798,0.770719306693192,-0.003964192783562129,141.0,-0.003983761864879925,0.2824862003197588,0.03159430077615484,-0.013235485729462149,20.0,0
0.04555125533227332,0.057935373340239106,0.035013884434447605,0.040123770825387324,0.016476913900793422,0.0,-0.0039688347653070435,0.01575914311439525,0.00915011026933604,-0.013175879863649645,0.6845657337478603,0.2223742846209415,0.22779551982603213,0.7722044801739679,0.0032021852069712316,11.0,-0.01154830434105843,0.3513300232124502,0.03543774298215591,-0.012707907508841907,27.0,1
0.04582838505057534,0.06591389426375514,0.0344821768354792,0.04037645965610551,0.019283344811538105,0.0,-0.009529330742194978,0.009981404502567796,0.007755564563291942,0.04095610481748258,0.6049705405345389,0.2209370026280396,0.22657492885919842,0.7734250711408016,-0.0011679879009557357,73.0,-0.022963855541826776,0.13789634396891132,0.04462937575071703,-0.012889117744221851,25.0,1
0.046436020583679814,0.06583906957366943,0.034421698006117066,0.04037213944148602,0.021157827447002384,0.0,-0.007749958371763397,0.0024940115084199745,-0.002710649977162184,0.030529511428271948,0.47729996038385525,0.21951144161233277,0.22513979708853496,0.7748602029114651,0.000423915547647321,67.0,-0.0259187535423045,0.14346389753619218,0.05203345831825459,-0.012889117744221851,22.0,0
0.04618342624571333,0.06727347363556745,0.03377966796377112,0.043692997436773025,0.014690460154903617,0.0,-0.005804534236970236,-0.017706982550742965,-0.015359866467504063,0.005824231585914549,0.4343048030730964,0.21812832146779962,0.22366834913183678,0.7763316508681631,0.0018627682737825098,101.0,-0.020168828997546615,0.150266918169199,0.05753596256494855,-0.012889117744221851,20.0,0
0.04659996534258785,0.06863735619584041,0.03307256985523047,0.04411820758835513,0.024031089585920158,0.0,0.017632532161884863,-0.0015492298202788566,-0.014300175249313509,-0.0053704415213680036,0.23585890384065994,0.22068916149319667,0.22612112532196163,0.7738788746780383,0.002047877151806142,149.0,-0.0035786304030832887,0.08181117523085421,0.040917935113455144,-0.012889117744221851,20.0,0
0.039455049383189944,0.0691096985624522,0.0319375380375017,0.04352455337571129,0.022624925434452537,0.0,-0.006584818589409104,-0.016149239682777997,-0.043908433502634375,-0.001752220643383851,0.6033205565585786,0.2202568256774608,0.22577226697416067,0.7742277330258394,-0.0032410487663820505,8.0,-0.005950578064935948,0.009195391671382737,0.04723331652308894,-0.012889117744221851,13.0,0
0.04006733313977809,0.06984256737108561,0.03105494448446066,0.04251602019580749,0.024148260356274067,0.0,0.006970416731686491,-0.005343763631150205,-0.040592135691188025,0.00799881254619647,0.23652013972865538,0.22170006916660526,0.22727014937887954,0.7727298506211204,-0.0011748077537815744,20.0,-0.001021388962196847,0.03986765268676115,0.040592135691188025,-0.012889117744221851,15.0,0
0.03996351022472393,0.0694498958637337,0.02918059930963204,0.03787163070173208,0.023405583303109236,0.0,-0.007245989844364636,-0.003050773708000996,-0.03991342611540302,0.027858478490274393,0.4313408524012817,0.21947205313357393,0.22507742536053282,0.7749225746394672,0.004399877282509973,148.0,-0.00853606165815877,-0.0017465719918175417,0.03991342611540302,-0.012889117744221851,13.0,0
0.03767550834526295,0.06706413820244395,0.029267841755329514,0.03703678655047024,0.022847293856230317,0.0,0.007736031456210899,0.012508556027103344,-0.015594595832319157,0.052585963972781,0.5581206342119824,0.22118189804261498,0.2268250018577245,0.7731749981422754,-0.0017854963364885264,9.0,-0.013946740951850002,-0.10315789368019031,0.017842233919245283,-0.009348120506815034,5.0,0
0.037761364449804054,0.06835352424843727,0.027320296600826362,0.03784652485740138,0.021139158078926586,0.0,0.0032483760521907724,0.021728221012888047,-0.014651816152435373,0.025980311233215054,0.2578271607830008,0.22201476267655923,0.22757893206956709,0.772421067930433,-0.0011507605858293735,166.0,-0.008907559106637354,-0.1356549312638741,0.014651816152435373,-0.009348120506815034,5.0,0
0.037281455687428924,0.06533779823996046,0.027042127661781094,0.03761361258621548,0.01465575161655893,0.0,-0.0011782483984469955,0.002841732275208571,-0.009357464837302846,0.0023081778827097996,0.33511228938441195,0.22149865041564856,0.22704228178225322,0.7729577182177467,0.001425844623903416,19.0,-0.0018678430370035555,-0.09236726139907626,0.010295464359040983,-0.009348120506815034,0.0,0
0.03716167900923029,0.07051934742716903,0.025327642721084356,0.03759102484609437,0.012590612646847297,0.0,-0.00023279753064409057,0.0092540278805318,-0.006322893612356928,-0.016031807990484093,0.4382501108692939,0.22105816748113072,0.22643331445363252,0.7735666855463674,0.001971493556922592,93.0,-0.0036594814103577547,-0.09841931075954939,0.010525865131005455,-0.009348120506815034,5.0,0
0.03720660015782259,0.07116622866694404,0.023338902760843168,0.03572566010865123,0.012260430740295236,0.0,-0.005232581248192537,-0.0029766441022505466,-0.006669198993104926,-0.030671563645581348,0.5937092510514028,0.22050351978763735,0.22583185455555624,0.7741681454444438,-0.0015134847004566988,105.0,-0.01075057329474655,-0.06984653821643308,0.01570336893469249,-0.009348120506815034,10.0,0
0.037399558038145285,0.07004157488154417,0.023558407198941162,0.035735433096774905,0.01011775255263794,0.0,0.0037491749125552467,0.008065805439579386,-0.0018980169120154954,-0.00781047232245946,0.25124716691201293,0.22055663743864473,0.22590605254225724,0.7740939474577428,0.0026406350182006464,119.0,-0.018098551933244358,-0.06357381383028567,0.012013068698989791,-0.009348120506815034,5.0,0
0.03641222192743337,0.07343229933218359,0.022617957439308486,0.03615808637927668,0.008042754668526787,0.0,-0.003608398586981004,-0.0032823369824176917,-0.014216415815209325,-0.024540308264485472,0.2851146919110629,0.21997440632166299,0.2252033421889201,0.7747966578110799,-4.9767982021230324e-05,126.0,-0.028387205425014442,-0.012984221440530285,0.015578119345852055,-0.009348120506815034,5.0,0
0.03745749165086201,0.07863657177059101,0.023035322030330097,0.036172796534455404,0.010414803789704228,0.0,-0.009858116204071864,-0.01630351164250062,-0.02528266463917161,0.010625655605435158,0.23415320509027132,0.2196092073841673,0.22503314926275333,0.7749668507372467,-0.00619485482873455,125.0,-0.040860530576623096,-0.09571139151370182,0.02528266463917161,-0.00980879838479033,5.0,0
0.038536309425330685,0.07820763983964903,0.0222378613141699,0.03127450159922891,0.012219932978428289,0.0,-0.010281101024208303,-0.02526851880983484,-0.034150091483139376,0.04112951088710071,0.6603755874971751,0.21716021766438806,0.22266027155736495,0.7773397284426351,0.0030665275309603077,8.0,-0.06208965653852352,-0.13464202680110016,0.034150091483139376,-0.010217653301187837,20.0,0
0.03797233030768798,0.07978378026428899,0.021346102577929207,0.031412815622170534,0.012877990268788927,0.0,0.0015103138241522977,-0.023569057666737222,-0.024574584072976524,0.027847748744894926,0.4816400049195829,0.21833708708514324,0.22377798215297678,0.7762220178470233,-0.00412969662524205,7.0,-0.05160626726809614,-0.1564515751513508,0.03044767904872177,-0.010217653301187837,13.0,0
0.038147409829871075,0.07946118055042294,0.027586165570781942,0.031738617995353144,0.0199598939955762,0.0,0.013078004866028612,-0.005595989271898591,0.0016867970293132325,0.024791508253963895,0.6543982855070325,0.21737559119618208,0.22276673003269537,0.7772332699673046,0.01467782897146989,104.0,-0.03426784701226004,-0.08176560365996072,0.01776786907745162,-0.00980879838479033,17.0,0
0.03794818661264728,0.07947636856164662,0.026498503050037987,0.03181499389173874,0.019523941525167687,0.0,0.0014073153948082442,-0.00791604547240533,0.006986683271853282,0.02504205506375167,0.44299897459450166,0.2173105235365063,0.22272577689146247,0.7772742231085374,0.001367956114833619,62.0,-0.025661958756711626,-0.07372021602013329,0.01638555867832901,-0.00980879838479033,2.0,0
0.03796091311233746,0.07910258522570059,0.026587321984268778,0.031640731668930305,0.0193583764453937,0.0,-0.0008683006849580087,-0.005187793690097383,0.006453579483288668,0.03010803520614634,0.5804137845944671,0.21745727071032298,0.22286829333383162,0.7771317066661684,-0.0013410326592709714,22.0,-0.02350228121584188,-0.07447049115801628,0.017239631771463208,-0.00980879838479033,5.0,0
0.03512364290259407,0.0777644186052135,0.025101209943586746,0.02994829670594971,0.016698747356905453,0.0,0.0024367246567883406,0.007165039740330804,-0.0056524468055064924,0.019959755045223373,0.6590347643222596,0.21698565919123355,0.22240753004470856,0.7775924699552914,0.004052134197259507,24.0,-0.010156578833944455,-0.15984680627821757,0.014844915350486342,-0.00980879838479033,12.0,0
0.03673692590246215,0.07790028124511851,0.02622948866281605,0.029969736931612284,0.012837577327604804,0.0,0.010821593987435143,0.02863971975505468,0.003939027873801046,0.014211074212250938,0.4880281758540863,0.21730783461048656,0.22265886699689588,0.7773411330031041,0.006993532984609841,96.0,-0.004719861279043993,-0.17072288811056102,0.004183967009752006,-0.00980879838479033,10.0,0
0.03588057048049036,0.07497931998457504,0.02654880262834553,0.030040434119267313,0.012745988363845969,0.0,0.0018930401652285083,0.02903281357624985,-0.002298847262122949,-0.007865400188379692,0.5931146324258996,0.2160672884843241,0.22137334976242212,0.7786266502375778,0.007250391714382834,151.0,-0.0011247106887304252,-0.24601129509092262,0.002298847262122949,-0.00980879838479033,10.0,0
0.03580926579078211,0.07326757442683164,0.026441103807687504,0.029921800167736292,0.010683182100436532,0.0,-0.0032499143484571343,0.012447748489035857,-0.0015787214732386813,0.015252264046597694,0.2829886401520806,0.21519533161795268,0.2205299906944932,0.7794700093055068,0.0014598229109313303,8.0,0.007556943320532657,-0.28482354404488086,0.0032499143484571343,-0.00980879838479033,0.0,0
0.035532503801203694,0.06364898665935616,0.026643477263617567,0.02929509300944147,0.012412048796905672,0.0,0.009174640846394399,0.020300708063372072,0.017275388806474147,-0.015481769522157978,0.6757232662487938,0.2156302600541408,0.2209555819302545,0.7790444180697456,0.005133300155640777,151.0,0.02516493376301067,-0.14958290270528504,0.0,-0.009541892529225594,17.0,0
0.03454450773407118,0.06372907561422658,0.026689126060503006,0.029979281034328092,0.01152526899917104,0.0,0.003607272262905756,0.024871106791412835,0.028919057967413876,-0.008887283291086217,0.20889082967318567,0.21550716209586093,0.22082981200479182,0.7791701879952082,0.0033836635486013,55.0,0.026130018546432772,-0.15897351004728744,0.0,-0.009466297250115779,2.0,0
0.03552700809681059,0.06198003742692258,0.026734975265040362,0.02863549763970521,0.013654828528581964,0.0,0.012719609920184775,0.03538412147023399,0.04809018237120943,0.010373568306480592,0.3097890491694692,0.21754862680468692,0.22287509754653234,0.7771249024534677,0.0004529914987137764,151.0,0.03199165712408567,-0.19111244021568738,0.0,-0.009466297250115779,5.0,0
0.03172957752657308,0.06110722323277268,0.028921735623681492,0.028194429632119024,0.012854185994002254,0.0,0.0015973773652177556,0.02593576037421609,0.03157509683293002,0.03644846710239125,0.473627216463114,0.21937083316526004,0.22479585653897835,0.7752041434610217,-0.007114365923343585,9.0,0.01682339216539157,-0.09504911003306132,0.0,-0.009466297250115779,5.0,0
0.032688863113840776,0.06094363623224592,0.028353390365770538,0.028024658980368083,0.018341834296853817,0.0,-0.0098489262800344,0.013912018527159575,0.028185605439967096,0.035248283238064414,0.32710298278526806,0.2176394448664477,0.22312678018350027,0.7768732198164997,0.00013739940881367363,99.0,-0.016960413844859565,-0.10092282889818267,0.0098489262800344,-0.009856737715466244,5.0,0
0.034208107289190465,0.06220662772928829,0.032963079388927084,0.028408213063386836,0.02175445707108937,0.0,-0.011009915391394749,0.006018406643419717,0.009826457680705784,0.009741333059528694,0.24805548761823532,0.21842470014491375,0.2239120260903947,0.7760879739096053,-0.012077072399269216,152.0,-0.03116455491402117,-0.03502413365271818,0.020750405826389887,-0.010217653301187837,5.0,0
0.03561353064740142,0.06225884630771961,0.033245908841871945,0.02807800524045162,0.02373372453223453,0.0,0.013672393993917138,0.010502092887409444,0.03110457616295274,-0.008794015130976827,0.4434316506142695,0.22168428298336373,0.22712706994537604,0.772872930054624,-0.0041502351756599306,148.0,-0.010050340154981224,-0.05486552435692883,0.007361719556464824,-0.010217653301187837,5.0,0
0.0373284644996299,0.0644713837644519,0.033902375180717106,0.028103980153487258,0.026398764861198177,0.0,0.0142745944127446,0.021242699951377196,0.03779476285427224,0.0023501995471452704,0.46582205718166436,0.22267482107687875,0.22816198049433412,0.7718380195056659,0.006491634791045176,7.0,0.021610772970662353,0.028092156952133723,0.0,-0.010217653301187837,5.0,0
0.037394899121601266,0.0652548421415905,0.0337899155454923,0.026581908725006553,0.024584554128281838,0.0,-0.0013648360015749204,0.007039718751486487,0.03302269700934813,0.03670466267986909,0.6862956238335356,0.2222200968944147,0.22780926291745013,0.7721907370825499,0.0008771651447655598,26.0,0.01788703837147421,0.017413737632495596,0.0013648360015749204,-0.010217653301187837,12.0,0
0.03756463642793106,0.06530568225168537,0.03381886475968666,0.026720506163679297,0.024873919312937892,0.0,-0.0030241294562631726,0.002393100225033215,0.031113610602643196,0.04644869957228422,0.5295218354119606,0.22172675403668085,0.22735862610884186,0.7726413738911582,-0.0001721000275860666,8.0,0.02146500124816458,0.003884242254533002,0.004384838017082762,-0.010217653301187837,5.0,0
0.03897431197416994,0.057670796022834724,0.03438147322320676,0.02959413954727234,0.023836213319281926,0.0,0.012105326155450721,0.024618790572719366,0.043838580206175634,0.07374547300587404,0.4530049475180527,0.22473016072479216,0.23035115498802192,0.7696488450119781,-0.00407034100217542,140.0,0.03723849991505828,-0.04818099429934422,0.0,-0.010217653301187837,10.0,0
0.03979453115085435,0.05610712702465703,0.03479281351601526,0.030595025314839222,0.02254004074775588,0.0,-0.008899156151053555,0.026805590636427273,0.03999113579989985,0.09715188864106013,0.6323646570483691,0.22405852863425044,0.2297703494336647,0.7702296505663353,-0.0039883217819828435,39.0,0.03305522796418511,-0.12675973573543617,0.008899156151053555,-0.010217653301187837,5.0,0
0.04065191079954797,0.05617520938649621,0.035007102642847926,0.030533992219832017,0.022050526751850593,0.0,-0.007179518748340322,0.005683519337974414,0.02866784426723771,0.09819267586578131,0.21717519425600423,0.2235122328266274,0.22929973068631496,0.7707002693136851,-0.003194411494007925,28.0,0.02671541530197197,-0.1443959238353186,0.01601478324096298,-0.010217653301187837,7.0,0
0.04053685208579688,0.053999219204789235,0.036078448840806576,0.03033610426817741,0.017765077741365168,0.0,0.005367092797670901,-0.003148534251953746,0.0379340799127366,0.10354950350694614,0.6410210423237253,0.22593544486979436,0.23164559566442852,0.7683544043355716,-0.00648724440555586,60.0,0.02317837744392043,-0.2549578380479426,0.010733643271080912,-0.010217653301187837,14.0,0
0.03914695734247137,0.047843456827754226,0.03778125411219434,0.030052344836811358,0.01792177914495865,0.0,-0.003117069157315991,-0.004897637680916884,0.04500050400672542,0.07365760883043238,0.6672830691485858,0.22780127009861406,0.23358183032119548,0.7664181696788045,-0.01055638861135161,140.0,0.018580106716158076,-0.13526865453208103,0.013817254920010983,-0.010216274812582218,17.0,0
0.03719829430498757,0.05002294183494136,0.03811460374722833,0.031198197412881715,0.017757884567736016,0.0,5.8181825847869166e-05,-0.0018211186508638874,0.05591729644198948,0.039966550332111814,0.5992929684930616,0.22672778760608386,0.23238341636044088,0.7676165836395591,0.004885329200481191,152.0,0.01985762416986634,-0.03162217376314686,0.013759877007282567,-0.009706460760687272,10.0,0
0.03735310352889409,0.04780724215750886,0.03897784497374061,0.0311404292880459,0.011544120329110136,0.0,-0.001233743989555693,-0.0149766448312835,0.05302416786614157,0.04954744878810002,0.5369693124463425,0.22475710471270338,0.23033949254918026,0.7696605074508197,0.00785532115725243,153.0,0.027146536922038934,-0.025295909772797918,0.0149766448312835,-0.009706460760687272,10.0,0
0.03567469526263571,0.04740470031541969,0.034415245855292646,0.03285898122792997,0.009900496913479075,0.0,0.0028603677165658327,-0.003289231055824666,0.042403644268559304,0.04146248775307501,0.523417071839569,0.22592702257024946,0.23152518673339847,0.7684748132666014,-0.0029737608710266347,40.0,0.0441619676390568,-0.06916479724792533,0.012159115826095543,-0.009706460760687272,5.0,0
0.036962333253583786,0.051030419983864414,0.03471720822796123,0.031582901646760184,0.011985084406235798,0.0,0.01165948935361286,0.015623596193438848,0.053075529057137874,0.05720363683721378,0.6953668724395758,0.22710956620230202,0.2327911913509912,0.7672088086490089,0.003631885203931163,23.0,0.06043303423999943,0.038543587294356314,0.0006413955540063885,-0.009706460760687272,12.0,0
0.036858882213654985,0.05775966424287671,0.035422566925378075,0.031858972249141596,0.011647264072654723,0.0,0.0008399752494730647,0.01105029412533901,0.05487603602199531,0.03265275544254694,0.37314374996187116,0.228604117578824,0.2341726704458521,0.7658273295541479,-0.005738826589221065,72.0,0.06168376236547974,0.04579701054994696,0.0,-0.009706460760687272,2.0,0
0.036985019509775306,0.057758868924690523,0.03506042547184675,0.03189977934078961,0.01055812748922974,0.0,0.0053721165768485365,0.019660125297948527,0.057964983699829296,0.02148577004197906,0.5904715247123831,0.2291756305464925,0.2347046433932624,0.7652953566067376,0.001659400753620316,158.0,0.05198489290737747,0.037562455013512575,0.0,-0.009706460760687272,10.0,0
0.040274005855819715,0.05799417920399084,0.0344512339952797,0.032768878700847645,0.021119410856717164,0.0,-0.016501911877912823,0.002775440458818936,0.029367145456759097,0.03415904732379494,0.46821754636959134,0.22771309652410524,0.23334645304285054,0.7666535469571496,-0.00646177223078544,150.0,0.033421851335088286,-0.0031406030159362892,0.016501911877912823,-0.010835767024690695,17.0,0
0.04029560777434074,0.0583209723249517,0.03348780737688033,0.032142646212123455,0.02105979996782812,0.0,-0.00029773975276180817,0.0037152019447260986,0.027116289546896922,0.04360966195780863,0.6540928075484818,0.22667595544221436,0.2323319263717495,0.7676680736282505,0.004303017630110018,89.0,0.024755106076790157,-0.006605043162646556,0.016794738355512005,-0.010835767024690695,24.0,0
0.04082225939328504,0.05880413754617551,0.03336926062002434,0.032419023123056605,0.02186867392055944,0.0,-0.006761980547842794,-0.005915348371450137,0.02349722750187277,0.04816846108655988,0.6310047045042303,0.22541615411735744,0.23113888439872152,0.7688611156012785,0.0002623647067189023,117.0,0.02188141045101531,-0.027020874467213657,0.02344315320928872,-0.010835767024690695,17.0,0
0.041248570317138404,0.060258339630181554,0.03283878143859177,0.03260631622505871,0.017914114303122328,0.0,-0.009803199243344649,-0.027005181009258687,0.00425004675669362,0.030055343936627378,0.33812830020983,0.2250628270409227,0.23076392659535955,0.7692360734046405,-0.005973139915849608,43.0,0.021598856773335343,0.01839214353126557,0.03301653455083046,-0.010835767024690695,15.0,0
0.041687624952752536,0.06026736208372939,0.03266233746451125,0.031016982364931178,0.016973919798817683,0.0,-0.0070451498040757015,-0.034670927795886236,-0.006409197804894001,0.024761519658602377,0.6771110832098609,0.22325297224975948,0.22893991282267634,0.7710600871773235,0.002604690929416627,142.0,0.022324512199675524,0.022151750002223976,0.03982907792298412,-0.010835767024690695,32.0,1
0.039573193906527575,0.06053506299893999,0.034747598411684656,0.030084691642190856,0.01273139670587434,0.0,-0.002624656020970296,-0.04234919631477416,-0.02146363277013466,0.015078536738870309,0.34252249916334143,0.22106944732924244,0.22668425130996925,0.7733157486900307,0.007866989804421794,101.0,0.02559435958681033,0.011979201243112176,0.04234919631477416,-0.010835767024690695,13.0,0
0.04037720433361288,0.06153263695397392,0.03394004357697318,0.030157809031489013,0.014021773912170883,0.0,0.0076071010322655815,-0.01887379166647982,-0.015592278373542623,0.01971705923489567,0.5609395273110513,0.22234905623661785,0.22804496065153843,0.7719550393484615,3.520668086480427e-05,107.0,0.01549049075989679,0.05335917781416838,0.03506424989751031,-0.010835767024690695,25.0,1
0.04057303057536835,0.06093737684123702,0.03392350481593225,0.030586365245693158,0.01506771117171907,0.0,-0.0106725906058179,-0.029055861352875564,-0.016411165050384067,0.008527107759476316,0.42335542751929356,0.22054237633497645,0.22624388679698795,0.773756113203012,-0.00018639281276627126,13.0,0.01131188176666273,0.09564019253010415,0.04536261411927199,-0.010959316673558222,15.0,0
0.03917369992615702,0.058984643357857205,0.030687903538944735,0.03089270701805873,0.01557134584515778,0.0,0.0003501663836601871,-0.02210335123838273,-0.005113124987140516,0.023764392982348538,0.4862779537687823,0.22058927630038086,0.22629183447765983,0.7737081655223402,5.841791269018506e-05,134.0,0.004663088787262972,0.032024187423334065,0.04502833219815132,-0.010542181901446913,18.0,0
0.03665084439051358,0.05802907061474214,0.03034707479432675,0.03210207671266369,0.014117392761271714,0.0,-0.003845812716274731,-0.01621996692957908,-0.022306681833512206,0.03593995782508023,0.5254303393389711,0.21979231207549452,0.22551013718519577,0.7744898628148041,0.0006012517492966267,72.0,0.008104054445407302,0.10412372259152453,0.04870097438186576,-0.010542181901446913,15.0,0
0.0332204393472163,0.05788113092062543,0.030144319895212848,0.03235139776087735,0.013309706259209108,0.0,-0.002572126012756559,-0.011788273492077415,-0.0385458009870072,0.0015380976812133262,0.24725278692807995,0.21807071313076085,0.22366845262166934,0.7763315473783307,0.005972156143144201,63.0,-0.0022078675400668793,-0.012121607971239777,0.05114783535156813,-0.010542181901446913,10.0,0
0.03461702532568227,0.05492516744847961,0.031233106395401323,0.03292839530491104,0.016200170796871152,0.0,0.00832191961303347,-0.0009422720624933858,-0.029219700528869713,-0.01106000106698818,0.6554793324632131,0.21813595562192398,0.2237250304342058,0.7762749695657941,0.006168961486503735,35.0,0.00283808316320966,0.021015600351002518,0.04325156391271108,-0.010542181901446913,20.0,0
0.03500474054345542,0.055813995035717295,0.03358262558826058,0.033418996994484446,0.014913667019194237,0.0,0.004503805928862085,-0.004019236240246443,-0.021889561873071003,-0.030878613857622663,0.6598686031508201,0.22111964241848142,0.22668447738648925,0.7733155226135108,-0.00992037931800073,38.0,0.008542985425190995,-0.007461875243149996,0.03894255463383162,-0.010542181901446913,20.0,0
0.03463662484735731,0.055877271896842044,0.034166899146832415,0.029943135793328423,0.013446703271386442,0.0,0.011080751574695884,0.01788039997072498,-0.022879722744847612,-0.025340305922791684,0.6292891771461919,0.2217487380549006,0.22728119340295871,0.7727188065970412,0.005744677890430719,166.0,0.01995584290068296,0.028955965245747835,0.02829331583271725,-0.010542181901446913,10.0,0
0.033673199624669074,0.05516625266424575,0.03381078855583675,0.030698004395196352,0.013807359886568272,0.0,-0.0011608592693829244,0.016342894957209874,-0.01525058304485852,-0.04355838317813052,0.69024695979711,0.2217715849841644,0.22726258856400947,0.7727374114359905,-0.0009579726793267988,151.0,0.024130664617466744,0.08209919155709258,0.029421330544154186,-0.010542181901446913,17.0,0
0.03339473205963911,0.05670225912032495,0.034990057452379306,0.030850638539687746,0.014687240771149527,0.0,-0.0055667952799799345,0.01458703384324274,-0.013650970098542591,-0.03743871496641147,0.5440465856284191,0.21905155194672798,0.22458675617117133,0.7754132438288288,0.007961693750919773,114.0,0.01462553028381338,0.0721513661324043,0.03482434330013019,-0.010542181901446913,18.0,0
0.03285564753048206,0.053931912904991774,0.033814258681830224,0.029959136228173897,0.014416723268284254,0.0,-0.0017263077995228813,0.01544740301330097,-0.020610188127327386,-0.01853440647535757,0.6453211002738097,0.21827614486108032,0.223804411491005,0.776195588508995,0.002197214289306008,94.0,0.016542063261970642,0.13631418713096122,0.036490533564200796,-0.010542181901446913,18.0,0
0.032890293572758744,0.0591301827964797,0.030537426084772747,0.031018641349206396,0.012983598406346334,0.0,0.0020821426644003476,0.00916353158828681,-0.015502211121790205,0.00414045961234563,0.42746966562211286,0.2176028583837636,0.22323479950795283,0.7767652004920472,0.004598718923143403,82.0,0.028800685571235992,0.16077777007192318,0.034484369396581206,-0.010542181901446913,13.0,0
0.03295333280170841,0.06272123007129252,0.030545992643575062,0.03117460590987072,0.01258179746020101,0.0,0.001542904488827015,0.0061888950201877905,-0.014040589982776434,-0.006042945066121754,0.3886044799359859,0.21843124763669652,0.22392411983319455,0.7760758801668054,-0.0024375132471773733,58.0,0.04109159462692571,0.12877609952884034,0.03299467099609054,-0.010542181901446913,10.0,0
0.033905127585865,0.06465791767285853,0.030569565700162307,0.031585661488259274,0.009349933895709516,0.0,-0.008715786912142715,-0.013511862960096226,-0.021426693168865953,0.016520692464347043,0.6433687392553878,0.2183064091441646,0.22393884068188358,0.7760611593181164,-0.006338661815265708,88.0,0.03046134212187336,0.05897208882858832,0.041422883386595076,-0.010542181901446913,18.0,0
0.03373959798283788,0.06538057106793023,0.03022065850845603,0.029185676041997538,0.009754039034195465,0.0,0.0008391979027619805,-0.011536537211168006,-0.023398914718377118,0.02688687729707385,0.47042909616460077,0.21818655435366893,0.22387129736140382,0.7761287026385962,0.0011456713750644164,86.0,0.018012530294193765,0.06719835287572852,0.040618447480697484,-0.010542181901446913,18.0,0
0.03136409748812965,0.062126644161933586,0.030394659943160714,0.02980433297426683,0.009356534567519384,0.0,0.0019654053945314886,-0.0040495535446842,-0.032757056479394975,0.009085482735673268,0.5012643056992909,0.21751642058967224,0.22319345577202754,0.7768065442279725,0.004606523028682173,94.0,0.01857987447474447,-0.054697923832008895,0.03873287380196205,-0.010542181901446913,18.0,0
0.038165000337286904,0.06165127531647862,0.029314490043263693,0.029359847287991046,0.02156943665110304,0.0,0.02086988210705429,0.018494049077997312,-0.013399530254944123,0.06396111375862842,0.5360133847329969,0.22024771953060174,0.2260333961583059,0.7739666038416941,0.0035015100352340845,140.0,0.040741192662103055,0.21583744817838094,0.01867134220482212,-0.010542181901446913,15.0,0
0.040936857333992875,0.06435972785349922,0.029493001681960906,0.029383581793748042,0.02426779444496187,0.0,0.015543941678464278,0.032176322817805816,-0.003417626780648248,0.05008782475419947,0.4484309154571464,0.2221059033511999,0.22775204393595425,0.7722479560640457,0.003715648353001207,43.0,0.054349254238548673,0.08889973722316612,0.003417626780648248,-0.010542181901446913,7.0,0
0.03805966383027242,0.06403548186751058,0.027678498434253643,0.028510712496972877,0.026668937673936476,0.0,-0.006843180850911366,0.02353373877071966,0.006369602300351862,0.04406177609366493,0.5307046729208624,0.2206816703426309,0.2263455520804961,0.7736544479195039,0.0010730200831557482,97.0,0.0359238047943671,0.13829851877656155,0.006843180850911366,-0.009640087393664358,10.0,0
0.03813756258908472,0.06513342762174965,0.0275463837961418,0.028551035929283278,0.024130516577905152,0.0,-0.002243953883988691,0.030216120441433524,0.00441040822915937,0.051502730527251336,0.6406497736388076,0.21952591299831556,0.22526029612882006,0.77473970387118,0.0034212556786586763,58.0,0.03164629168261819,0.12354679774640628,0.009071778952650817,-0.009640087393664358,7.0,0
0.0393521120457748,0.06481107323338146,0.028348400283273435,0.02828539726757765,0.02864473880080246,0.0,-0.011779031496118211,0.017227517111953042,-0.000663076768770205,0.04836775387454973,0.20412997610349215,0.21834910871203372,0.22416439882370892,0.775835601176291,-0.003916071435363869,148.0,0.022818570267415565,0.1177355535867909,0.020743953678759933,-0.010542181901446913,5.0,0
0.038387014508361725,0.06359207267680929,0.02681088801986325,0.0274809134835582,0.029502712813327905,0.0,-0.004711966262900178,0.010448434565436997,0.0044751514079345404,0.056295774579178136,0.4738839893375538,0.2176990329760846,0.22349809427923678,0.7765019057207632,-0.0006853311438519233,20.0,0.008744217767355164,0.07861126197394731,0.02535817513176663,-0.010379070051766623,5.0,0
0.037722128385483736,0.06370093418959188,0.02901471409225279,0.027540527271871285,0.02127437411148294,0.0,0.002680490170408768,-0.007555272792591686,0.014313628639786273,0.06639803952109778,0.48977776908427295,0.21976586908240042,0.22565144224211203,0.7743485577578879,-0.007359300005741932,144.0,0.007812691957634085,0.07245757279880377,0.022745657300538066,-0.010379070051766623,10.0,0
0.038647714948797256,0.06362809723876116,0.027644745957871985,0.028465063486049373,0.017092703375958796,0.0,0.009995376970281692,-0.01297763174941209,0.027147985869675605,0.0670165183692743,0.24725694622602018,0.22154048372939367,0.2273856530632721,0.7726143469367279,-0.0002618157025957298,13.0,0.0051016587003854235,0.03019825040316682,0.01297763174941209,-0.010379070051766623,0.0,0
0.03864145607294121,0.062420916954677344,0.027778518503820803,0.02821369285566912,0.01683899313933075,0.0,-0.005835849495493705,-0.011976522397024751,0.01344433139504176,0.045657340459732826,0.6002101731549487,0.2208641116153737,0.226701815309992,0.773298184690008,-0.0014759985630377066,52.0,-0.002357574736158514,0.009792202066910541,0.018737745739208285,-0.010379070051766623,7.0,0
0.037402526880833446,0.06309201634146558,0.027760445856684704,0.0317045244343115,0.017103483043488348,0.0,-0.005227372803350811,-0.014930839684631483,0.019022287754808305,0.03896524809667879,0.44946122251856,0.2199195954836943,0.22571627302736597,0.774283726972634,0.0002464160113493527,167.0,0.00229894480044418,0.018224586290187333,0.023867169360085858,-0.008434896002958013,5.0,0
0.04139133983058925,0.06404986015816318,0.02824898762522369,0.030765939355420872,0.020496283800780196,0.0,-0.01728147386345576,-0.020415732694625956,0.0010615426224932824,0.05223454695309932,0.6138163928333968,0.21585234062995148,0.22171768978344147,0.7782823102165585,0.004985891625821996,159.0,-0.004057010164755219,-0.05842685681100139,0.04073618336005062,-0.011319544808521886,25.0,1
0.04122202905320386,0.06407184474458674,0.028257802817725927,0.03214493020077481,0.020519516395628195,0.0,-0.0012274077976893608,-0.016986153984421232,0.003692846591768098,0.053796290142387834,0.4388269521510457,0.21557604867053679,0.2214641423879,0.7785358576121,0.0002946442243879321,35.0,-0.018696210395726647,-0.059212913393250986,0.04191359124863575,-0.011319544808521886,15.0,0
0.042027454334760364,0.06733507091656189,0.03294030305524697,0.0341128494713648,0.020064973991297953,0.0,-0.008537920506896154,-0.02798452598246971,-0.002310419823945735,0.10434953055260138,0.4059460061894318,0.2170797309317757,0.22324775029607585,0.7767522497039241,-0.013718476994242,48.0,-0.040767163828222694,-0.1585940211138601,0.05009365684529252,-0.011319544808521886,15.0,0
0.041313025564096634,0.06758657594219647,0.03305839117883448,0.03419644667475536,0.01239511007064601,0.0,-0.004213951108541012,-0.041659525970527925,-0.01471410495076391,0.10881311647631677,0.20758317634817824,0.2149399422549844,0.2211375756487747,0.7788624243512253,0.006567002821158137,42.0,-0.043503863739421944,-0.17600179683721318,0.05409651573303943,-0.011319544808521886,15.0,0
0.04143658283477708,0.06891806122294988,0.030280288535448393,0.034310440930073266,0.012325409298034124,0.0,-0.007034678267372243,-0.042815156188072204,-0.026031837807221923,0.10369130491096265,0.5295571009964493,0.21362002915224657,0.2197121680502048,0.7802878319497952,0.0007249762141048738,65.0,-0.047351574155941996,-0.09081286560782074,0.06075064241684391,-0.011319544808521886,34.0,1
0.03954652017783457,0.06911551125323437,0.02979840902521563,0.035360347224129444,0.013700394543301544,0.0,-0.0006694263666898172,-0.038429433130559854,-0.0373507153520528,0.11209591855278901,0.31027353087544235,0.21270361820416503,0.21883425789322994,0.78116574210677,0.00372247733679695,23.0,-0.05937586408532372,-0.08436776360250074,0.06137940070170654,-0.011319544808521886,20.0,0
0.041418134940038404,0.07008876239736861,0.030231126923594552,0.0363548768260051,0.01132800992134134,0.0,-0.014150716168069385,-0.03536604888388366,-0.04986992484363618,0.10715827866408179,0.24320524047810405,0.2111470026937425,0.2172389676129628,0.7827610323870371,-0.0038000806916158114,74.0,-0.06435996245822596,-0.001720381988591036,0.07466155439187988,-0.013794963467276709,32.0,1
0.042380978047483,0.06961291480731335,0.028948713718491545,0.03641479616094401,0.011009397869786714,0.0,-0.011808104885510035,-0.04558509145380614,-0.05583317701223813,0.0873443039047408,0.4352405487211455,0.20834943699561795,0.2144125825453033,0.7855874174546966,0.003988179896366712,109.0,-0.06872197008088002,0.03422881297631708,0.08558804781221538,-0.013799324475685482,32.0,1
0.04668869387840179,0.06956880344753642,0.030231522472928377,0.03614818418708998,0.02549977134837599,0.0,0.017638991378762583,-0.020386311308683572,-0.037517485489739884,0.08871997916498506,0.24607791523244432,0.20969649477652272,0.21570404239083574,0.7842959576091643,0.007403474507039886,95.0,-0.057354431183059454,0.02049336953274724,0.06945874327093758,-0.013799324475685482,32.0,1
0.0473059243378243,0.06818637179607487,0.03135028624084775,0.03556896635249323,0.026306406492703993,0.0,-0.01035774659637905,-0.026430326654255168,-0.049465783324994274,0.049169746678825836,0.4037661088382287,0.20962075635394115,0.215609087359228,0.784390912640772,-0.007750031365017905,72.0,-0.06420116543037568,0.037657567030141996,0.07909705380561331,-0.013799324475685482,29.0,1
0.047601868743181,0.062109400444961535,0.032063949814554946,0.034046241649059346,0.0265343099407276,0.0,-0.008816124790713536,-0.028176976080829304,-0.05929722612950108,0.07161835468725766,0.32620523370703336,0.20693578783435818,0.21286378587901938,0.7871362141209807,0.0059495251280764425,91.0,-0.0725052480730772,0.09816013129381766,0.08721584909939878,-0.013799324475685482,32.0,1
0.05017005230957084,0.06128361196734603,0.03150297010929604,0.033920166454071095,0.03228174090209704,0.0,0.015212891837932941,-0.012731834191148102,-0.036589536268150286,0.045096785718527106,0.5793064984856158,0.21038073862781953,0.21626891166308485,0.7837310883369152,-0.004491499856556967,42.0,-0.05723223667020749,0.06718903038136846,0.07332976254036848,-0.013799324475685482,32.0,1
0.05607714485188821,0.060625637434419524,0.03187702015397267,0.03374874428639685,0.036546341017565626,0.0,0.02410573089115315,0.02557967339722792,-0.014193109966353805,0.03593317038722716,0.5268648061814247,0.21515498401787797,0.22104578232383693,0.7789542176761631,-0.003678550970966787,153.0,-0.03725992131503966,0.05657908952413686,0.050991699171325615,-0.013799324475685482,30.0,1
0.056675068801367,0.060626365947797176,0.031327483573221765,0.03354605712234049,0.03554355616801204,0.0,-0.009421141793225079,0.02805694612198875,-0.02539602836148917,0.031299295185401005,0.674558287964586,0.21356212370016683,0.21946019899861136,0.7805398010013888,-1.1595801171821318e-06,166.0,-0.05732118570549453,0.05988229225526353,0.05993244093638016,-0.013799324475685482,32.0,1
0.052092427030542676,0.05444497872774706,0.0335437532694985,0.034408452600231586,0.03293194400570653,0.0,-0.002902519662620066,0.007305143873017188,-0.04809106284746237,0.002513980549514252,0.301978714973401,0.2109549899048518,0.2167911550447636,0.7832088449552363,0.010081485411536443,121.0,-0.060846195450789495,-0.1374062914843913,0.06266100551075356,-0.013799324475685482,32.0,1
0.04922625960363488,0.055162773602599684,0.03495363116994887,0.03474116642942034,0.03036100632303543,0.0,0.002892965968261728,0.020792351882214583,-0.05994931569897151,0.04174690769473803,0.4755178006013065,0.2132529954693563,0.2192605493700763,0.7807394506299237,-0.008621029844367314,164.0,-0.06316205809280541,0.014275775004656589,0.05994931569897151,-0.013799324475685482,25.0,1
0.05166660911388461,0.0553745666538045,0.03506862882035745,0.03473256116161558,0.028237513423147294,0.0,0.014316267231768553,0.04461575079727962,-0.03992130676217802,0.04596413808554143,0.48132391055643964,0.2162995053714684,0.22234752794518536,0.7776524720548147,-0.0030515786190683978,153.0,-0.033805987309211576,0.043131372587101084,0.03992130676217802,-0.013799324475685482,25.0,1
0.052031099575699125,0.053762888710519256,0.03470532838728403,0.03478004642987918,0.029672528363024496,0.0,-0.007926075991613608,0.0208066261828588,-0.045388860067559815,0.03558537575123346,0.3275375673530927,0.21490566130505942,0.22099553353719548,0.7790044664628045,0.00019032917043435282,71.0,-0.041178635240354575,0.03836478674014595,0.045388860067559815,-0.013799324475685482,17.0,0
0.0510404624033649,0.054763843803877,0.03472623922764981,0.039886809374311716,0.019309939502819534,0.0,-0.0019008762678306096,-0.0051162020092302965,-0.035846665231134237,0.04182016333209552,0.4222361632495608,0.2139010943711834,0.2200568251742515,0.7799431748257485,0.0031158520407256443,151.0,-0.036485972908951794,0.058821472667439104,0.04343304364355157,-0.013799324475685482,20.0,0
0.05150073954393438,0.058185158730075015,0.03472433131879984,0.040079007520626354,0.01760802702340557,0.0,0.006467760945549991,0.010841752041267699,-0.02501666335784671,0.0708080807170673,0.6042803730322127,0.2150752172324816,0.22136746791769646,0.7786325320823037,-0.0005518506106738262,155.0,-0.02065346530615986,0.1004045608844841,0.037246197241425714,-0.013799324475685482,25.0,1
0.051579295414618934,0.05970122002385771,0.03355890032429882,0.04007001126288874,0.016848824524176596,0.0,0.003656518946972622,0.0174912022811616,-0.024067595531593048,0.08069328431238743,0.5579912055799567,0.21522846906451976,0.22161126483302884,0.7783887351669713,0.002045483057632218,113.0,-0.01009846151649858,0.11328565759650767,0.03372586972036904,-0.013799324475685482,25.0,1
0.05037307340598014,0.0612433476067067,0.0341466621293197,0.03959962602288601,0.017685825111591027,0.0,-0.0029668915132033424,0.011546047976229677,-0.03659270023692362,0.07225783258548216,0.5734422124404971,0.2158113753180416,0.22214872431890095,0.777851275681099,-0.004936590829060598,73.0,-0.010438132476213294,0.15158475907460003,0.03659270023692362,-0.013799324475685482,25.0,1
0.050178900831094525,0.0609034316836464,0.03442513985054216,0.039785954609659245,0.011366186801769287,0.0,-0.0009921674058845486,-0.0037205774922565702,-0.03189886906176702,0.08372921604744744,0.3756331022484033,0.21484140403289065,0.221198151094083,0.7788018489059171,0.0036950466736535756,161.0,-0.0188833966335187,0.14290575530258512,0.03189886906176702,-0.013799324475685482,20.0,0
0.050955348587364974,0.060037362145367604,0.03498512199033443,0.0379490528544856,0.013539374122559459,0.0,-0.011064312487114867,-0.006872117279531826,-0.03757931075726733,0.10295579030660104,0.4998652742480329,0.2118849448922588,0.21828536481649277,0.7817146351835071,0.0050692269032337235,29.0,-0.01927186746531113,0.10973799704279756,0.03757931075726733,-0.013799324475685482,20.0,0
0.04836155988541192,0.059880154186469546,0.03508999264202944,0.040454985007183406,0.01353619476527213,0.0,-0.001842980098902678,-0.006814509474557485,-0.022459695715344015,0.10173306148176751,0.6657718158497776,0.21268448404812124,0.2191979871649649,0.7808020128350351,-0.005275297761814499,15.0,-0.0214219950171408,0.16390589068908218,0.022459695715344015,-0.01169653602575076,19.0,0
0.04837440712552335,0.060144229108977,0.035378758134885765,0.039567525974225096,0.01069310495946627,0.0,-0.002072893330942146,-0.0152424534546379,-0.023287207595322382,0.09563419924251132,0.37175669321787497,0.2131448846459566,0.21967540556119516,0.7803245944388049,-0.003774673819720845,95.0,-0.019680357088754465,0.16537544568791415,0.023287207595322382,-0.01169653602575076,12.0,0
0.047814309594806176,0.053198940574170565,0.030731096910391414,0.037660292328543316,0.009800697196043828,0.0,0.0019976518639164757,-0.01687008387193362,-0.012908365557169022,0.0633190072243488,0.6202787131939984,0.21307393049688333,0.21959566142668346,0.7804043385733165,0.001899310123135196,104.0,-0.015188961637436736,0.27332374900882545,0.01687008387193362,-0.01169653602575076,17.0,0
0.04783112506169933,0.05409375094503269,0.029690565675297285,0.03714602806732979,0.009911693702703738,0.0,-0.004424411081875931,-0.018307278965162637,-0.013116987960842208,0.04098686024744212,0.3686384546151851,0.21200792152934414,0.21845615001789495,0.7815438499821051,0.0015963055136079035,22.0,-0.02763808817411238,0.3002342744517065,0.021219854767774392,-0.01169653602575076,7.0,0
0.0475395586058694,0.050699514505271874,0.02983576950395384,0.03712282412327081,0.011798196184573383,0.0,0.003957907825750717,-0.013442999962612001,-0.002191735853596861,0.05529825629208894,0.3895768809035691,0.21213562425543692,0.21853399729490816,0.7814660027050919,0.002542576143305377,91.0,-0.02816651874856168,0.2551384450394245,0.017345933171270343,-0.01169653602575076,12.0,0
0.04824485185532058,0.05249530158743849,0.030398529953338065,0.036714421266817815,0.01055991188966879,0.0,0.008403906241992552,0.00597839185080626,0.0068677750821851775,0.030154243428869996,0.3577769746944025,0.21481080806966926,0.22114537396309183,0.7788546260369081,-0.005827532907102036,114.0,-0.030739456582064242,0.19364105302414622,0.009087800525329015,-0.01169653602575076,12.0,0
0.04592179045931754,0.052185422915138516,0.03011976568044661,0.034617204181208706,0.010090838201619651,0.0,0.0013700127573878932,0.009216561118923597,0.022719408853309423,0.060400787322165174,0.30270445507482846,0.2154250357252448,0.2218694312910099,0.7781305687089901,-0.0018779346730503242,11.0,-0.028283531202333134,0.11581293054679906,0.007730238170597419,-0.010958327603504495,7.0,0
0.04404711300267586,0.05259306132051198,0.029760618048332525,0.035397830198526256,0.009305875881487655,0.0,0.0029765000534811878,0.014323077810482233,0.03802058921927771,0.057245701368391404,0.48907910368544855,0.21644318724416467,0.2228585252542971,0.7771414747457028,-0.002339519308544107,155.0,-0.019935398080949945,0.08114983371024104,0.004776747171444436,-0.010217255875905953,17.0,0
0.04088660588814221,0.054264194807917394,0.029427603067815448,0.03709135209848505,0.009460659405098609,0.0,0.000534154205129512,0.012841577881946637,0.020573170918787315,0.04343233320390611,0.6813459073975561,0.21514641954760014,0.22144815716240507,0.778551842837595,0.006533198756928944,10.0,-0.017716168212376107,0.09102643200743712,0.004245144485903392,-0.010217255875905953,19.0,0
0.039260719963954124,0.05206970453367345,0.02783074672891,0.037212603646338195,0.006869619172737582,0.0,0.00010069413602026533,0.017445160733909008,0.03135848650572982,0.06129208952907478,0.3553314764667025,0.2152543672064425,0.2215821092497518,0.7784178907502483,-0.0004459004168160896,93.0,-0.019658468918156643,0.011978412673535915,0.004144877811039416,-0.009330389242848347,5.0,0
0.03858260886057473,0.051342728805996767,0.026826957843941516,0.03717748641171712,0.010264117730168274,0.0,-0.005774758285456895,0.00758174518760127,0.03452312551391424,0.06927931457053824,0.3943018098336193,0.2147935653433705,0.22115338317364092,0.778846616826359,-0.0024090212725681906,129.0,-0.026821226195882557,-0.02812307732315311,0.009895700429014805,-0.009196881922983359,5.0,0
0.035973541810984284,0.051375150820018596,0.026794305014992734,0.037042329280589086,0.007141833257696623,0.0,0.002687770421082605,0.001870269785224485,0.021759765375585938,0.06911673852129326,0.5909897530667527,0.21619342569077227,0.22252473314372484,0.7774752668562752,-0.004321763543780306,113.0,-0.01562595061696079,0.044052838653155124,0.0072345273788412,-0.009196881922983359,10.0,0
0.027086912140358434,0.051396124552547134,0.026457145740937705,0.03732865511292804,0.007085473137248596,0.0,-0.0006941007502962253,-0.00019487489702579435,-0.0029832561650429993,0.07220781631258502,0.417069363117342,0.21606684037572332,0.22242874831786835,0.7775712516821317,1.150657834869688e-05,23.0,-0.017134024448588546,0.07536083270608206,0.007923606638255733,-0.009196881922983359,0.0,0
0.030357855731749112,0.05230533985599558,0.027524612640975284,0.03728602768165101,0.01756204423504507,0.0,0.01733925720259792,0.01412246774014525,0.02395106173352289,0.06497471436592347,0.2960916447381165,0.21775702750486828,0.2240118985036504,0.7759881014963496,0.005732709167362988,66.0,-0.0020532284710386055,-0.0666999891521449,0.0,-0.007603378335690101,2.0,0
0.0322543228858497,0.05227001975658298,0.02567436133779735,0.036915404228501175,0.019818886150052853,0.0,0.013030556307200628,0.026788584218391233,0.04031324334334755,0.073015369581213,0.6880498891608682,0.22159249241147563,0.22791565905416983,0.7720843409458301,-0.007343808355037932,22.0,-0.00971652622332479,-0.048467344425324424,0.0,-0.007603378335690101,12.0,0
0.03227003141879068,0.048901291232356314,0.023562129924499905,0.03676736673260249,0.019330033999118805,0.0,0.0032557122652935137,0.03002779464703557,0.0406895245513941,0.05047658565608967,0.6624596723845924,0.2220301263814242,0.2283437637738132,0.7716562362261868,0.0005579463439937914,154.0,-0.021699100300549983,-0.06894594200780782,0.0,-0.007603378335690101,17.0,0
0.030417054276189667,0.0486761424735646,0.023551320487164504,0.0367540744591458,0.019518855490767213,0.0,-0.006111583856379012,0.02967883981724334,0.019730528503198678,0.04630288765758933,0.6110391875312442,0.22043127926939235,0.2267554429370046,0.7732445570629954,0.002441860474261907,68.0,-0.02097844673993543,-0.11905468961535108,0.006111583856379012,-0.007653902171328419,7.0,0
0.03072451672323137,0.048941520672009395,0.026574041102811058,0.037743145046806974,0.02335769073637048,0.0,-0.008942576805980748,0.017735418552211734,0.01868569012213286,0.03592310844651513,0.45668394822973246,0.21682089043070144,0.2230690018268424,0.7769309981731575,0.009605614257777806,129.0,-0.027551292119646225,-0.05501172244211563,0.014999507354317898,-0.008517927863540487,10.0,0
0.03183501434804135,0.048176048123352265,0.026606467692242796,0.033045244092727494,0.023685569075500346,0.0,0.009874071590221604,0.02849849251023031,0.030703505386892864,0.013748436810405286,0.5495654569153539,0.21779210187954862,0.2239567058770021,0.7760432941229979,0.0032764349118467877,73.0,-0.006243778123267649,-0.08251831232362623,0.005273541973530885,-0.008517927863540487,10.0,0
0.03141283422783044,0.04245513453251185,0.02772732924338654,0.038177835599553386,0.0192495359189507,0.0,0.0022478610998169896,0.013241558275465073,0.02638199034969743,-0.006011334601167313,0.2252552879478701,0.21675785244573564,0.22289918895959246,0.7771008110404075,0.006529450343702722,85.0,0.0007053376205623814,-0.18334040565776746,0.0030375350635744474,-0.008517927863540487,5.0,0
0.03144512491308971,0.04230305337269314,0.027658690670965706,0.03823170822221226,0.015605857959139128,0.0,0.004028446938510334,0.0042375738766648775,0.026762339786994726,-0.04151100428471285,0.69877899517171,0.2174176364291625,0.2234366206151918,0.7765633793848082,0.00022467450915783472,80.0,0.0020506390859292294,-0.25829374108051856,0.0,-0.008517927863540487,17.0,0
0.03459753634614903,0.044602640218781055,0.02828145281066989,0.03721532539997017,0.020134912448280272,0.0,-0.014044921684373927,-0.013079991776575137,0.01535398826690811,-0.012438042305790707,0.4221026475899611,0.2164356982352255,0.22261741437389243,0.7773825856261076,-0.00662871632602011,138.0,-0.021800555860107724,-0.42895891599034247,0.014044921684373927,-0.010746052134944749,5.0,0
0.03522357761775185,0.044251773680307735,0.02931861429969604,0.037065424626073526,0.021335519285021393,0.0,0.007702012568267632,0.0006367539622516713,0.02419042580368193,-0.024266060258009384,0.5122645291466215,0.2192320968732762,0.225411859402813,0.7745881405971871,-0.006760466628808227,83.0,-0.008480090483345127,-0.43690676520713745,0.006451083279439679,-0.010746052134944749,10.0,0
0.03306359696531151,0.05055100721745594,0.028825077474203896,0.036322440770905344,0.018947110776562047,0.0,0.003817595047555494,0.013520262671941587,0.03960286101778322,-0.00857191200025083,0.5728226905382057,0.2206039302023969,0.22695892744953883,0.7730410725504612,-0.003414611781436829,128.0,0.0005353020394517452,-0.29188145076155075,0.0026581158554631417,-0.008517927863540487,10.0,0
0.034506006991373336,0.04979168435550386,0.0281299375560203,0.03729598236077319,0.019174331508104478,0.0,-0.008926548242445806,-0.005348237557196181,0.03222516636512072,-0.012109925476759131,0.5150746674793423,0.21891079519548645,0.22532702890488,0.77467297109512,0.0006562410297829583,72.0,0.009041703218839757,-0.3129778204877614,0.011560936298491146,-0.008940172521450507,7.0,0
0.03470966642692204,0.04978117777139858,0.027781206068263512,0.036710005328803696,0.01898143659106195,0.0,-0.0037429615220293403,-0.011293655363089823,0.030497699093347565,-0.01152749989969824,0.22088755389428333,0.21857063026504758,0.22499428633217725,0.7750057136678228,-0.001367021844144435,76.0,0.006500285248058724,-0.3117857923390767,0.015260625680796601,-0.008940172521450507,5.0,0
0.034715940669566014,0.050198915335952,0.027789590781110644,0.03671912267866551,0.01849414235130649,0.0,0.0022557824142773195,-0.013039267917560892,0.030763171709693254,-0.019664178800976404,0.41373098603262926,0.21945412501801087,0.22584252775439229,0.7741574722456077,-0.002223165985548268,40.0,0.01745770388639755,-0.31350004637254486,0.013039267917560892,-0.008940172521450507,0.0,0
0.03423618090522806,0.04961707227398769,0.029936868769459016,0.0356327796175409,0.013134334233104533,0.0,0.0005285292370840747,0.0015490476221104138,0.035891168548193374,-0.0026445325205944514,0.6256494614442101,0.21764159101280728,0.2240149159924272,0.7759850840075728,0.008724162115368488,106.0,0.022303396561603954,-0.36031575054970294,0.012517630314801421,-0.008940172521450507,10.0,0
0.034332154150785034,0.0497272585381414,0.03303072121239159,0.03600400987279617,0.010354944347604167,0.0,-0.002282957821351764,-0.00837495516793144,0.029451797377812273,0.0075619933591508145,0.5666987533478067,0.21974778633618178,0.22623482102115824,0.7737651789788418,-0.011353107850081093,67.0,0.02719551096394959,-0.3636224718929264,0.014772010914121218,-0.008940172521450507,7.0,0
0.033581686649648335,0.04768083493699083,0.03283256408541672,0.03624232265661535,0.008777077320125682,0.0,-0.0007447007430794532,-0.012881836488049374,0.02011223626942295,0.02746988673911176,0.621412638116795,0.22071456364986253,0.22727016997089772,0.7727298300291022,-0.004986322895361169,58.0,0.02711813766670629,-0.3245820360192848,0.015505710929696147,-0.008940172521450507,7.0,0
0.033688163943985855,0.04629655595839699,0.0360897717901236,0.04209334379795693,0.004804568601716363,0.0,-0.001955472245765688,-0.00593858145146054,0.016724509554992835,0.022017995143891016,0.3963810164326885,0.2178548863953363,0.22440590106089572,0.7755940989391042,0.011551220508531817,78.0,0.039823889378753224,-0.3552391391393582,0.01743086218808795,-0.008940172521450507,5.0,0
0.033616453944289616,0.045710473248102235,0.035985029875509396,0.0439525145037553,0.004080496442792379,0.0,0.001346573512130967,-0.0008602630854099132,0.015072241268271657,0.030063316166737866,0.29654617636125113,0.21775931484272343,0.22430898355497172,0.7756910164450282,0.0014825262044235476,22.0,0.05366588598142417,-0.3493681216288703,0.016107760613273066,-0.008940172521450507,0.0,0
0.03546260929541628,0.045527931230770896,0.03525696771124855,0.04505255501386753,0.01210359590524002,0.0,0.012188361639757719,0.009041435431434123,0.02689578813186833,0.056611468024819096,0.5659612593466425,0.22051435641025036,0.22716022898599586,0.7728397710140041,-0.003193133687712852,9.0,0.04802229069688806,-0.24850822805833378,0.004115726185076565,-0.008940172521450507,5.0,0
0.041384572824206635,0.04688552010532079,0.03586419097982107,0.04445520073119951,0.02369895987475675,0.0,-0.020640682158201102,-0.012307892277929415,0.005598700667096243,0.04295106989935289,0.5461287586367938,0.2181339453760526,0.22478452166905263,0.7752154783309474,-0.005356671885447084,88.0,0.03713275395214482,-0.08173902950632407,0.024671456947241314,-0.01327956995261495,22.0,0
0.040986925364062614,0.047064204171138393,0.03614388014023556,0.0442957180123124,0.023697431982096045,0.0,-0.0018321937915888595,-0.011861657468038196,0.009586366204025178,0.03899600025541748,0.5233682313136793,0.21698513977361966,0.2235970020675366,0.7764029979324635,0.0038739789311720797,12.0,0.044440443041623326,-0.0785584318799709,0.02645844784858199,-0.01327956995261495,12.0,0
0.04093921595068414,0.04629323824888041,0.03595439117057492,0.0457555491332984,0.02390383750187167,0.0,0.0015424061720948673,-0.009599995170090579,0.008433121730294417,0.05574559594020531,0.270641705204839,0.21650827723199165,0.2231462826375487,0.7768537173624512,0.0033645658725105776,72.0,0.030376389856115318,-0.06420551011737985,0.024956851349752823,-0.01327956995261495,9.0,0
0.04097539440887154,0.04760431123781638,0.036250110019904636,0.044674250081160445,0.024177084081245605,0.0,0.002519950556990535,-0.005158851872166369,0.011676528774766022,0.04089502520593812,0.5322204406241459,0.21610617243015462,0.22265301185903125,0.7773469881409687,0.0039046646511847727,38.0,0.0086584385332694,-0.07289878246776364,0.02249979082422183,-0.01327956995261495,12.0,0
0.03729404070915387,0.04667801303578281,0.03644641688235571,0.0441000386351705,0.02411039672033113,0.0,-0.002932362043475038,-0.009409988565003436,-0.008482254292254368,0.04946625659508319,0.23727505509675062,0.2169537836564474,0.22354979500397418,0.7764502049960259,-0.006191063991119421,117.0,0.0152656484450753,0.013901111406586737,0.02536617533509779,-0.01327956995261495,5.0,0
0.03704850733208118,0.049429228068808534,0.03517354324440285,0.04388494008394908,0.02090134132452197,0.0,-0.014142613511403616,-0.03517910621601891,-0.035078372163062095,0.0627242242094334,0.45868717551739235,0.2143773728312527,0.22111469117984348,0.7788853088201565,0.0006500061678382635,93.0,0.003820748227187423,-0.1387559922534392,0.03915004483247462,-0.014127959737349162,18.0,0
0.036991086654405474,0.04936205699903026,0.035206572041840606,0.04407355903172323,0.01428934401171596,0.0,0.002781934327755151,-0.01210419452524129,-0.03553404719499439,0.06445293964758798,0.5559943261570583,0.2150713537905004,0.22182113760258707,0.778178862397413,-0.0010586150212557371,26.0,0.00370961387064859,-0.13463499643082666,0.03647702335837208,-0.014127959737349162,13.0,0
0.039731579134058725,0.05002399539365782,0.03517383484829293,0.044106976100928605,0.020662765688350918,0.0,0.014305108067712262,0.003867040691249972,-0.015721758501562735,0.05553525455330247,0.5351850443343766,0.2170256275163128,0.2237028486441163,0.7762971513558836,0.0021277421044671235,126.0,0.003698571397400451,-0.18567587891201237,0.022693723051789797,-0.014127959737349162,10.0,0
0.04057494574268268,0.05077730810696685,0.036949901306562886,0.04401746586422466,0.023743038977163965,0.0,-0.012347067582977479,-0.010054671289528007,-0.01910296136302798,0.07524330547660543,0.400370330740383,0.21212248965075675,0.21882315116337261,0.7811768488366274,0.013150284459766895,26.0,-0.000774223257339738,-0.2722262592895078,0.03476058970253745,-0.014127959737349162,15.0,0
0.0399489186511866,0.052296668656671916,0.04689611854823302,0.04417312653746299,0.024910665418353118,0.0,0.0071787709143029945,-0.005454286581512619,-0.021720923865106732,0.06911711116217734,0.5798731467454882,0.20846645357832583,0.21491499882314788,0.7850850011768521,0.023528703228044744,145.0,0.008315673018885538,-0.2758815203734571,0.027831357098555054,-0.014127959737349162,10.0,0
0.03985018048515648,0.052714947379223866,0.04707666044008012,0.04079712141234466,0.024883337938506826,0.0,-0.0025790656949832924,-0.005101883840130906,-0.026432414573808474,0.06146307103906548,0.30721620957032647,0.20649969650182265,0.2128786033024788,0.7871213966975213,0.007503184819346602,146.0,-0.0007477639303164599,-0.27013502735162354,0.030338643895200634,-0.014127959737349162,13.0,0
0.03951663113433292,0.04886197748141442,0.048061325614828794,0.040618392903062565,0.020244861660039328,0.0,-0.0004006309129638233,0.008766118557442647,-0.030727120209562638,0.09630450506282716,0.4809947891820185,0.20779521394622036,0.21430173905295558,0.7856982609470444,-0.006622457568328159,142.0,-0.0047871100542920585,-0.23011629702929298,0.030727120209562638,-0.014127959737349162,18.0,0
0.03806232081778656,0.04852294503305661,0.04719356241848376,0.040585815716818116,0.022048469989454388,0.0,-0.008460883877471305,-0.0025437920963988325,-0.02523756340825111,0.06775059627443791,0.5576134042020232,0.20553434007045204,0.21196470463669365,0.7880352953633064,0.004277275508866862,125.0,-0.010271072393798639,-0.09377569024558763,0.036366576208417094,-0.013873281622139695,18.0,0
0.03702041453125843,0.047785646763586355,0.04668000392858888,0.04061136326190929,0.015086893256306537,0.0,-0.0026273656293619276,-0.019194995831817267,-0.03522929681239271,0.07712176344858894,0.22904532975692915,0.20343074111941323,0.20983287754264315,0.7901671224573568,0.008227312184989144,15.0,-0.011891082699366853,-0.055468199220123214,0.03889839354539145,-0.013873281622139695,8.0,0
0.03860490945458143,0.04187123926420421,0.04621831209425753,0.04014165583427106,0.015823033566038452,0.0,0.010772428920229504,0.0037642007846513483,-0.028544994804740792,0.0491738191982241,0.5164601648423663,0.20428581942371565,0.21064154440950197,0.789358455590498,0.004350577328993609,75.0,0.009927402751036936,-0.15970741994306306,0.028544994804740792,-0.013873281622139695,10.0,0
0.03819488875186118,0.04485958379625087,0.04628140821840582,0.03713739041191867,0.01498809725434777,0.0,0.004869176227073253,0.0014624361602251124,-0.015022358755472963,0.060744902995232955,0.5431687721315046,0.20509540898056913,0.21156912309050033,0.7884308769094996,-0.00021570648410144445,113.0,0.01671870959955611,-0.06425201826535314,0.022386031110684625,-0.013873281622139695,10.0,0
0.04072745985409656,0.04874236854586011,0.04609082222560124,0.03713046291808649,0.019162008930482238,0.0,0.014346197983923564,0.018456280196938332,0.002861999371110537,0.04362023371552138,0.31677286862291043,0.20731409169169637,0.21365454945827575,0.7863454505417242,0.0006576698873378772,6.0,0.03344698286008358,-0.20301384290782565,0.008360987561149214,-0.013873281622139695,7.0,0
0.04176430914196237,0.04860836054520104,0.0461391792930331,0.037335866901868825,0.019555772729248095,0.0,0.009760857249391389,0.02880945943568634,0.01037161366980983,0.04440576329187823,0.45929643715891905,0.2094564038691036,0.21575915711645768,0.7842408428835423,-0.002542401222824113,6.0,0.04145384911173405,-0.22869388241753208,0.0,-0.013873281622139695,12.0,0
0.041883654701333456,0.048681060152411,0.045371893302206874,0.03710022686425034,0.013555639721238796,0.0,0.003691926152392636,0.04141907383631869,0.013566131719620522,0.03366349728424547,0.27532922112715824,0.20984120442092,0.21610794954736615,0.7838920504526339,0.0011020038337926864,39.0,0.04994420458790979,-0.23624302480556542,0.0,-0.013873281622139695,7.0,0
0.04388560192023875,0.04859478127101362,0.04288085555306981,0.036972185350913005,0.010229809485303384,0.0,0.014442464767295047,0.05924275011298643,0.030557243585899816,0.03253735422721822,0.4746793995628986,0.21328497302684485,0.2195933207115725,0.7804066792884276,-0.004974842532421909,143.0,0.06090900671022846,-0.1984691354659591,0.0,-0.013873281622139695,17.0,0
0.04389426199984999,0.04873928339947076,0.04190135038796732,0.038290044811690994,0.011423639130825875,0.0,0.0036911597444063146,0.05182190757565873,0.03513205861096337,0.03406621934714447,0.5159112113428503,0.21383039660285913,0.22017499165126664,0.7798250083487334,0.0003000987962152784,37.0,0.05595087914380123,-0.18798714827331311,0.0,-0.013873281622139695,12.0,0
0.04405511191442141,0.04804614093416843,0.040878907286196565,0.032254821194306546,0.010926313602582265,0.0,0.006884082259802677,0.053930960532072886,0.04430009269972498,0.0288088973735724,0.6612710869942757,0.21584288817074765,0.22223712039430166,0.7777628796056985,-0.003999025892280434,114.0,0.06176549957836143,-0.16467701612114416,0.0,-0.013873281622139695,24.0,0
0.044242579918920166,0.05066172939455886,0.04233551533177935,0.029232121099147624,0.012886325775179465,0.0,-0.00231879911779135,0.03661561352571187,0.04047749113653049,0.04529962800739442,0.5927438057305534,0.21692647006491161,0.2234813274601766,0.7765186725398234,-0.006903575231383376,19.0,0.05615981891714627,-0.18483570034594615,0.00231879911779135,-0.013873281622139695,12.0,0
0.042928545300516034,0.04954900692991057,0.04247943139666899,0.02255956833975955,0.012931035561356776,0.0,0.0006435513015787627,0.02725583132486631,0.028610020859698083,0.03926084815366027,0.6982632731564606,0.2154531928909297,0.22201376768429515,0.7779862323157049,0.007305337545461758,78.0,0.05627529805105719,-0.2600825856856319,0.0016767400824029414,-0.013873281622139695,24.0,0
0.03744205273180151,0.05126111874233056,0.04366731409952019,0.019013182184358903,0.01593496613231203,0.0,-0.00557882192450893,0.017767431772576833,0.044429322404002776,0.03274224675593116,0.6671452398413897,0.21644605767190475,0.22297132926516247,0.7770286707348375,-0.008826031189354348,150.0,0.05027676954808094,-0.34981847432019053,0.007246207772578459,-0.011764140027151551,17.0,0
0.037746477148017266,0.05439630972076915,0.04446746848085034,0.01908329774800566,0.011967283183873587,0.0,0.00821346593677621,0.01151801658893129,0.054940562616259084,0.017156237542921362,0.679452203041566,0.21598640109835934,0.22233210627896602,0.7776678937210341,0.008702330561916254,140.0,0.0650536091729789,-0.38917368298974914,0.0,-0.011764140027151551,17.0,0
0.03945836986214779,0.054356565244284054,0.047044725922726266,0.01752927843827735,0.015527698451008824,0.0,-0.009475629390797092,-0.0017514481279615347,0.043335090332696134,0.0028445068483885826,0.3058809425338124,0.21664038633047705,0.22302467189795486,0.7769753281020452,-0.010368929988837738,132.0,0.05213366215495948,-0.33369506126333315,0.009475629390797092,-0.011916351854150421,5.0,0
0.03972333448179358,0.053893512601228814,0.047111724031070654,0.019402970673199984,0.015357662327315795,0.0,0.006508955573893,-0.002123357543926727,0.047486497900530784,0.00597408045448715,0.6069428620043986,0.21676174039728216,0.2230681983523564,0.7769318016476435,0.004575435332462423,45.0,0.059717504134445216,-0.3456263893607222,0.003028350267643464,-0.011916351854150421,5.0,0
0.03956716506321927,0.05416373907264535,0.04604541001685927,0.020141023802537565,0.015266076973453939,0.0,-0.0014555989527274802,-0.0012599882815613641,0.049037936678873094,7.541952165539926e-05,0.5293833476933116,0.2163134354728065,0.22258302660330642,0.7774169733966936,0.0009630000674797753,22.0,0.04013973013774105,-0.3354958627867539,0.004479541156892871,-0.011916351854150421,5.0,0
0.03659667212119985,0.0523322616225177,0.0475431981817417,0.020488015677855766,0.017795535220577918,0.0,0.009710031867882342,0.007789244979630139,0.07441922431332795,-0.005863140798670701,0.3543292090178273,0.21962558876607027,0.22601209689174695,0.773987903108253,-0.007665442273754506,50.0,0.03673034690371654,-0.15972471304406813,0.0,-0.009323417563798224,2.0,0
0.03673106489159297,0.05279913250377009,0.04768467755569485,0.021469232655974023,0.016433629843214836,0.0,0.006250271556323088,0.0197773577136252,0.07813533453351569,-0.014795209673843636,0.33940636078175646,0.22123055683359213,0.2275751772122115,0.7724248227877885,-0.002369179921475995,116.0,0.039824822673610684,-0.16920209368004,0.0,-0.009323417563798224,5.0,0
0.03697243580076685,0.05433209736160057,0.048292779474077355,0.021388562204256,0.01941396146696255,0.0,0.01507805765256334,0.026720684140240515,0.07895692584032525,0.004438111061050957,0.3220426176999959,0.22487822361567586,0.2313191927172821,0.768680807282718,-0.0047869746917157605,49.0,0.06199382561867512,-0.05052024814716708,0.0,-0.009323417563798224,2.0,0
0.03345775898227099,0.05439345077503852,0.04605669325761615,0.02148094693012339,0.012071922786530494,0.0,0.006085190368877392,0.042850136361198846,0.09909316168114787,0.004675819786042283,0.4342791049756456,0.22692969398421028,0.23348229516534158,0.7665177048346584,-0.004457691168466249,100.0,0.07809722747918464,0.08411787229111582,0.0,-0.008028574584526948,5.0,0
0.037000528756677725,0.05248837183471217,0.03532227891396836,0.023738688965837446,0.021719264838770846,0.0,-0.01265489967212913,0.0229943477506292,0.07744948496544904,0.019140442184171314,0.22384445935253294,0.22374640231366358,0.2302930467187831,0.769706953281217,0.004278629592898744,165.0,0.05404628673401606,0.10603545661874268,0.01265489967212913,-0.009323417563798224,5.0,0
0.0367287217968512,0.05274781168554692,0.034286534661515516,0.026704315056549122,0.021491792814652397,0.0,-0.00044657062517896706,0.024028082729984947,0.07975308180769197,0.016776239417673405,0.5185800179359485,0.22492346549744022,0.23146624888078854,0.7685337511192114,-0.005528041215758083,89.0,0.05121260071200372,0.10539574261005637,0.013095818990849939,-0.009323417563798224,10.0,0
0.03863382566360062,0.053466027107782005,0.035129259417022406,0.02753121166720385,0.023422920690931513,0.0,-0.0094247050853113,0.004622008335068602,0.07000540468885519,0.019547264003043442,0.663872361611004,0.22529887888734457,0.23202080899213134,0.7679791910078686,-0.009053615740187405,82.0,0.03712721999409902,0.027873699724998615,0.02239709984432186,-0.009467990744974224,17.0,0
0.037582447116162536,0.05364750145106496,0.03547521799687648,0.02776577510564254,0.02292450521752658,0.0,-0.004123213309965886,-0.005734690683443265,0.07468634049413211,0.018603128448873945,0.3191345338799663,0.22338824671756924,0.2300124675038484,0.7699875324961516,0.00540614271424234,137.0,0.04756387583193011,0.00996783461181759,0.026427965134105003,-0.009467990744974224,5.0,0
0.038219417818683175,0.05383676050192155,0.0336369564126367,0.027771028599961136,0.021191477116593593,0.0,0.012516816234915176,-0.008243417447019858,0.0910044595467644,0.02136567476874524,0.692035462580569,0.22511267606499658,0.23174495871382386,0.7682550412861762,0.0019205629854521407,24.0,0.05256913961774733,0.03938812324657403,0.014241942882236163,-0.009467990744974224,12.0,0
0.03757284837560013,0.05386135593221205,0.032878921495736325,0.02998544588869526,0.02093311117242037,0.0,0.005319540546804557,-0.008998162928058938,0.08511873753595277,0.02565783053591009,0.369994572073005,0.22601829723138128,0.23266483859539155,0.7673351614046084,7.095407462653759e-05,128.0,0.05414402881046211,0.04852169890573391,0.008998162928058938,-0.009467990744974224,5.0,0
0.03855715532109225,0.05280452218180247,0.032835469338249865,0.029647678103502766,0.01793721072772979,0.0,-0.005591054602644188,-0.0019081561631228018,0.07382314529289574,0.022273466776221485,0.2650506588192581,0.2253053049789662,0.23207553342606266,0.7679244665739373,-0.001288635037914489,76.0,0.05769178876437549,-0.03193445452564723,0.014538908310448859,-0.009467990744974224,5.0,0
0.038225137007034095,0.04951845770770373,0.03332921368862262,0.02967419790665243,0.01932616853695445,0.0,-0.008143627173905345,-0.009593957779190513,0.0500146124309725,0.04481367570181923,0.6595009140088852,0.2231174378674602,0.22990742279988727,0.7700925772001128,0.003396279650786729,70.0,0.05301975359140682,0.06431535580905924,0.022564136035558315,-0.009467990744974224,14.0,0
0.03743204071055681,0.04880612970351781,0.03355326990568307,0.03129015464720002,0.017310773968251283,0.0,0.0003677322644290564,0.00019680640505743196,0.04024703388027715,0.052037876787262696,0.4226322271894317,0.22277042152820323,0.22954978749043664,0.7704502125095634,0.0018424052715469209,7.0,0.05103607423684896,0.10485771588642956,0.022204701331968498,-0.009467990744974224,0.0,0
0.03899797768707937,0.049530935295562545,0.03342759547556722,0.03108036141267355,0.01933180479303959,0.0,-0.009784984463459772,-0.005489524978509028,0.026279285481869186,0.06997153216459126,0.36383164389117784,0.22116011210186162,0.22804607570487628,0.7719539242951238,-0.00048504371543351766,18.0,0.04020192544983425,0.04549670225066225,0.031772413137879194,-0.009738581202560371,8.0,0
0.0369971832224585,0.05001488487275504,0.033149371580144964,0.0319954302809334,0.012682866576182849,0.0,-0.005365392009109184,-0.02305372058498653,0.006240304656989672,0.060138073721409335,0.6722456462194328,0.220852529195136,0.22773458933427973,0.7722654106657202,-0.002763365968415069,153.0,0.03698823475234335,0.056266165592588985,0.03696733369542829,-0.009738581202560371,25.0,1
0.036915423100943,0.05002638032358268,0.03411500254725456,0.030601491295355922,0.010851937979105743,0.0,0.0026510545141107894,-0.025646893597313685,0.005197557798409771,0.06027391169420817,0.21436883319692973,0.22014279351536223,0.2270325772589483,0.7729674227410517,0.00525460012361044,42.0,0.04051221731458075,0.054070577621911205,0.0344142815981854,-0.009738581202560371,8.0,0
0.037489853805848156,0.049948165696328005,0.035370659191432,0.03093322574440754,0.016452867549970676,0.0,0.009578667850918886,-0.01078312324980383,0.007887629975725124,0.056505748753607775,0.5759082668153213,0.22022515804597137,0.22706391770169976,0.7729360822983004,0.007080222258912758,97.0,0.052537145414555855,0.03976827127049391,0.025165256720023524,-0.009738581202560371,10.0,0
0.03766151781218192,0.047456874086158736,0.034538539473411685,0.030857685502132314,0.015755037974525574,0.0,0.005083393430898142,0.0024086980358858107,0.015365548070127966,0.03874488174708092,0.34628117985829476,0.2205831795466623,0.22740200485577025,0.7725979951442298,0.002327960154981306,105.0,0.056464998042475,0.0626977327357346,0.020209788189822813,-0.009738581202560371,5.0,0
0.042048566338722886,0.05059013181851395,0.03823107157912573,0.031176878249538173,0.023343311532029728,0.0,-0.018436235008243325,-0.016433633382623467,-0.00399495013958339,0.011694978606973327,0.6141931199763955,0.21429055975498582,0.2209185223667904,0.7790814776332096,0.014698340382879763,25.0,0.02450077511328776,0.2182649237532664,0.038273430793531744,-0.012224412390828727,20.0,0
0.04174926839789275,0.04788962005367039,0.03638907472895108,0.031521081715863944,0.022303974784604847,0.0,0.00258848830186655,-0.00414324042828437,0.004185368631372089,0.027638847098266577,0.5053486696380387,0.21447477062179854,0.22109162761369722,0.7789083723863028,0.0011720988753430512,24.0,0.0488006441276777,0.18530162369035297,0.03578401281954655,-0.012224412390828727,20.0,0
0.040949010592075945,0.04609244153679626,0.03478485987662527,0.03445225087826212,0.021700591151850617,0.0,0.0006883884932414283,0.0019179786222038933,-0.003309644004264997,0.033118684569937426,0.4995631823763476,0.2143987419797222,0.22092802773230236,0.7790719722676976,0.0009765685868540843,125.0,0.051449084908340235,0.2727586546204633,0.0351202576289721,-0.012224412390828727,25.0,1
0.03993565254311272,0.045636453322084616,0.03300773206828103,0.03471044210416105,0.021801855981766385,0.0,0.003485460167651031,0.0027517742103919597,0.009732127959565814,0.046714282807210857,0.5935346764068866,0.21338370998073863,0.2199023368164892,0.7800976631835107,0.00747825583250419,97.0,0.05348896093651909,0.2484150609172373,0.03175720772036449,-0.012224412390828727,18.0,0
0.04151712720693185,0.05218004085305651,0.03267433986806312,0.03425132055361544,0.02359076857230828,0.0,0.013385085629986193,0.0065324525298642855,0.0166302776433974,0.08449774118324037,0.5494112879478878,0.21525843683837073,0.22193923989580297,0.778060760104197,0.0015065817890298227,32.0,0.06490648918832662,0.39239646234918935,0.01879719503508464,-0.012224412390828727,12.0,0
0.04482963409712613,0.05181196135247707,0.03268060289955674,0.03404666879652713,0.027878031773835073,0.0,-0.01660683065517729,-0.015189043007690663,0.0012046231846210747,0.08729991144555613,0.5243973711850903,0.2121599375263331,0.21883792514820344,0.7811620748517966,0.0013531177243337356,16.0,0.05030163209894352,0.40410950194039635,0.03509186385552194,-0.016014041007720067,20.0,0
0.04395033020270093,0.051536070278187046,0.030903249757785172,0.03614199098333122,0.022277185051368106,0.0,-0.004715187690660294,-0.0014226039624604379,-0.013099083876453147,0.08553970941819154,0.3187045332682406,0.2117042802323316,0.21847574045407847,0.7815242595459215,-0.0016494472420684116,114.0,0.06034531677557394,0.3570783363954796,0.03964158682168835,-0.016014041007720067,20.0,0
0.04376676393186289,0.050972314294570255,0.0305984026773453,0.03603655533275919,0.02267037195447668,0.0,0.004936876335579096,0.0009163887897527004,-0.014387223599963255,0.10756295473005384,0.3402389978391759,0.2119978543948144,0.21882995246176648,0.7811700475382336,0.0024141301645866785,60.0,0.06262396040456081,0.41870835036255843,0.03490041609799405,-0.016014041007720067,17.0,0
0.04226946628661987,0.053001327424494246,0.031881397099337114,0.03719560598067719,0.025510920870241222,0.0,-0.012731918726133256,-0.012506976158741733,-0.041389943069255856,0.07731268780566031,0.3061045456733474,0.21159246201622264,0.21840335096887786,0.7815966490311221,-0.008050613456633392,89.0,0.03429896010561487,0.435607152271909,0.047187985562859414,-0.016025593865820684,20.0,0
0.04380312935280381,0.05211987516802254,0.03158957588621808,0.03748076998323645,0.028479127750643877,0.0,0.012225197732715081,-0.0039065228205715325,-0.03553967028425879,0.07151521238879194,0.3791756255291946,0.21435251390201146,0.2212289745462826,0.7787710254537173,-0.0034427257690575553,39.0,0.06003175310331634,0.42459222950091263,0.03553967028425879,-0.016025593865820684,15.0,0
0.042475221682641014,0.05248313729882181,0.03227974909807677,0.03712207497595749,0.024738467742341584,0.0,0.0031124528024628066,-0.014003871496858913,-0.020137774876726598,0.06697930713420779,0.6484905349485377,0.2159898993663847,0.22287146275377295,0.777128537246227,-0.005122511311137352,154.0,0.05575204979616981,0.4100085502211695,0.023753407127542033,-0.016025593865820684,17.0,0
0.043165356539199354,0.052321438319861045,0.03436552755572676,0.03568676718709391,0.020028769343418816,0.0,0.007036973250349054,0.009702515572585863,-0.01280165682822076,0.06804325127208122,0.5229250733968531,0.21946859780487477,0.2263755203696049,0.7736244796303952,-0.010361815109690116,34.0,0.06593045339517613,0.37809819957373136,0.016883585967754144,-0.016025593865820684,12.0,0
0.04241461976997716,0.051153022611656024,0.03233860983610164,0.03578965713825991,0.019977240972614985,0.0,-0.004551346563235282,0.009868730103812798,-0.007944911981692105,0.06194392135428985,0.33991957486937485,0.2175090453966971,0.22445573795396598,0.775544262046034,0.0053584020716975775,5.0,0.061504305928667395,0.4346097829862946,0.02135808948002,-0.016025593865820684,7.0,0
0.042769980809025,0.050384940776464875,0.0320164936895649,0.03592539493433997,0.020342940912426173,0.0,0.0067671470677056235,0.01170798311912515,0.0029036564028872697,0.06571961132506937,0.5942525797937546,0.21900090718831702,0.22590178180165124,0.7740982181983487,-0.0015137192285438856,70.0,0.07780686036780338,0.3838411874486868,0.01473547574491089,-0.016025593865820684,14.0,0
0.04185403948309379,0.050986089029200106,0.03261461001087683,0.036048080591911016,0.01293066949369824,0.0,0.008863080273263248,0.03383756807942167,-0.0007153898161152491,0.05290818061971024,0.509854392394401,0.2214406051115362,0.22831479676413025,0.7716852032358699,-0.004137879975154078,9.0,0.09022396606706831,0.3318198868647776,0.006002997176039511,-0.016025593865820684,12.0,0
0.04155795650095969,0.051465812728604746,0.032641125581960334,0.03465513907841225,0.010878004893757063,0.0,0.00200344529222132,0.023397567466652475,-0.004011578560249745,0.059186866249443776,0.30485715645905576,0.22135094751306264,0.22827326949090207,0.771726730509098,0.0019009539093777714,24.0,0.08076569847312827,0.335119516669299,0.004011578560249745,-0.016025593865820684,7.0,0
0.04122445226881728,0.05144057049162504,0.03362349716282125,0.03800650766573709,0.010999939793071234,0.0,0.002015904483321976,0.022278844556491015,0.003607463089622718,0.059087466430009665,0.3395097941884634,0.22298299115136555,0.2300538405748038,0.7699461594251962,-0.0058615814559109265,2.0,0.07769692265432243,0.38693566668199275,0.0,-0.016025593865820684,7.0,0
0.0403737510824572,0.05141716784599145,0.03378875921185824,0.03857447128594089,0.010390824497181391,0.0,0.0023100072705692257,0.017480334225266205,0.014184947725823068,0.055302470502520885,0.3404631774203333,0.22240576141847548,0.2294484927990942,0.7705515072009058,0.004393280304475279,33.0,0.06490901481965622,0.402698443240292,0.0,-0.016025593865820684,7.0,0
0.04104516081638686,0.05170496755946597,0.034689611126818586,0.03794869029443999,0.012167438556813692,0.0,-0.006925094818788184,0.01505404919279563,0.006791391120969411,0.06368652741681435,0.5035346755924781,0.2196848195233045,0.22674808882295547,0.7732519111770445,0.006880503191944193,116.0,0.04731175834978643,0.37345466006096634,0.006925094818788184,-0.016025593865820684,17.0,0
0.03976844787240868,0.0539985182489297,0.0359695265726928,0.037515727898951724,0.011514829538065543,0.0,-0.0011039568208756597,0.007118156670883325,0.015617740711215885,0.03194448664750344,0.422478347772105,0.22101917675986868,0.2280113782559342,0.7719886217440658,-0.006760044584643675,20.0,0.04230744925981692,0.4365269677202144,0.008021406634003431,-0.016025593865820684,0.0,0
0.0393392736955447,0.05372779351462359,0.03628829745686335,0.039413031134617166,0.007908940833933835,0.0,-0.0011446856096534131,-0.0028722998394954255,0.019927488495157762,0.03547128268830891,0.6628916625967343,0.21954911400339544,0.22649482225431344,0.7735051777456866,0.005815866286036033,140.0,0.026292146751405877,0.428479873797626,0.009156910254913723,-0.016025593865820684,17.0,0
0.03937011479364811,0.05360003765115295,0.035831800902775816,0.03971180553781705,0.0083619383097905,0.0,0.003235621151880108,-0.0016461197431021002,0.020522127657041506,0.03400783450748121,0.3908085947761891,0.21986026978404674,0.22683213973395344,0.7731678602660466,0.0010661345282868648,146.0,0.02582635040009509,0.42909877387877005,0.005950917395540281,-0.016025593865820684,5.0,0
0.03910616320711768,0.05479215227997063,0.03542850896921197,0.041375787030120646,0.01146778137172357,0.0,0.008297768003653163,0.004612785722076854,0.019227343328614883,0.021724051461276133,0.27045076179197347,0.2200761179909626,0.22692699038049585,0.7730730096195042,0.0055547353617634385,29.0,0.027266631473932348,0.38093482496008807,0.0,-0.016025593865820684,0.0,0
0.039881861409676644,0.0552232320647583,0.035364463877449265,0.04138224921805325,0.013995419695203399,0.0,-0.008506523944383167,-0.006228596162649534,0.005446183006005636,0.02938187353645614,0.6752780018708582,0.21837413979405765,0.22528538124821457,0.7747146187517855,0.001040342434103305,34.0,0.020895414662911095,0.3434223967209651,0.008506523944383167,-0.016025593865820684,12.0,0
0.035066186323380495,0.05165643817779082,0.03057424585634828,0.04139280514563067,0.012452136717009099,0.0,-0.0009202707493127319,-0.00021956057612444328,0.023388328013731433,0.051870399742635506,0.22732270287309697,0.21908300420315477,0.22604778532717779,0.7739522146728222,-0.003972629579449817,19.0,0.019299942669884964,0.20961394292347865,0.009418966388531555,-0.012098109508870742,0.0,0
0.03674835808445161,0.05162815311703594,0.03190336751554602,0.04113983290596755,0.01658996534914903,0.0,0.012270708786360033,0.013166946607738378,0.033271417186108515,0.05561374735902553,0.5795786687517583,0.22285146119418264,0.22987541495632313,0.7701245850436769,-0.0075230061666893165,102.0,0.03759603896329264,0.20973612451027088,0.0,-0.012098109508870742,10.0,0
0.03744432357941716,0.050778307422915,0.03238168419783189,0.03892483880341312,0.018075367908181688,0.0,-0.005953579254126807,0.008289150974938214,0.026413182888455372,0.08438826352001634,0.271652188085817,0.22296202720562233,0.23013562353705527,0.7698643764629447,-0.005221392235893105,36.0,0.023016120651810044,0.1598820530986962,0.005953579254126807,-0.012098109508870742,0.0,0
0.038100448533280276,0.05211373817454602,0.0305526425451346,0.03887060137174219,0.019266548866516676,0.0,-0.006591821273303142,-0.0015877945503473111,0.016105654848194116,0.09420064468719347,0.3869246781267227,0.2223090105671657,0.22962225387265464,0.7703777461273453,-0.002318355589593213,44.0,0.025994525101615158,0.10353932945640539,0.0125061555970503,-0.012098109508870742,0.0,0
0.03586247077385887,0.048102292662118296,0.031435808358581806,0.0382968028942532,0.017181991499954464,0.0,0.0017533584778788689,-0.008068041314089384,0.004442700752555306,0.047195652836058796,0.36255370539056586,0.2214946076892451,0.2286615565985871,0.7713384434014129,0.005160627549869556,96.0,0.021146861742954232,-0.09389553611035895,0.01077472489311319,-0.012098109508870742,5.0,0
0.03203656165271858,0.04887245587189696,0.03174700329106123,0.0392605247484326,0.01652526321164761,0.0,0.007018893988312089,0.00746424265076437,0.0285741340468836,0.04170572602237851,0.5991197944581326,0.22201908707802653,0.2290966215945994,0.7709033784054007,0.003140151795086901,167.0,0.029813178295858018,-0.19286554219548266,0.003831457556579091,-0.008269309575543919,10.0,0
0.03148652130957632,0.04816023729076438,0.03188962025261351,0.036927271602800744,0.0164090057949387,0.0,0.000193312035351543,0.008587170885553146,0.03364680851424281,0.0368933948938764,0.6153030239215882,0.22170078459199646,0.22881426046668746,0.7711857395333126,0.001539432863478938,108.0,0.020106982270886635,-0.16423124806643052,0.003638886188086173,-0.008269309575543919,10.0,0
0.03270659809311836,0.047059606146057635,0.033245759918909774,0.036613335794899504,0.015598527803902505,0.0,0.011011098560568103,0.0073321442380142226,0.03989456453247211,0.020392826069632015,0.3633275693680601,0.2220164594080285,0.22903724785561078,0.7709627521443891,0.007155823579049482,70.0,0.024933368912157014,-0.21645909874088895,0.0,-0.008269309575543919,2.0,0
0.029601500106226253,0.050038964950586365,0.0335332973257714,0.03502602747158273,0.014060562629285957,0.0,0.007120927656024119,0.020581395787830983,0.060805670071978304,0.060425827851207994,0.5503731888019722,0.22515788046659965,0.2324028276510465,0.7675971723489535,-0.008647500635002272,103.0,0.016898983780155308,-0.3020789508129508,0.0,-0.006875103786965427,10.0,0
0.02829416928296867,0.05088554917069239,0.03392950855432048,0.039800736594622625,0.00891898791085034,0.0,0.006997803057983128,0.034542744270016267,0.05532739317956292,0.06560407613305515,0.6705031393770486,0.22760347872723047,0.2349761341712119,0.7650238658287881,-0.005479091048380754,129.0,0.017821405584014918,-0.31749399303640063,0.0,-0.006875103786965427,17.0,0
0.028379016439769512,0.052009427932734095,0.03399438521282544,0.04044507435023469,0.007988925956229583,0.0,0.004635051059109368,0.037518760398036644,0.056929247133780544,0.059027662503721,0.26033325576635147,0.22965775723251794,0.23698931364089632,0.7630106863591037,-0.00531928281693354,46.0,0.03564504389437234,-0.3259835788801697,0.0,-0.006875103786965427,0.0,0
0.03262897538339666,0.0527116524258218,0.03155920561443784,0.04275276272505938,0.014501405444381102,0.0,0.01928888030081518,0.0501603712605999,0.06978815821527368,0.05493456238097967,0.6650145373638108,0.23297510698708604,0.24020529270414928,0.7597947072958507,0.0004104179574023983,125.0,0.056093097334907416,-0.3715271009690633,0.0,-0.006875103786965427,17.0,0
0.032080361185220084,0.05474981559726276,0.03202733016444912,0.042712977321861544,0.015531259424405695,0.0,-0.0015738982959088415,0.04830487569265275,0.07298796052259254,0.028325564851845036,0.4368343483384536,0.23453434666470885,0.24171300018448214,0.758286999815518,-0.007719162484392132,146.0,0.06446316561882522,-0.28461261949082634,0.0015738982959088415,-0.006875103786965427,5.0,0
0.03683995322777951,0.05423419893637644,0.032103590625855785,0.04426763819377137,0.026207312689803103,0.0,-0.016127231911338618,0.02016547723069417,0.04858768774878901,0.04007123244141738,0.35775872170968104,0.23223991623430237,0.23949852550515258,0.7605014744948473,-0.0026658149418302204,7.0,0.05163242610230954,-0.2625029312287701,0.017675747584424476,-0.008269309575543919,0.0,0
0.03790224958740787,0.05441553655037789,0.0331940950234641,0.04618975553603961,0.02764958224346148,0.0,0.013286169095598158,0.026410572832156705,0.05318493842790338,0.03884005135346427,0.4821879986040556,0.23308424952308499,0.2402213424163526,0.7597786575836474,0.006576655987782576,133.0,0.05243150064846609,-0.277372097572166,0.004624421460124092,-0.008269309575543919,10.0,0
0.038329052802523376,0.05462267410719481,0.03376735050876482,0.04610492307252482,0.028351210569053396,0.0,-0.003630493967347896,0.01557738490972766,0.04726322229002573,0.02075606891160716,0.5090531433336761,0.2313300022774895,0.23838129089049265,0.7616187091095074,0.004841318839737684,87.0,0.043062043600549,-0.2472792118230377,0.008238126493258533,-0.008269309575543919,10.0,0
0.03834083075206221,0.05456174483929258,0.03436477625336467,0.04340463657653044,0.028291059202055872,0.0,0.0009813213205478821,0.011883859296478023,0.04618192119298128,-0.010693197776193444,0.30875663749825266,0.22981448366736215,0.23670578169475565,0.7632942183052444,0.007479470803141315,123.0,0.049955983858715546,-0.24100142110345135,0.007264889421879856,-0.008269309575543919,5.0,0
0.039328106316194544,0.05569520229718129,0.034082804145338805,0.042635392077155346,0.023844964312747574,0.0,0.010850884988648255,0.0035071650871963335,0.05509663998752505,-0.0006686496763779513,0.6038094068857898,0.23231072248491877,0.23927829693824978,0.7607217030617502,-0.0025721616095813666,108.0,0.07006313067143966,-0.1853610150979785,0.0,-0.008269309575543919,10.0,0
0.04111859182374102,0.055703394636640716,0.03330378593157335,0.042396660745523194,0.0269331803988903,0.0,-0.012898486589004218,-0.007875054863171001,0.048750184596092094,-0.017828680501601003,0.3331767071997027,0.2311194429277445,0.2380786121476466,0.7619213878523534,-0.0047588571627376255,161.0,0.05587265728787302,-0.08605470616154093,0.012898486589004218,-0.01223969219231106,12.0,0
0.07911970679377008,0.054185372707463826,0.03234787448039503,0.04338925916608818,0.06627019340119135,0.0,-0.06697024791403665,-0.059144513779348755,-0.02040344296535519,-0.011642611321090107,0.21943541740416517,0.2187408914185259,0.2257229054762771,0.7742770945237228,0.0014065879682678957,142.0,-0.005104357935988303,0.11094030244066257,0.07900491965845938,-0.015642920112988457,42.0,1
0.10121652551810637,0.058430013708113474,0.03172453320463964,0.04051769505580562,0.07688573695981503,0.0,-0.06519060116157713,-0.13201168801823351,-0.08321450024554702,-0.0330147995345913,0.6248826079497751,0.20838592036275114,0.2153394500374156,0.7846605499625844,-0.004377989504993116,42.0,-0.0649452677466627,0.3138700027526896,0.13904514261277945,-0.057831095774041344,75.0,3
0.12755104254932767,0.058370738606120735,0.03164836703139752,0.04021190122794459,0.09023217708438945,0.0,-0.08326876179166863,-0.20138864630474965,-0.16226468773469893,-0.033514074684053895,0.5616040144502106,0.1944637074536591,0.2015779684499574,0.7984220315500425,-0.00032619014898045733,135.0,-0.1450725767135789,0.1742837732460267,0.21073578754593594,-0.06670330090116772,90.0,3
0.12967302423086868,0.057796137770843165,0.09225531042084323,0.038286213321529365,0.08084334993512254,0.0,-0.036371942217263836,-0.2311901418206829,-0.19937812270224003,-0.020723341698974874,0.5162833585797273,0.20347556968196798,0.21122309821033,0.7887769017896699,-0.07112873206538996,159.0,-0.18398429099103583,0.17764269324905688,0.2394428598754694,-0.06670330090116772,85.0,3
0.14366869418493486,0.05796896383640874,0.1379152882353749,0.07562240807415811,0.058729098830371376,0.0,-0.07205622630532914,-0.2942457372824165,-0.2506939237989287,-0.019683037519601126,0.5775559586662622,0.21013951323214686,0.21884052675418095,0.7811594732458191,-0.08605283408601297,73.0,-0.24661306578042563,0.0847062413756176,0.2942457372824165,-0.07129332954663527,90.0,3
0.17252680148056504,0.06065542125895952,0.16054815538661535,0.11009958531691119,0.054075091661317035,0.0,-0.11016787185142324,-0.36379104984470034,-0.3326292177695084,-0.005736856658242583,0.4961606277266092,0.20692287646924998,0.21672322326009266,0.7832767767399074,-0.07353871830589943,35.0,-0.3170205310079211,-0.10607566267441508,0.37199718245608293,-0.0815868814687177,95.0,3
0.18621217319619324,0.060602643374442905,0.16983141983503292,0.13303502406697884,0.05716848332920551,0.0,-0.0947284037645162,-0.38271862118141126,-0.4031716930394486,-0.006695343357175947,0.4048459101436478,0.2024048537759693,0.21302230169239506,0.7869776983076049,-0.05520520872507205,107.0,-0.3833143694500853,-0.12775768104403998,0.4314868869216369,-0.09300945746858906,95.0,3
0.2041603745214793,0.058740348197301534,0.17096905504744364,0.17072426983651182,0.06153980877262706,0.0,-0.10799435579029484,-0.4109831644226954,-0.4644372663869436,-0.02512759940811658,0.717228466579882,0.1837019483110901,0.19446058441551736,0.8055394155844826,0.0048353869732663465,14.0,-0.4502913499557808,-0.11653089722672764,0.4928830943268698,-0.10600446298642804,100.0,3
0.2049137825135624,0.05879810455523429,0.17111616813859945,0.18130985282291404,0.09889360507330891,0.0,0.0005439430497204117,-0.35713194595289266,-0.4605902581489448,-0.05879108941133217,0.402461964633963,0.18398508686894255,0.1945460328962853,0.8054539671037146,-0.0008874376984797691,17.0,-0.4519027110249382,-0.17891135074673156,0.4926072516106332,-0.10600446298642804,80.0,3
0.20427983686053774,0.05754910178859553,0.17082492033754582,0.18729248879214538,0.11344527653688022,0.0,-0.003745005095410167,-0.335365440289592,-0.4635509378916886,-0.043416069592485625,0.5258088606316129,0.18278760465078328,0.19333420484889122,0.8066657951511088,0.003460915612675421,75.0,-0.46116765523975245,-0.14895328861878776,0.4945074400387255,-0.10600446298642804,90.0,3
0.20381198358603347,0.057503882060015346,0.17022439762782085,0.19440568140181094,0.12866287737146492,0.0,0.003858293242538462,-0.28099208847062074,-0.46523462159999923,-0.03153600877667258,0.5902117477362399,0.18367720732994225,0.19428114451281714,0.8057188554871829,-0.0017535686080335435,54.0,-0.44995416399396515,-0.11760194693216518,0.49255710151047344,-0.10600446298642804,87.0,3
0.20458008450148155,0.057121925510027316,0.1696098658034755,0.20772145453393398,0.11951069885341675,0.0,0.005848463228692298,-0.18724781901745227,-0.46221102702940364,-0.03486709708407513,0.7973460918374511,0.18536286323970938,0.19603650421988625,0.8039634957801138,-0.00439766236749546,109.0,-0.4441161444347907,-0.12310240629266464,0.4895893403779964,-0.10600446298642804,97.0,3
0.20309632583966228,0.06106044845624826,0.16782253299835284,0.20693849175035223,0.10026159569232367,0.0,0.0012294917722442387,-0.10109689016437205,-0.46741417492380805,-0.05413168777525166,0.4362720969661895,0.1869825902995504,0.1974838877285329,0.8025161122714671,-0.007407638076519753,127.0,-0.44616689535622606,-0.15636332252580942,0.4889617946715254,-0.10600446298642804,85.0,3
0.20297210257466497,0.05748188249880349,0.16825309472722672,0.20535673913614078,0.008484814574298106,0.0,0.006326388244408933,0.01410784312244896,-0.467834343362841,-0.06283399774957059,0.5911629315740015,0.18842219251754486,0.1990992063760743,0.8009007936239257,-0.002700896782468333,75.0,-0.4354756540217242,-0.19338355328370105,0.4857287685768915,-0.10600446298642804,90.0,3
0.202237392529516,0.05605571108940828,0.16913383861285064,0.20655458410299762,0.008279478093857451,0.0,0.0019734477226283137,0.015556726912757465,-0.47048955209129895,-0.06838078613246779,0.6144076768211726,0.18820861816903725,0.19893488142368143,0.8010651185763186,0.002656552256045022,156.0,-0.44119311934716776,-0.22068474310915567,0.48471388118642633,-0.10600446298642804,90.0,3
0.20220833521797005,0.05563266166634089,0.17010456882399966,0.20403855992606437,0.004561308077936681,0.0,0.004437778099441462,0.023898045712565423,-0.47059352824972966,-0.06345276078113202,0.8028817693367656,0.18822240802373194,0.19885225048670283,0.8011477495132971,0.0035793605935371883,94.0,-0.44045481638523576,-0.20844812954421799,0.4824271557334093,-0.10600446298642804,97.0,3
0.1981490564839136,0.055249111870311104,0.17009795053799143,0.20166270915989903,0.009879731729282162,0.0,-0.005637681390299516,0.014212505498225843,-0.48354008671102083,-0.05802458111990889,0.7406555151987804,0.18729629707436268,0.1978979132350459,0.8021020867649541,0.00037652793465100355,8.0,-0.44749730057056303,-0.18866320389050387,0.4853450665256554,-0.10600446298642804,92.0,3
0.19817514613819168,0.05756739638153561,0.17107899699277004,0.20268796835807237,0.009523076528694288,0.0,-0.001365587788152883,0.006938466690132483,-0.4834323330910091,-0.06554871061779931,0.49954940548529947,0.1865606662196625,0.1968903272977948,0.8031096727022052,0.003077162097933866,53.0,-0.4457291126114079,-0.19845655387185385,0.4860478730179206,-0.10600446298642804,87.0,3
0.19985128144766548,0.05749381931493243,0.17109361943917048,0.205531528828852,0.009536551099779177,0.0,0.0017081272915673933,0.00741983137214719,-0.47406814476224063,-0.0661011758200485,0.7466904501465332,0.18730614383464383,0.19770148933051188,0.8022985106694881,-0.0026366670370978735,35.0,-0.44851433200280705,-0.186948928839404,0.4851699773632634,-0.10600446298642804,92.0,3
0.1986923731504282,0.05732820081636573,0.17137441505498732,0.20350877446745166,0.00980816804467193,0.0,0.0068227566236216996,0.00791673908988811,-0.47742288759425566,-0.06310217576279853,0.5324009954373745,0.1867613107772615,0.1970139855423373,0.8029860144576628,0.008531895828299895,25.0,-0.4496296560471246,-0.17689049189242298,0.48165741741627927,-0.10600446298642804,85.0,3
0.19875111547160454,0.0581047355006271,0.17081016525219908,0.20356768226886526,0.010541506058585634,0.0,-0.0031100369933201285,0.0028031012487280526,-0.4771499176759953,-0.0683035109237583,0.48880363901398727,0.18614007303460808,0.19625059755999186,0.803749402440008,0.0009387396695787336,12.0,-0.4524383380107576,-0.18553622491749164,0.48326948202332776,-0.10600446298642804,85.0,3
0.19923385209117297,0.06252611214240779,0.16950591749981392,0.20326985597397534,0.010514257563016645,0.0,0.004364810983009958,0.002730252882963534,-0.4753825941397011,-0.03059389992189049,0.5514521867413484,0.1870171435626033,0.19737972862213218,0.8026202713778678,-0.001404417147352013,98.0,-0.45115475444579445,-0.07934745545740998,0.48101405098320676,-0.10600446298642804,90.0,3
0.19725874682805644,0.06459859472333834,0.17022644876153964,0.20378937875722733,0.008809705382051914,0.0,-0.0020684225065255198,0.006329548427605212,-0.4820875332007236,-0.022784065911762696,0.8438233955703809,0.18601136265719645,0.19653791154034472,0.8034620884596553,0.003519013934142139,33.0,-0.45355229647243284,-0.07459405818063625,0.4820875332007236,-0.10600446298642804,92.0,3
0.19841837337472143,0.0647369521108173,0.170600593686049,0.20488777297321117,0.008681593585279965,0.0,-0.0008593583173427732,0.006839678730077718,-0.4757708428334453,-0.005021045586483062,0.4367384062634836,0.1859696135234767,0.19659771337160298,0.8034022866283971,-0.0005699655349508322,132.0,-0.45021457465092196,-0.04681037625758691,0.4757708428334453,-0.10600446298642804,85.0,3
0.1962128451932551,0.06378983870642871,0.1706529372629195,0.20340432921625143,0.010181786636050641,0.0,0.006896667848022609,0.01205479914750325,-0.43426821024765233,0.005818778112588902,0.47996281692542525,0.1866616308243341,0.19725453279206454,0.8027454672079355,0.0018813384723862132,115.0,-0.44581108655355267,-0.08644656490265423,0.43426821024765233,-0.10600446298642804,90.0,3
0.19138573535307324,0.06139256214134388,0.17210810807673474,0.20438503393638124,0.01786555981182054,0.0,-0.01604318470226045,-0.010929967042614975,-0.4045249749851675,0.013798296186553913,0.6995135327048179,0.1828458725181042,0.19323335027526128,0.8067666497247387,0.007682444769261235,1.0,-0.4540771316004814,-0.1856017767080049,0.4045249749851675,-0.10600446298642804,92.0,3
0.18049224710711542,0.061229042694954994,0.17181306093069384,0.20712298629355325,0.019569718011056607,0.0,-0.010430869425061272,-0.018193372476750323,-0.3572121487485465,0.008547935421558676,0.5551256498941646,0.18197990399219235,0.19242574830651332,0.8075742516934866,-0.003817083598524747,97.0,-0.4615139187115217,-0.17153699793204513,0.3572121487485465,-0.10600446298642804,90.0,3
0.1795232299646469,0.06141659020196514,0.15368475690937822,0.20531831608661028,0.019064775406147715,0.0,-0.011930256455050556,-0.034122450269676655,-0.3409083284673,0.011509729520179842,0.6280418241120376,0.18039847752997323,0.19094011361925026,0.8090598863807498,-0.001160945385551956,157.0,-0.47231678862617116,-0.16518638284542136,0.3409083284673,-0.10600446298642804,90.0,3
0.17038061008443756,0.06080936316179443,0.1154485864097776,0.20299360075042452,0.02175802859610962,0.0,-0.018775400254795176,-0.050292792099553514,-0.3030644960091448,0.0011622489959029617,0.45855318964605174,0.17773203659069398,0.18830361207005752,0.8116963879299425,-0.0006566458341345472,29.0,-0.4777819921393962,-0.1273906533579607,0.3030644960091448,-0.10600446298642804,85.0,3
0.1394900331847119,0.05805583721148099,0.07283593204526377,0.19550059891852548,0.020513670221116127,0.0,-0.0054232467747244275,-0.05463087783363945,-0.22102627131607855,-0.01671044311968646,0.7507801436193136,0.1768516116478012,0.18742466866568389,0.8125753313343161,0.0004960096573074015,87.0,-0.4801356933512086,0.056031846141201304,0.22102627131607855,-0.08333545323805804,87.0,3
0.11000690709974614,0.05804221326301103,0.024798684522058724,0.18929474700973462,0.01999678384872376,0.0,0.0062384809354931025,-0.055248845499625734,-0.13414565893916391,-0.016956533714390723,0.42311023898411043,0.17601516023638972,0.186497957195376,0.8135020428046239,0.009903015079258863,88.0,-0.4832336195502174,0.12233458174648242,0.13414565893916391,-0.018365567921914967,55.0,2
0.03444236462941473,0.05938319059385736,0.024799257274796264,0.15793518514534205,0.0193712791400435,0.0,-0.002223592808258862,-0.041979893861101514,-0.031475821724790604,-0.02653283675188598,0.4224173896232575,0.1748632173438467,0.18515647302014304,0.814843526979857,0.004893652625669988,67.0,-0.48129454351258966,0.20696655580761972,0.05734958737236703,-0.015426245465178965,10.0,0
0.0345243956148745,0.057283356210449644,0.025674379819095712,0.14341493049266943,0.020422171633595266,0.0,0.001716420622931404,-0.03021987857614953,-0.03034086619782095,0.0028058630219016515,0.5846660972755573,0.17388556766771102,0.1842079872983072,0.8157920127016929,0.006951370411290361,102.0,-0.4769564169522488,0.24764109837672119,0.055731602763918156,-0.015426245465178965,18.0,0
0.035845067752691535,0.05853786296002737,0.03038907358626865,0.128994041333814,0.022260231709566283,0.0,0.009033985960629324,-0.009643693860184504,-0.017903021005936375,0.013913671453678793,0.2011192200045786,0.1773749083800598,0.18794076053555156,0.8120592394644485,-0.012458618367849804,121.0,-0.47315499671922856,0.29251536126973315,0.04720109532022144,-0.015426245465178965,13.0,0
0.037406328777519975,0.058670592821420384,0.03034445271072638,0.10818513336988562,0.014487095302677704,0.0,0.011000578127455937,0.020409392833731034,-0.010915564254510512,0.004240464296090907,0.6764044983511124,0.17847546847244847,0.18893698771043982,0.8110630122895601,0.0028660167738907534,28.0,-0.47107188744901207,0.24207255469076847,0.036719756529537094,-0.015426245465178965,20.0,0
0.03685350976875503,0.05917628395386269,0.029620133000862532,0.041148968344576,0.01195643422599274,0.0,-0.0004644010056186081,0.025497037184959163,-0.017123214797703363,-0.007392993081789697,0.35961356874678785,0.178107428906373,0.18846481474211918,0.8115351852578808,0.0017724966241117386,57.0,-0.47141970312941545,0.23369810044369632,0.03716710484329731,-0.015426245465178965,10.0,0
0.03862740664499047,0.059738953688484316,0.02764671096619444,0.03849167553644088,0.013553883569802182,0.0,0.011214397666991003,0.03056818876791804,-0.007321333923214902,0.043316091138521626,0.6876447408197468,0.17914146354710028,0.1897156051638735,0.8102843948361265,0.00310172448052581,137.0,-0.47131341359196177,0.3687223109425018,0.026369513870149793,-0.015426245465178965,17.0,0
0.038059453747890215,0.05948473103083463,0.02715819131637207,0.03751484314369108,0.012118871315225292,0.0,0.0008525742512223825,0.03374545362604362,-0.012720912466105263,0.04211307753443809,0.5887133792297603,0.17915163371644566,0.1898671582344305,0.8101328417655695,0.0004930238641469344,21.0,-0.4746039760983897,0.3424698781718545,0.02553942158747035,-0.015426245465178965,5.0,0
0.03844254247460296,0.06582426074708725,0.027681093607594864,0.03867617550371799,0.016458931280243522,0.0,-0.006714682956844399,0.025044772659644398,-0.02128162807099578,0.00524297553150839,0.29112960660629933,0.17874060354322308,0.1892033444751942,0.8107966555248058,-0.0029308475974212647,47.0,-0.4817583965033983,0.3684167304027317,0.0320826154254537,-0.015426245465178965,8.0,0
0.0382260292709703,0.06564845991490696,0.027728484000838684,0.03939706337618685,0.017163448493286656,0.0,-0.0047419796968064636,0.011050217687296505,-0.030226331068971705,0.008792078063307278,0.5094321881951329,0.17733816596703633,0.18775627721497085,0.8122437227850291,0.003995522765861942,25.0,-0.4865955435349096,0.3847915055966638,0.036672460011292214,-0.015426245465178965,13.0,0
0.039422709617213766,0.06674435964078605,0.027809595856752915,0.042243309130114176,0.017697442632880145,0.0,-0.011916953894953406,-0.011868439573047253,-0.036350329355200134,-0.00025842394703695545,0.49960114596331845,0.17572146142792192,0.18604042947276553,0.8139595705272346,-0.0005858099550905886,88.0,-0.5023135746578333,0.4114897796120434,0.04815238989107653,-0.015426245465178965,18.0,0
0.03980322595100757,0.06349853361575088,0.027752346144623727,0.042173816692512266,0.018172234654157456,0.0,-0.007126070835916781,-0.01845410416676893,-0.04190900781034939,0.012166290477811419,0.5722185867743557,0.17464241093083532,0.18485793893786912,0.8151420610621308,0.00037484366248377674,1.0,-0.505081171478072,0.4555022931777052,0.05493532338571081,-0.015426245465178965,13.0,0
0.03965646238470946,0.0639752377951331,0.07407631156235438,0.041548332403882636,0.009662598306261446,0.0,-0.002819212552745555,-0.03207597559847091,-0.046239214789048466,-0.0003135081801907926,0.24439775985886092,0.16456521503947663,0.17413824258159868,0.8258617574184013,0.05959424807349488,3.0,-0.4983868207809821,0.4518763214886645,0.057599661585178236,-0.015426245465178965,8.0,0
0.03962591719131915,0.06383427127126672,0.10538320404506127,0.041520723749316736,0.013955068545995148,0.0,0.0066834796397348024,-0.02643690991112339,-0.046371151542205745,0.004428739914560504,0.4704471831766109,0.15508048995034943,0.16404749020757098,0.835952509792429,0.067966822403393,151.0,-0.5016553900661107,0.4695655944316714,0.05130114811090359,-0.015426245465178965,18.0,0
0.042644425914857974,0.06227441758209273,0.12653888427961635,0.04182785913135339,0.02157821754319769,0.0,0.014250612336062236,-0.005887892101469047,-0.029763886304500116,0.016787532074498533,0.4730964592187569,0.14714500919003426,0.15552092146259283,0.8444790785374072,0.06743325564668522,66.0,-0.4927119680805855,0.42696376657676094,0.03778160854896475,-0.015426245465178965,22.0,0
0.043306200638009405,0.05927446405116476,0.13923877924851713,0.041933993936211854,0.02340961667334633,0.0,-0.011123140097124652,-0.01226170541117385,-0.04472555093150787,-0.023117798292043436,0.5191201937477021,0.1373601149285813,0.14514337190877521,0.8548566280912248,0.06183819189716076,44.0,-0.4988463966450614,0.4431261493039705,0.04848449852110454,-0.015426245465178965,20.0,0
0.04360040990062509,0.05670113530962491,0.13958283848531086,0.04195572029679611,0.020964096861919128,0.0,0.0033128984052303223,0.0029628330495578207,-0.039574257511020894,-0.05409581942006651,0.47602263308254067,0.13773561066255155,0.1454123382378804,0.8545876617621195,0.00022462420014008884,144.0,-0.5025835345300063,0.4391027039899827,0.04533222433370318,-0.015426245465178965,25.0,1
0.04408164493174585,0.05958327945012698,0.13941394197905554,0.04714024179139509,0.021439929579324727,0.0,-0.008360857666972926,0.0017154991616280379,-0.046785087280207124,-0.08580520372259622,0.5740674003632086,0.13665054879230512,0.1441403955867505,0.8558596044132495,0.0008565551193019864,34.0,-0.500296949706312,0.46366968842114725,0.05331406572529473,-0.015426245465178965,20.0,0
0.04358625445240829,0.059539267816772386,0.13970705591067029,0.04736919214111116,0.021341788407503618,0.0,0.003983799815139995,0.008549448447137776,-0.049542658475335524,-0.08658032437863701,0.22892540474121087,0.13721250648144895,0.14469577497651298,0.855304225023487,-0.000664464627819499,117.0,-0.4622960670959932,0.4633801563089512,0.049542658475335524,-0.015426245465178965,20.0,0
0.04118754881049245,0.05876587886375392,0.13985811042539836,0.04859688790769579,0.02059843250257428,0.0,-0.0009698474146121872,0.0008819353354598611,-0.034982503127473405,-0.06953441285118525,0.5291564528778185,0.1363942414102569,0.14386536822610718,0.8561346317738928,0.00513626512804336,3.0,-0.4253561819100812,0.4300944138759952,0.034982503127473405,-0.011928261071035983,20.0,0
0.04232754920146059,0.06022057896616342,0.1395494433722147,0.04731183913664686,0.01757740976011702,0.0,-0.01473957655261532,-0.02772613845589817,-0.039184309386903954,-0.05944796757392071,0.38488121117358387,0.13490071089299946,0.1424808485927646,0.8575191514072353,-0.001904080593288196,37.0,-0.38239934678212667,0.3479249821995226,0.03994085360649719,-0.014318178537980605,15.0,0
0.04191116604904876,0.0614023460953767,0.1395402761196215,0.046700858701073454,0.01899161027878327,0.0,0.007709076286740888,-0.009210110336104355,-0.020086690848576238,-0.053539939312418204,0.31627175902079224,0.13594418522994467,0.14361692420174574,0.8563830757982543,-0.0011566806043841805,95.0,-0.35414729911424875,0.4292277640101752,0.03253968440716634,-0.014316183153966032,20.0,0
0.03797086801721969,0.06149299736262127,0.13935114422717365,0.04670594955799077,0.018367704266878927,0.0,-0.004828117125189455,-0.017249512492657576,-0.006158046612839873,-0.05113974019823961,0.5817568529239505,0.13524554032472969,0.1429259057326029,0.8570740942673971,0.0009597941532585951,127.0,-0.3073562573288635,0.47396715371608117,0.0372106961248213,-0.011797881825279093,18.0,0
0.03782744399448643,0.061521068935920596,0.13964475362649598,0.04672427093652001,0.017501199556265726,0.0,-0.004250219335323527,-0.013175720271335466,-0.00498588581381618,-0.055413557175006886,0.3278374049360985,0.1350072548728367,0.14266958970374585,0.8573304102962542,-0.0018813468097401784,90.0,-0.2249101453792592,0.48431949596726104,0.04130276183999426,-0.011797881825279093,13.0,0
0.03809784245145432,0.0676517886774201,0.1400927785951653,0.043295917172799826,0.016823744685733492,0.0,-0.008597321696475499,-0.025541812409639653,-0.019656198362751214,-0.03254100696426568,0.3238307408726465,0.1337145704221094,0.14157343835914948,0.8584265616408505,0.0019459505079611507,26.0,-0.15116506362030496,0.3368857474106435,0.049544990405978415,-0.011797881825279093,8.0,0
0.03832329223090452,0.06721307377868528,0.13992259410397534,0.04265694044223214,0.016430578284236396,0.0,-0.0052284842286839505,-0.029695704562650783,-0.02260858995807643,-0.029965977371712974,0.6295291885413525,0.13190927459342697,0.13961561300877615,0.8603843869912239,0.009193799925092921,100.0,-0.05337278773589772,0.3473162561255237,0.05451442943371441,-0.011797881825279093,18.0,0
0.03849694670176153,0.06774998585434595,0.1404377792486322,0.04247484438074949,0.013878410502498321,0.0,0.0036001759393855266,-0.011634347182657986,-0.0207705784939356,-0.05549314419834006,0.6858723830497311,0.1322916622288022,0.1398664611224194,0.8601335388775806,0.0003505241507711579,119.0,-0.050481247348820715,0.3059344325203988,0.05111051503152547,-0.011797881825279093,25.0,1
0.037151587139354944,0.06609300084810937,0.1374597681349866,0.04345448126470248,0.00926960598063475,0.0,-0.0014441298128819683,-0.020611853424202645,-0.030939194606108233,-0.07233163069334766,0.6880717561034182,0.1310471220546093,0.13851989098407982,0.8614801090159202,0.008284998542966115,156.0,-0.0482883105611047,0.26304476696158474,0.05248083462589866,-0.011797881825279093,25.0,1
0.035258510962361087,0.06627066188621894,0.13727275364081845,0.046009870245865656,0.010648358512129672,0.0,0.0027873915834950697,-0.013117129057709826,-0.038811669992702524,-0.06520632246460413,0.3025319291035999,0.13065663139578138,0.1381048936788429,0.8618951063211571,0.005403145502561867,17.0,-0.049303582969582836,0.2983064510617242,0.04983972767913462,-0.011797881825279093,8.0,0
0.03554187147531578,0.06865325875206153,0.1373225872732641,0.04394624537615077,0.011303933628486671,0.0,0.0030597510745957227,-0.00587225215718086,-0.035422722309317416,-0.041504743340709783,0.4145044158147947,0.13080359483563284,0.13836218401138983,0.8616378159886102,0.001407637484591431,101.0,-0.051939386224198934,0.3242204482592149,0.04693247376486269,-0.011797881825279093,13.0,0
0.0354456942041742,0.062431598386760406,0.13724981747948498,0.045530986960235,0.012161213258271889,0.0,0.010942594243992644,0.013721373169891788,-0.035681990182112384,-0.07147529447270333,0.23266696808549941,0.13150563957783792,0.1389798714732382,0.8610201285267619,0.004154259533264695,160.0,-0.042742084340159164,0.17378699156705926,0.03650344253814577,-0.011797881825279093,13.0,0
0.03538165928492,0.06187927241818529,0.13663255666385155,0.046404721987902804,0.010731695497499031,0.0,-0.002695198614634918,0.016302916499783108,-0.03910025712502247,-0.10235827995158475,0.6121270469259392,0.13015044731355663,0.1374226048523502,0.8625773951476499,0.00820464639956546,96.0,-0.05132377864283811,0.16415834098321913,0.03910025712502247,-0.011797881825279093,18.0,0
0.03646997374090494,0.058329969958789696,0.13678033805590722,0.04569828164040503,0.016953815139232557,0.0,-0.011887274967149563,0.0006194382553457846,-0.04410419934325164,-0.06815680606731442,0.4626931605858879,0.12931746051105936,0.13669670166167058,0.8633032983383293,-0.0040450349480156845,95.0,-0.06444721824745528,0.05135089466315491,0.04410419934325164,-0.01191250205578283,18.0,0
0.03779606919682548,0.05835403344758767,0.13677953999904233,0.04559278530954764,0.018531806091853363,0.0,0.008852790748947858,0.010937637943468751,-0.031047098857861735,-0.07213820971787119,0.5649373658781611,0.12976657939156197,0.1370667037457589,0.8629332962542411,0.004254511418364995,1.0,-0.060334990038024616,0.04049237325812533,0.031047098857861735,-0.01191250205578283,13.0,0
0.03624361394641394,0.05845106295794642,0.13604744099075633,0.04293798638039277,0.018906751030881734,0.0,-0.0026031953864451675,0.005503238484262469,-0.021913662794030217,-0.07269530133366257,0.5195928839829489,0.12856660644350507,0.13572449462677377,0.8642755053732263,0.007149126521100531,37.0,-0.057467423289288555,0.0018718342477328912,0.032455468715629356,-0.011772654736645826,13.0,0
0.036964887230933184,0.05845267828485689,0.13659449730941434,0.042946101027638774,0.020383321950889665,0.0,0.009243064912332986,0.011701615083212455,-0.005788324463601543,-0.07270644714073007,0.21620287678128047,0.13005959547181223,0.13715524049674765,0.8628447595032523,-0.0034460792499794455,8.0,-0.047454749338797016,-0.058347489603930214,0.023512391807395124,-0.011772654736645826,0.0,0
0.037013235790336704,0.05837650763397534,0.12347691150313142,0.04315265252002099,0.018076451710194313,0.0,0.0032354839366060895,0.003988718238225468,0.0002483441298164347,-0.06333748061993459,0.6445777617924953,0.12942846660894647,0.136478909090224,0.8635210909097759,0.007700661998762354,44.0,-0.04600235389679221,-0.05822202403019748,0.02035298183679305,-0.011772654736645826,5.0,0
0.0363924012641225,0.06103658549713866,0.10144281588493177,0.04405127978067634,0.017820096712757433,0.0,-0.0009702624411280793,0.005725214899503141,-0.007356472078670014,-0.08387911578822249,0.4461798624161626,0.1288182200183497,0.13569249309022932,0.8643075069097707,0.004041973262395877,165.0,-0.05338649553929974,-0.06110829622265121,0.021303496544079925,-0.011772654736645826,5.0,0
0.033442421924747445,0.06468418570404383,0.07186131411812458,0.04368404099964437,0.010918953988905331,0.0,0.002952092117186783,0.020829084399180537,-0.018414294311109438,-0.06567694960105609,0.4008173124340184,0.12962600450078296,0.13664940697664105,0.8633505930233589,-0.003799996816309689,51.0,-0.04763009965335609,-0.039506015632613724,0.018414294311109438,-0.011772654736645826,2.0,0
0.035577247651113274,0.0633290494520841,0.022574555497692952,0.04358492546337589,0.015576705974576532,0.0,0.016159119776549276,0.028222148322836326,0.00866680890483412,-0.05271194831591872,0.6798109280661986,0.13105994955824912,0.13803432062575044,0.8619656793742495,0.0029556634868874135,47.0,-0.03644636982976055,-0.09845081598333671,0.0,-0.011393781976548454,12.0,0
0.03914083736294281,0.062375819858123335,0.02485759115050752,0.04367890605035992,0.01677758235524695,0.0,0.017204801643339082,0.04864232729847321,0.02263284256299849,-0.039506830727365376,0.2926015070557284,0.13395249870540993,0.14096471419505308,0.8590352858049469,-0.006996016098157079,92.0,-0.017837092887816902,-0.061634421107370295,0.0,-0.011393781976548454,5.0,0
0.03797012056867583,0.05920276619109675,0.026455724055734074,0.03688269657071178,0.017915296711225843,0.0,0.0006667167530441856,0.03973117199193683,0.031942573992993537,-0.0022578767700606782,0.2564507194093979,0.13482481892453657,0.1419696863950017,0.8580303136049983,-0.0059810842038663286,160.0,-0.016336949399430267,-0.17154049174493893,0.0,-0.011393781976548454,5.0,0
0.03787444878662642,0.05985701951378969,0.02836858071191581,0.03692364218494144,0.018325244379044012,0.0,0.0014089423453462753,0.03783818449320857,0.029296012319853727,-0.010294065035884328,0.40429249721665395,0.13601772752205976,0.14315051080701777,0.8568494891929823,-0.007488619411632831,73.0,-0.02169804848853353,-0.16959743956585852,0.0,-0.011393781976548454,5.0,0
0.038532134726959766,0.059748698619296874,0.028027179319238666,0.03552634711149983,0.01657655525016457,0.0,0.00892707485671101,0.04811999512039316,0.03949276424145485,-0.012834081510008354,0.43483662218238284,0.1368178946991071,0.14393497161539479,0.8560650283846053,0.001804728058596772,78.0,0.0031287053653921816,-0.15903068774466392,0.0,-0.011393781976548454,5.0,0
0.03584166261088285,0.0586495867051493,0.027980481100970917,0.03582679649473607,0.021208436533458223,0.0,-0.006781693239063674,0.03794784917216561,0.0478886785867919,-0.02425154466585299,0.3901189958768829,0.13623330278448753,0.14336132207780228,0.8566386779221977,-0.0015858724950788567,50.0,0.006827884402013087,-0.08318564450910408,0.006781693239063674,-0.008324977427863724,2.0,0
0.035376493027914575,0.05756061591558179,0.028415194131720892,0.032205970668620194,0.018278017992591638,0.0,0.002823486756076477,0.02432627028598408,0.042808289734614244,-0.030257775462342464,0.5079919090126745,0.13705681844129194,0.14425035184831864,0.8557496481516813,-0.003625416180315565,118.0,0.021861722004382533,-0.12061361420762183,0.0039773545040314665,-0.008324977427863724,10.0,0
0.03479273565542926,0.06538311619927668,0.02871697228368748,0.032506255029646665,0.011317516049602561,0.0,-0.00011116309019958027,0.006889076179886597,0.04775103264629613,-0.0020164965817624078,0.6355064775303039,0.13734801204203043,0.14477728940379808,0.8552227105962019,-0.002433476455939451,29.0,0.04129893294860912,-0.12943020300593008,0.00408807545921356,-0.008324977427863724,5.0,0
0.03421003888389965,0.06652574639563613,0.028542058344391958,0.03199426883127526,0.011378218195455475,0.0,0.0026665988807057332,0.008901394001872032,0.055029069326990976,-0.010510418311973985,0.20905388246864937,0.13769411550477026,0.1450234779706157,0.8549765220293843,-0.00012104616150819421,125.0,0.04976881485706985,-0.1455983866904941,0.001432377835951606,-0.008324977427863724,5.0,0
0.033649018820655636,0.06053870491767067,0.02867306729440147,0.03187749554157343,0.01361286654554088,0.0,-0.006682003273527015,0.0007499126554437133,0.05706730934535163,-0.03696425603779267,0.6236474201305415,0.13709970558945664,0.1444407448054796,0.8555592551945205,-0.0014505251419460784,119.0,0.0362893846300797,-0.015724855074502192,0.008104809956089865,-0.006766739744233175,10.0,0
0.03607868383861491,0.06546468199457642,0.02717956859053604,0.03060082087806479,0.014028864666975633,0.0,-0.012796187824468555,-0.02079728711007867,0.04902569179690731,-0.000441120511893643,0.6386833097852243,0.1358745438992141,0.14343822309932852,0.8565617769006714,-0.002336272063717142,7.0,0.025308700075583574,-0.21780015200746833,0.02079728711007867,-0.01112143770793668,5.0,0
0.04039854371466532,0.06429733924910025,0.027188277169694065,0.030430383438294625,0.018545418186817715,0.0,-0.01668507504668291,-0.030560919401986856,0.027822278366836754,0.005124986401648201,0.6553711703872951,0.1337697849515298,0.141260076200803,0.858739923799197,0.0011390296814700548,60.0,0.0064738150562026475,-0.1072271245932587,0.037135357860562504,-0.012659850895870706,29.0,1
0.041545661769611796,0.06680212960326365,0.02620645315892641,0.03035358202774082,0.016500612442839367,0.0,-0.008982814351391878,-0.04197418389174386,0.020062644530015855,0.030978095279051023,0.4762697426538841,0.13334164286483022,0.14102661791155768,0.8589733820884423,-0.004750558274969879,52.0,-0.011497272139519713,-0.17525267359261232,0.04578459218642045,-0.012659850895870706,22.0,0
0.04172401583293488,0.06679282480668906,0.025551814258521814,0.027978995430905783,0.015275673838231505,0.0,-0.003638432823020174,-0.04535377504195912,0.013526120943450903,0.029497966960424515,0.6461337516845226,0.1332644834452421,0.1409811275724894,0.8590188724275106,-0.002584571318762376,32.0,-0.02581052039159022,-0.17492680640589026,0.04925644084644096,-0.012659850895870706,20.0,0
0.04173690243004499,0.06597622891984918,0.02663915405810229,0.027786579601043533,0.012295247366253217,0.0,-0.002291270304186558,-0.050074198666797895,0.008119264636722918,0.025448019425390038,0.29116270969407654,0.13213490173081782,0.139901669938084,0.860098330061916,0.00645271432413491,92.0,-0.027591064129176994,-0.20322753842395383,0.05143485133042614,-0.012659850895870706,20.0,0
0.04329861635219671,0.0658321522846712,0.02629745379165239,0.026156248831105598,0.025783793677848273,0.0,0.016044783269356967,-0.028340211172738095,0.013207204424376598,0.03850005878807502,0.4647079560200057,0.13368027818532296,0.14146777330034627,0.8585322266996537,0.0021209084688342985,140.0,-0.022946045096339542,-0.1398867122993738,0.03621532910315746,-0.012659850895870706,25.0,1
0.04395295560189674,0.06217630748682391,0.026269556647775465,0.025569569201675486,0.02668988395776373,0.0,0.009172207282963979,-0.006717719557839103,0.025263840606788126,0.06343953062108332,0.597265121116306,0.1359929175995416,0.14387445723674513,0.8561255427632548,-0.009220657443050766,74.0,-0.01482423918192534,-0.16833782068831732,0.0273752963255484,-0.012659850895870706,17.0,0
0.042901323391758124,0.06314678495953929,0.028101020191240618,0.0252062005488365,0.022345412576254425,0.0,-0.007725445230985329,0.0023327293974395656,0.029582147042027506,0.04247569827144874,0.452537923749018,0.1339554718130726,0.1416950970201837,0.8583049029798162,0.008524072143152353,47.0,-0.0158267492113671,-0.09393125161927318,0.03488925520408871,-0.012224181803507053,20.0,0
0.04223952687521831,0.06282637641134428,0.027860985285120425,0.029076952740129745,0.019832589768728776,0.0,0.0029433508018251024,0.014395068822406125,0.023551283149528614,0.046345634549438436,0.4306362656956195,0.13486999738667857,0.1426261850787139,0.8573738149212862,-0.004233724723164097,81.0,-0.00822701472450603,-0.07708466878749269,0.032048595719543646,-0.012224181803507053,20.0,0
0.04229638953967508,0.06123221558980669,0.028695932764889385,0.03075198251141445,0.019707698739021857,0.0,-0.0032185890826348803,0.014822511463664834,0.022919752143550343,0.06905042253279534,0.399189720708108,0.13327690241930262,0.14103166032650988,0.8589683396734902,0.009081150967270633,160.0,0.000503833629723612,-0.11018817457064535,0.03516403354188182,-0.012224181803507053,20.0,0
0.04153926474516519,0.06009167297870521,0.02855132280589404,0.0307358333069221,0.019690362142750162,0.0,-0.0022193545976650756,0.014895660746349838,0.011302000452434083,0.0759648846907953,0.46953718558406826,0.13291914287501472,0.14063446824139414,0.859365531758606,0.0007982226612090158,57.0,0.005448256343126082,-0.05756218095175458,0.037305346680033276,-0.012224181803507053,22.0,0
0.04146292380134113,0.06216070426498476,0.027786098590546066,0.03405978240954656,0.013050405500777965,0.0,0.0016144794619845201,0.00048167726992336514,0.009667962288737385,0.06003835425060608,0.5853985389374428,0.13240113636483797,0.13997332254821704,0.860026677451783,0.005424013514096762,63.0,0.009918707400235515,-0.06162801830293778,0.03575109593408588,-0.012224181803507053,22.0,0
0.13128923944879398,0.05915135945011499,0.028827350183784864,0.03255741564758852,0.11445665626068043,0.0,-0.12675982610818742,-0.13427977154964144,-0.11746107866979051,0.07028293831866068,0.7990110978789529,0.11870018995986557,0.12638203663685532,0.8736179633631446,-0.009236999477801534,57.0,-0.12395345160289575,0.2170193093498995,0.15797911933849146,-0.016101741963350756,74.0,2
0.1796796954269522,0.058957287175031174,0.02883681747159704,0.03237516093627508,0.1485120018291949,0.0,-0.1307112411137278,-0.24158000493367876,-0.2350769596855995,0.06948272943699985,0.429250426383869,0.10521565468424819,0.11318626939790512,0.8868137306020949,-0.003981098199576063,50.0,-0.24916247767529748,-0.026792488571285362,0.26804071369343135,-0.11024861344896172,92.0,3
0.20549312749231463,0.060994274619376114,0.028502265489689337,0.03161816670431985,0.1517166634916838,0.0,-0.11708055961698453,-0.33234139586857,-0.3353743429090354,0.0928555365130598,0.4194701730244795,0.09435527114045685,0.10261159793797064,0.8973884020620294,-0.0033343615017907076,63.0,-0.3296141593457782,-0.14711552005229653,0.353738916551053,-0.125307936134507,92.0,3
0.2322151668200764,0.062144795710073183,0.02777688153329748,0.03169503519004812,0.14674050694927096,0.0,-0.13312486272704796,-0.4193544966140199,-0.43359738688308946,0.0826842414321779,0.8198643250416981,0.08308483712310334,0.09139869841906746,0.9086013015809326,-0.0029371071615592694,22.0,-0.4207780857131435,-0.02343491110261557,0.4397723345710274,-0.13011852886289677,100.0,3
0.24478599443665763,0.06144290338431519,0.027399111995501227,0.03230120308504752,0.1156891212913791,0.0,-0.10580142420949999,-0.4796327383585002,-0.49386104134994135,0.06860659737355089,0.6209415618812846,0.07527115027980752,0.08369287358480529,0.9163071264151949,-0.004220752605345961,105.0,-0.4776936602125252,-0.021134119721202473,0.49904521945497593,-0.13011852886289677,100.0,3
0.2563272572381139,0.061373999723299294,0.02646356021275351,0.03535786932596453,0.024966463192775866,0.0,-0.11085441020189227,-0.5380635311777975,-0.550601953029586,0.09499670724508184,0.5290437572990172,0.06771204801989432,0.07636394015866678,0.9236360598413332,-0.0034065044021293557,148.0,-0.5374363823090226,-0.05904106519681145,0.554578266190113,-0.13011852886289677,100.0,3
0.25531773507072403,0.06129570805763815,0.02626594308623902,0.034241215784535345,0.11344099074226395,0.0,0.0019232856170468787,-0.46999128255176,-0.5537215929759564,0.09813473967791678,0.770888917332029,0.06786688638832104,0.0765538187004075,0.9234461812995924,-0.0005246153496259065,4.0,-0.5360968250613037,-0.051843066461498236,0.5537215929759564,-0.13011852886289677,92.0,3
0.2577718510542168,0.06116994517830283,0.026361725302932425,0.034396900235753564,0.14438116566250556,0.0,0.011872067584465077,-0.3830576879318594,-0.5453399807879163,0.10021764220086993,0.8332748240043992,0.06884471243184673,0.07756133035363429,0.9224386696463658,-0.0033099127676733666,71.0,-0.5235669132616042,-0.05220680025808626,0.547775589343579,-0.13011852886289677,94.0,3
0.2575211211712903,0.061246801824436946,0.02619434084596738,0.034016203064590037,0.15043498584903436,0.0,0.0008476181510450048,-0.3006550594218004,-0.5462357999124067,0.1021073527241443,0.7632189909722042,0.06894242121507345,0.07773106416244292,0.9222689358375571,-0.0006960692043724494,3.0,-0.5268109305638614,-0.0489515663154974,0.5473922757247609,-0.13011852886289677,92.0,3
0.2581597942761167,0.05731393291044267,0.026334033343065097,0.034635708351056366,0.1310455872401149,0.0,0.004853766673146215,-0.18934184690713915,-0.5439826420618615,0.05520163572072643,0.45470359711809555,0.06912229767943877,0.07777389788461754,0.9222261021153824,0.0020217916905983084,36.0,-0.5222073423156798,-0.14870880187591157,0.5451954234366652,-0.13011852886289677,85.0,3
0.25778500372992824,0.05613931761060467,0.02798150903001063,0.036471864031963425,0.1051457275459852,0.0,-0.0003635667343493033,-0.09375451192249978,-0.5453607752513334,0.06060242549090071,0.4281297506255668,0.06979161892531544,0.07845804037881376,0.9215419596211861,-0.009846507874264845,130.0,-0.5203424018338696,-0.13814376290772992,0.5453607752513334,-0.13011852886289677,85.0,3
0.2583432518540678,0.05643757361501534,0.027979821551997828,0.03746931909615299,0.01084713192189281,0.0,-0.0012905386117393696,0.017916473599032385,-0.5428931150235182,0.07153590947457156,0.6702391511914637,0.06978673242194777,0.07854630374397055,0.9214536962560294,-0.0012128813591964663,26.0,-0.5168072550146753,-0.11763648513791625,0.5428931150235182,-0.13011852886289677,92.0,3
0.2588736649404403,0.051145556088446044,0.028290861742927338,0.03665979583022392,0.013799284770794949,0.0,-0.006244866378187684,0.009617937579191823,-0.5398596440200082,0.04674287186407624,0.8002641532988619,0.06975355119702194,0.07858660777381601,0.921413392226184,-0.005358601106785725,61.0,-0.5173009447444139,-0.1611630913839695,0.5398596440200082,-0.13011852886289677,94.0,3
0.260699965900909,0.049531539328314965,0.028165220558386862,0.03690112384135,0.008822713004501348,0.0,0.0036199320687169243,0.0013841852038321903,-0.5303579544135987,0.06439790041947842,0.6598094592781163,0.07001581561958797,0.07890115184898419,0.921098848151016,-0.0004428085249462841,52.0,-0.5172914426885231,-0.1427193053696284,0.5350707025548256,-0.13011852886289677,94.0,3
0.260877706629956,0.046243140379986725,0.028347095352853312,0.036761191109169374,0.010843380554912367,0.0,-0.006829345335902695,-0.006296894000231524,-0.5293374276173056,0.044760688789462794,0.4066326572488897,0.06932348124457514,0.07819226738794029,0.9218077326120596,0.003559510812655289,91.0,-0.5198946917340088,-0.18484768349736289,0.5382458652838573,-0.13011852886289677,85.0,3
0.26193746085677994,0.04930472537198984,0.029179189526330737,0.03727684462193665,0.0112334697225651,0.0,0.005549824229055046,-0.00560856045539027,-0.5249970668062237,0.027401618121525317,0.7159094490070526,0.07023641626744317,0.07903312778702312,0.9209668722129769,-0.007759761645298369,99.0,-0.5185721196833507,-0.21775451126892112,0.5356832109991433,-0.13011852886289677,97.0,3
0.26331873271402356,0.04807486243571617,0.02772563869377183,0.03728186570415552,0.014485237056976337,0.0,0.009001604223574792,0.0037074723746743613,-0.5196205993411035,0.019824877037084902,0.548051742406602,0.07096800883567493,0.07982378526997899,0.920176214730021,-0.0020770797147328236,73.0,-0.5157202718611236,-0.23395408388420086,0.5315036150301965,-0.13011852886289677,90.0,3
0.26142511755249503,0.10207104801867013,0.02841412636862834,0.037911799774480365,0.01445593732973236,0.0,0.00309750378957442,0.008117474600119716,-0.5257419893222106,-0.08000928488332781,0.782323646493488,0.07085391016019914,0.07886078496503843,0.9211392150349617,0.00530972279307712,77.0,-0.5194783668252908,-0.2327968212374913,0.5300524457023507,-0.13011852886289677,97.0,3
0.2599909438104407,0.12683271153332998,0.02792805156372626,0.038182696749226426,0.012701792339659552,0.0,-0.0022347104308340763,0.012185587709296649,-0.5311026424038845,-0.1577334960080062,0.6943821913771331,0.07032802191697217,0.07764943514268753,0.9223505648573125,0.006039696197578616,139.0,-0.5192564943006321,-0.2611374676223101,0.5311026424038845,-0.13011852886289677,97.0,3
0.2612020615954178,0.14106319809886508,0.025669237724450712,0.03813732743229783,0.012727213233014728,0.0,0.0038138677884818873,0.012381178623960432,-0.5256497631001699,-0.20800169964985524,0.8327555112498368,0.07081670725405298,0.07764827421340378,0.9223517257865963,-0.0028702688286561633,126.0,-0.5116174646427785,-0.28764176468403735,0.5270418448653152,-0.13011852886289677,97.0,3
0.26059713107982957,0.14086502100049428,0.026324156903196054,0.03503071845458285,0.009985348850823693,0.0,-0.0024173783683141352,0.016878484598237275,-0.5281851636786556,-0.21561558238678807,0.8478368767976863,0.07029975775815489,0.07702091651407705,0.922979083485923,0.005170405015396768,95.0,-0.5170733188743032,-0.29683704393954924,0.5281851636786556,-0.13011852886289677,97.0,3
0.2619149915339637,0.13983178610797142,0.023736176438661605,0.03443111859854374,0.010770582024051773,0.0,0.007768731502734603,0.019122390381477006,-0.5229844438349486,-0.22452852782544125,0.7070840806486449,0.07068287756001831,0.07736879268413514,0.9226312073158649,0.0017793723634271094,126.0,-0.5120513655190277,-0.3035345705878431,0.5229844438349486,-0.13011852886289677,97.0,3
0.2609275296338449,0.13980180848066034,0.023693853854162762,0.03470924409365387,0.017578355937691217,0.0,-0.01474360093170018,-0.00486099094977836,-0.5289719926595391,-0.22516912405030928,0.8630735219884325,0.06968653812402993,0.07634043079258826,0.9236595692074117,0.0004220318564649119,116.0,-0.5236484339074681,-0.30696333681316296,0.5297312319272053,-0.13011852886289677,100.0,3
0.26045573282136164,0.13982225994088993,0.022361397651362407,0.033934161458885385,0.017083991525116405,0.0,-0.0026367403634908653,-0.010549740071947917,-0.530971208569672,-0.21962993099804648,0.6320468878822885,0.06970848444851638,0.07634158090727723,0.9236584190927226,-0.0027266228141970055,27.0,-0.5264366559017916,-0.3019168948956768,0.530971208569672,-0.13011852886289677,85.0,3
0.24094654379557437,0.13982555465988494,0.020743329567711254,0.03392155519145753,0.02153930405614995,0.0,-0.01602512114324281,-0.02422522628754806,-0.47149414098627357,-0.2161490433544958,0.7887129021423818,0.06855826321013918,0.07513874534343504,0.9248612546565649,0.0016519711349173832,83.0,-0.5335730092693302,-0.3317900283387163,0.47149414098627357,-0.1286666388892163,97.0,3
0.21550397054852716,0.13818959333171071,0.0211741214990078,0.03388866572237731,0.020598624182863935,0.0,-0.012034124266079773,-0.03963054330603654,-0.39934141734448036,-0.22398409840933944,0.8709086325937836,0.06751812664265064,0.07412619873244747,0.9258738012675525,0.003966514829029046,45.0,-0.5405424107642013,-0.26954221120490945,0.39934141734448036,-0.1161466372047207,100.0,3
0.19314013040736647,0.13595042482004516,0.021203849619143154,0.03675843166955368,0.02642095274838482,0.0,0.01129924814829073,-0.02642559278887587,-0.3120034000272645,-0.23382504732560294,0.6833715715282285,0.068475141702492,0.07514774499648662,0.9248522550035133,-0.0036392660868831386,69.0,-0.5427398076667712,-0.17214360505407006,0.3120034000272645,-0.11009646230303342,94.0,3
0.15140617907971732,0.13751595411983975,0.0214103491945659,0.03662622778707151,0.02626937857885755,0.0,0.007436670472036977,-0.026746386747860177,-0.20044655317600277,-0.21899282001717338,0.8982131792813604,0.06875441069972778,0.07547471738110084,0.9245252826188991,0.002764245027478431,73.0,-0.5471308383922552,-0.1889365756212746,0.20044655317600277,-0.0923349787495614,100.0,3
0.11445541035676285,0.14084467461516662,0.021943257937194854,0.03611810361860416,0.023924598894924466,0.0,-0.005757890944057664,-0.017870144257703384,-0.11099198008621475,-0.20133333824427993,0.46979733521696565,0.0688150926867276,0.07573206428395989,0.9242679357160402,-0.006387740187318879,57.0,-0.5500384065692862,-0.18570023311198972,0.11099198008621475,-0.015832893111511415,42.0,1
0.03820180247531879,0.13915189210101223,0.022629759338672756,0.03419442815650655,0.025316797156284578,0.0,-0.012094159928100442,-0.027183114254281722,-0.012247010140371148,-0.21168768536190108,0.4058040565183064,0.0684866517481825,0.07547060042750087,0.9245293995724992,-0.006541656250246553,120.0,-0.5561057354678958,-0.08274344138435541,0.044053185443450084,-0.014346184781160218,13.0,0
0.044389953013055934,0.1393735384699215,0.023037876572502614,0.03699398321741711,0.029507392645791983,0.0,-0.02381706487382131,-0.03488669957618985,-0.03762331242057162,-0.20997660611917732,0.206484266938865,0.06674721848829183,0.07376074660445947,0.9262392533955405,0.0032184082962322573,8.0,-0.570512064909977,-0.13354013773416376,0.06682103274166626,-0.015832893111511415,32.0,1
0.04227204763023605,0.1394849190115191,0.0228641574935878,0.037740877263873776,0.02871447385806143,0.0,-0.004328228343717287,-0.02735904823820316,-0.05303117635181826,-0.20885586771583364,0.6252114835906569,0.06655228797966878,0.07359208829111152,0.9264079117088886,-0.0011395656253345107,52.0,-0.5694511364468734,-0.1688047735359597,0.0708600443975146,-0.015832893111511415,34.0,1
0.04752875965678681,0.138710126368423,0.02322357640136375,0.03821484326479214,0.0341485668169629,0.0,0.020061179928266025,-0.018932053279637286,-0.034851941407062895,-0.23016529648530315,0.3505291774625868,0.06811018439356037,0.07503568049114095,0.924964319508859,-0.0044620585834479936,79.0,-0.5620503632264822,-0.18997629606018365,0.05222040056963204,-0.015832893111511415,25.0,1
0.047384814758195413,0.13869829033692765,0.023229728436301274,0.03895383349058242,0.0331438239948168,0.0,0.0036574875506924886,-0.022612319580830074,-0.03600095085586465,-0.2296865070616362,0.3344794650460924,0.0682070779050792,0.07502887220659225,0.9249711277934077,0.0020710938570697706,7.0,-0.5603997005544137,-0.18954952459344157,0.048753908483915157,-0.015832893111511415,15.0,0
0.0474579007435512,0.13960382876717936,0.021471726268618232,0.038989986272185154,0.03308484479019608,0.0,-0.0044589179588938425,-0.021335366833272487,-0.03995030139471507,-0.21870636698544643,0.6229288439392324,0.06764244834765544,0.07447804488094428,0.9255219551190557,0.004117582336973994,41.0,-0.5635237493059023,-0.19534555116049238,0.0529954367647038,-0.015832893111511415,20.0,0
0.04776880739725687,0.13830308773725755,0.0214491495491585,0.03847541821173434,0.032137371852565634,0.0,0.0039049686083389326,-0.005485899581452018,-0.03495591080007281,-0.23012549326302612,0.38868525302713075,0.06786492034142821,0.07466052517230438,0.9253394748276956,0.00038561004524666946,86.0,-0.5588717025208553,-0.1926293244313833,0.04929741367331625,-0.015832893111511415,20.0,0
0.04879512298919198,0.13804718910165015,0.02245818147037161,0.039188353231288435,0.024920505154858632,0.0,-0.012565557331677909,0.005976893404353342,-0.04109398771454794,-0.23248297367846266,0.48604594202017193,0.0665069861416479,0.07324798003794512,0.9267520199620548,0.00846486861287459,70.0,-0.5587686461556177,-0.19616150976310912,0.06124352152717866,-0.015832893111511415,34.0,1
0.04849344393377026,0.13715842131060463,0.022882504572930888,0.03942755774208332,0.024552941158550064,0.0,-0.0023249282487552616,0.008000927492147326,-0.046773988797100145,-0.24999787222643524,0.6731794787520788,0.06662119503413134,0.07327326400944044,0.9267267359905595,-0.003764750951577209,134.0,-0.5523249861925041,-0.2119415629200791,0.06342606298268214,-0.015832893111511415,44.0,1
0.04830552600548329,0.13740436658295516,0.02294202582969048,0.03941995847246296,0.013889959916229822,0.0,0.0009126463744542495,-0.01092121165220687,-0.03934337469047873,-0.24817699629390944,0.2886370395709055,0.06691550204106393,0.07361524262714608,0.926384757372854,-0.0035733313175769573,119.0,-0.5478548815553426,-0.19661386386510787,0.06257130217465494,-0.015832893111511415,32.0,1
0.047764492735860524,0.13754545496601844,0.021898640124993513,0.03892195268687677,0.012706277070811279,0.0,-0.0006028271049605071,-0.01511964280014446,-0.045221338292902,-0.23895065883014413,0.39071100384118773,0.06652489911522476,0.07316618752011812,0.9268338124798818,0.005331569513051874,62.0,-0.5464773351383002,-0.1923734592232367,0.06313640960267189,-0.015832893111511415,29.0,1
0.04726885600634718,0.13723326640093442,0.02267799982542874,0.03798833373418589,0.014839868680020494,0.0,0.006578448507220856,-0.004200469675309109,-0.04751427555116197,-0.24114198695284422,0.5384918621619212,0.06730562447757898,0.07399703124102419,0.9260029687589758,-0.005546226988498301,59.0,-0.5424454785531123,-0.20470485658179136,0.05697330071495301,-0.015832893111511415,22.0,0
0.047249926138697725,0.11024381162420575,0.022409694161852643,0.03995145388168112,0.014559510612758956,0.0,0.0029182663616598406,-0.005179205376931769,-0.04768446946624062,-0.16255393442010954,0.5296069312072087,0.06720918216008571,0.07388806470360468,0.9261119352963953,0.004144904943803586,163.0,-0.5483567309514956,-0.16355871758740534,0.05422129762028235,-0.015832893111511415,25.0,1
0.04782362530886302,0.08195903192511414,0.02355075407598781,0.04017024400046985,0.007813056162896808,0.0,0.00557232706661515,0.013094356684698879,-0.0402330546555584,-0.10675753726822726,0.23960624525919277,0.06817701451762011,0.07478255058415781,0.9252174494158423,-0.00893769028776703,120.0,-0.5499678154198959,-0.25119165495135515,0.04895110935798369,-0.015832893111511415,20.0,0
0.047626364985271286,0.05000866315256794,0.024044985291397793,0.04228883843510405,0.009904556906368222,0.0,-0.005505325991064702,0.00986480520448527,-0.049143326204778556,-0.026553473705741716,0.590741823775262,0.06819484037413426,0.0749297714814833,0.9250702285185167,-0.005479640398794848,117.0,-0.5489609115274522,-0.27919251424905284,0.054186943534408435,-0.015832893111511415,25.0,1
0.048522999002550346,0.050958246875598044,0.023253945406699925,0.04032668609464644,0.011144944694790737,0.0,0.007458307766243587,0.016469010966394373,-0.039730209069686634,-0.03043971449907528,0.30781941007223235,0.0687361133255621,0.07537135655969135,0.9246286434403086,-0.0008804330211555219,108.0,-0.5469304657678826,-0.324402630659058,0.04713277866995653,-0.015832893111511415,20.0,0
0.04993501801807442,0.050981337680989905,0.0231544432100593,0.040316224738489816,0.013985740915086078,0.0,0.013490399740603782,0.030802980224620673,-0.034278218954495863,-0.031012363757955665,0.28161275166566446,0.06975280079310543,0.07637305242428126,0.9236269475757187,-0.0021832421389554315,52.0,-0.5393356875138748,-0.32238885451410876,0.034278218954495863,-0.015832893111511415,17.0,0
0.04852096606862007,0.0509883466849161,0.0252413352522986,0.04033064886493536,0.018020943499308915,0.0,-0.007790731362728118,0.016087988605941312,-0.027463203502808023,-0.031094744351758043,0.3380575468399666,0.06864975707031805,0.07518017799741152,0.9248198220025884,0.00874308845700122,115.0,-0.5419079306806522,-0.3432739810406046,0.027463203502808023,-0.015506186571508073,12.0,0
0.0488596029826079,0.05254385349848393,0.02565110717708464,0.03875457085310551,0.02010462086760108,0.0,-0.007122518453886253,0.00591535421543927,-0.0318373211692442,-0.012656730812339614,0.5951458424741336,0.06854977762727883,0.0752018437124863,0.9247981562875137,-0.005269228535534852,135.0,-0.5459038288400618,-0.36532212349278076,0.0318373211692442,-0.015506186571508073,25.0,1
0.047881730254435935,0.052081975753234,0.02554324017658233,0.039590242748730575,0.0218957158459007,0.0,0.011067429272166147,0.011412330944772724,-0.00518014043205376,-0.003802203423400744,0.20590174685054646,0.06926100307749603,0.07591814498203774,0.9240818550179624,-8.323296671168644e-05,63.0,-0.4742318755551279,-0.4118109709141748,0.011662980512888332,-0.012494847721141289,9.0,0
0.0463560276815741,0.052928777148312914,0.025110309268877896,0.04046441767021053,0.02080599511309567,0.0,-0.0014612484444844799,0.015525203547116465,0.005466084400615977,0.0007342448236522348,0.20399170400122907,0.069093494800404,0.07582392592211899,0.924176074077881,0.0009811400751469955,117.0,-0.3960581668357309,-0.38950734634674283,0.013107186445240301,-0.012494847721141289,12.0,0
0.04643558738444789,0.052542463574575496,0.02490514823402316,0.035637768804739595,0.022087470326487613,0.0,0.011629253724974725,0.019729547003389053,0.005794186508499843,-0.0035144300509292866,0.25061221321652855,0.06987434837984834,0.07662028147686,0.9233797185231399,-0.000496581606716886,31.0,-0.30801701940980875,-0.410652307421546,0.0016303595170578257,-0.012494847721141289,7.0,0
0.04598395068072319,0.051414569654515956,0.025800029242351145,0.034693068848151196,0.019551667611668183,0.0,-0.003507124578530173,0.0026273842413482946,-0.005131766221653885,-0.014048760982920098,0.5714441960565759,0.06919596626711319,0.07589881131643939,0.9241011886835607,0.006513529860321046,122.0,-0.2045496745468211,-0.4578025242313828,0.005131766221653885,-0.012494847721141289,17.0,0
0.04711134773342774,0.04644152684977292,0.025140074725018655,0.03707296176794122,0.019559870516646236,0.0,0.012052449793241006,0.022678917165205502,0.012689790591234911,-0.04503632038061794,0.3695793573216214,0.07019314526896187,0.07684645005554282,0.9231535499444573,-0.003090785219204167,43.0,-0.09971065447958043,-0.4763328496125061,0.0,-0.012494847721141289,7.0,0
0.04529987387582963,0.04638158534160864,0.024355563253851527,0.03716287036579732,0.016096610775538537,0.0,0.0011742661098123742,0.031224731539345102,0.026291086424075915,-0.05254349566077651,0.4564413995605894,0.07046954796676257,0.07710369840024474,0.9228963015997552,-0.002796869622793085,67.0,0.013722089081667737,-0.4701355696822546,0.0,-0.01184933343633544,14.0,0
0.03745582912883593,0.04574727369753699,0.024674673075057302,0.036164150325009296,0.01482608290725893,0.0,0.002210869889993479,0.02219160199049009,0.05365505324314114,-0.05751367446217695,0.6407453533512715,0.07099903364677003,0.07767220706399966,0.9223277929360003,-0.005419623025499813,58.0,0.014013059991460413,-0.4539607876717877,0.0,-0.007690499426401838,7.0,0
0.03825323032458194,0.045856414488143975,0.025354673085244167,0.03633379643374372,0.015644032907253448,0.0,0.012959120076891827,0.036953552467821525,0.07194913623220635,-0.056611442265751516,0.26065236057520247,0.07149112423356567,0.07814639764935942,0.9218536023506406,0.005042057486561655,85.0,0.015102412548496957,-0.39114231543065026,0.0,-0.007690499426401838,5.0,0
0.03437068995962919,0.042824879471739644,0.024987166285997287,0.03492497648709509,0.01609128601651888,0.0,-0.0028497752386067027,0.02211206734391266,0.04787275818289061,-0.04531272764420216,0.5137270707284143,0.07119389528505354,0.0777891894522926,0.9222108105477074,0.001568908335440153,122.0,0.011352358212643118,-0.23888371934604646,0.0028497752386067027,-0.007690499426401838,10.0,0
0.03555423216520923,0.04532609123974292,0.024950953692144062,0.0328692403544651,0.01818588123201279,0.0,-0.007555542035757442,0.017959567673578744,0.03616574818587089,-0.016006085759802745,0.617633772656643,0.0705690009547155,0.07727164761329706,0.9227283523867029,0.0016558583834298747,41.0,-0.0011372039930988682,-0.3128968384621612,0.01038378567775639,-0.007755452963682517,5.0,0
0.03541344083196305,0.04507580479167875,0.024581077140420043,0.032747383103366924,0.015846551044187432,0.0,-0.003556173206889868,0.0022598407232224064,0.037105330899487574,-0.01800685451428742,0.28264274520323934,0.07024187893350398,0.07696295502293574,0.9230370449770643,0.0013100213146403062,120.0,-0.004327339648012654,-0.30566637477186104,0.013903032344232935,-0.007755452963682517,5.0,0
0.03540662654131019,0.04656708971631077,0.025368670534343205,0.03284977884036143,0.016153718817385122,0.0,0.00380049487621245,0.004888917113032629,0.03699740209355932,-0.0260219247281084,0.4826484489026232,0.07092914756193712,0.07759996454304946,0.9224000354569506,-0.00609879203944984,137.0,0.0007482134060696162,-0.3067747245483231,0.010155375871208558,-0.007755452963682517,10.0,0
0.035422063827677916,0.0503612446876676,0.023733691309599486,0.03257315673082959,0.020076778859468413,0.0,-0.012604261740077925,-0.009965802615025806,0.03695675496882268,-0.007484899412758894,0.4430728157881575,0.06988552947339517,0.0766653844483895,0.9233346155516104,0.002914172877342919,5.0,-0.005655933180383615,-0.4343721954745152,0.022631636595736897,-0.007755452963682517,0.0,0
0.035378548302940266,0.05148821148617093,0.02362237308113565,0.03296954583883199,0.015123772248608166,0.0,0.005319024170906522,-0.017432990646910274,0.044901674432747014,-0.010633415619567656,0.6918079957444561,0.07010689670248595,0.07673496357407478,0.9232650364259252,0.0019103682666636575,27.0,-0.00397254478124148,-0.5022863086116831,0.017432990646910274,-0.007755452963682517,12.0,0
0.03588055365181027,0.051609296275534455,0.025022876903385394,0.0329643714393544,0.015175300785276891,0.0,-0.0042898217027103405,-0.018851976585465703,0.03947056351142642,-0.009318930502283338,0.3023344260018756,0.06925786390666527,0.07586665476311578,0.9241333452368842,0.008191998704326986,82.0,-0.0014257163485266982,-0.5097232701195533,0.021648027928000354,-0.007755452963682517,5.0,0
0.03660792677260633,0.05187658938106371,0.02450635626269031,0.03261481562480792,0.017963135081203323,0.0,0.009516851077647675,-0.0019739088772405097,0.04999601612258242,-0.012302337956395432,0.3785853820930014,0.06969953582412228,0.07624490845336339,0.9237550915466366,0.002502602959310836,142.0,0.0025137910713037307,-0.525696559873591,0.012337197908268214,-0.007755452963682517,5.0,0
0.041792759253253466,0.05543448458309022,0.02420584038686333,0.03240445201786054,0.0251080875021691,0.0,-0.01926114089928436,-0.017703814663995968,0.023041866671727047,0.00463403844162869,0.46275163180346224,0.06873294569317571,0.07544330092439083,0.9245566990756092,-0.004258511753973154,29.0,-0.025567226481688504,-0.6131530439334675,0.03136071030033906,-0.011882232183475453,20.0,0
0.042337684753753754,0.05629197844106301,0.02382175594816917,0.03197475639599763,0.02407662505124201,0.0,-0.0063023390832321015,-0.02759021670314742,0.013636249362146498,0.012597240703526004,0.2091649976392025,0.06843246354268262,0.07522593846069354,0.9247740615393065,-0.0015762210404413025,116.0,-0.034698457420437444,-0.6276530925062473,0.037465403553367416,-0.011882232183475453,20.0,0
0.044198798894046876,0.05453710000038945,0.024274208024501046,0.03178610757434155,0.024413858698077488,0.0,-0.013576945255645336,-0.02854813755487824,-0.005666585503420183,0.01833115916015861,0.3298089968422897,0.06688517673037046,0.07352194977011622,0.9264780502298838,0.010285834944508833,37.0,-0.04567165611470909,-0.49110065401410796,0.050533683075988024,-0.013431042728310225,15.0,0
0.044346512108191606,0.05427033396988662,0.024613634887135506,0.03628524876348398,0.021771880178492693,0.0,-0.006624098632657633,-0.04008892074109278,-0.006785176733553271,0.017148497457342995,0.5671153126443145,0.06690569184543355,0.0736725313448472,0.9263274686551528,-0.006567754301442767,12.0,-0.05559505678475775,-0.4947419207386413,0.05682304160767885,-0.013431042728310225,20.0,0
0.04372329146341105,0.057549903026165916,0.025996594715714593,0.03681388531788218,0.023236629903961394,0.0,0.0021244370401042327,-0.0339052759751128,-0.012043636989178827,0.007844194795711829,0.689865376725662,0.0675528721452631,0.07420516455655987,0.9257948354434402,-0.007449837346060625,127.0,-0.051295349843325976,-0.4484674514055358,0.05481932154189736,-0.013431042728310225,32.0,1
0.041335094597836,0.058214631236817825,0.025882175903970815,0.03799696045932007,0.017542935828509836,0.0,-0.0013624502896254628,-0.04431662833716555,-0.026522281976803924,0.021963655751615775,0.432399934296841,0.06736237837257371,0.07407418900346154,0.9259258109965386,0.001484511701129325,31.0,-0.059891364342526024,-0.44630212100607675,0.05610708323101099,-0.013431042728310225,15.0,0
0.04077956767242766,0.05785748416826768,0.025709032214787455,0.037684475113705734,0.012256084855565673,0.0,-0.0019668823341154515,-0.02746419592602952,-0.020808379233008795,0.027216610835450752,0.3642022485851939,0.06668664773292118,0.07334145377304095,0.9266585462269591,0.00828795119442724,118.0,-0.0477001179823771,-0.4736683357652837,0.05796360953430062,-0.013431042728310225,20.0,0
0.04027633175499868,0.05775195079880332,0.0249357334708481,0.03789494871091927,0.012438805149188534,0.0,-0.0011990196330255328,-0.022469557133809707,-0.014966530144057955,0.0030843492041590344,0.30106603840281565,0.06657988948706688,0.07315919482060845,0.9268408051793915,0.0005554388688779572,128.0,-0.046327357086316606,-0.44458833055391783,0.0590931296614935,-0.013431042728310225,20.0,0
0.03857632371778478,0.05893942126380026,0.026014459442596262,0.038975022161123245,0.007061245430446415,0.0,0.001762208899070767,-0.0072686855788170815,-0.024032150543364668,0.013892193274126304,0.5822346206635396,0.06711258873481438,0.07381389237576925,0.9261861076242307,-0.0063825140629545805,151.0,-0.02908780106071954,-0.4469239890381162,0.057435055201386156,-0.013431042728310225,18.0,0
0.039201473134183346,0.05854071575544769,0.029010683358251674,0.037929153067382225,0.008226606200982577,0.0,-0.00810166546783744,-0.008745293642707265,-0.0305224680314754,0.011599720804475088,0.21729690391828305,0.06577707017215702,0.07246283662086608,0.9275371633791339,0.012534589378965108,140.0,-0.02522322201723457,-0.46875858484689736,0.0650714010658552,-0.013431042728310225,25.0,1
0.0376877733011892,0.058536920680488734,0.02945455783243087,0.03807624126713672,0.010317432869002512,0.0,0.0058886736218061175,-0.005021886559176622,-0.036023854443537916,0.011488944817681474,0.30116487698810074,0.06641062366682972,0.0731381695909979,0.9268618304090022,-0.004108629451394697,3.0,-0.030438396866438983,-0.4933871984787087,0.05956591168703954,-0.013431042728310225,8.0,0
0.03823956169841382,0.05861023913006006,0.029108046535063686,0.03815269065569053,0.011775088778053586,0.0,0.0055258565242283855,0.0018411785443112137,-0.027285630095833818,0.015361820961964782,0.23673130720728508,0.06643369822751007,0.07315111552887828,0.9268488844711217,0.004784917838960734,59.0,-0.03227737284262536,-0.4771770048861543,0.054369207844528596,-0.013431042728310225,10.0,0
0.036119027360454775,0.05776760602375682,0.02988485222038187,0.03719432569526324,0.01172547991226969,0.0,0.0032490884789135527,0.007077051236390649,-0.03574680822514339,0.030541154684588158,0.3610782789039587,0.06608437505159287,0.07277883824345445,0.9272211617565456,0.00830546775707585,133.0,-0.023510637144590577,-0.43504301856542416,0.05129676973243036,-0.013431042728310225,13.0,0
0.036533939459805466,0.057610718391916976,0.029577350664008798,0.03697916778286287,0.011751701044534227,0.0,0.004654876968078652,0.012979453259581195,-0.032394554533635336,0.03204093498908149,0.6816759622400943,0.06632722011457595,0.0729872203558569,0.9270127796441432,0.0006967038183872405,36.0,-0.006955156142472666,-0.43863865022212567,0.04688067291631603,-0.013431042728310225,20.0,0
0.03656561304044518,0.05786720513192857,0.028718470282805355,0.040431668364509094,0.011746272164621648,0.0,0.0025234213234686972,0.013749189369239835,-0.03209279521520753,0.03869582560790473,0.2611769356826987,0.06624447539170765,0.0729261343096274,0.9270738656903725,0.0035616312388567456,166.0,0.01984031739194042,-0.42468297878706596,0.04447555128254292,-0.013431042728310225,13.0,0
0.03824910305367375,0.062425634715920476,0.02941587484590022,0.03926340460752038,0.011762525278322502,0.0,0.016856803128771438,0.03925747628419227,-0.02836846376578489,0.012101819507977379,0.5547385789730128,0.06672943153914504,0.07320016936643883,0.9267998306335611,0.008497277644379788,90.0,0.041539586002238595,-0.5675872771440127,0.02836846376578489,-0.013431042728310225,10.0,0
0.03821343105317646,0.07393270547071633,0.030845381058202313,0.0415871322956982,0.0134482383881461,0.0,-0.0006109342324694648,0.03254225398116134,-0.026186918325429794,-0.021276092710961727,0.6953097741413707,0.06717960034786709,0.07343440029805726,0.9265655997019426,-0.007003630599094879,160.0,0.020432199848912407,-0.49163646031987945,0.026186918325429794,-0.013431042728310225,17.0,0
0.03766863676423889,0.07189555473724478,0.03102683376270951,0.04336470883105053,0.015189989467384984,0.0,-0.002404428697695325,0.024398898417871254,-0.021132507961667164,-0.03251587409688123,0.3078768987679683,0.06672026650372515,0.072983665389316,0.9270163346106839,0.004590695736348129,158.0,0.014268967262726162,-0.4713872096738832,0.021358384759946714,-0.013431042728310225,5.0,0
0.037923266435464995,0.07197983734381477,0.03152217308419401,0.04499378402530349,0.017813660873092926,0.0,-0.006034247286784026,0.014919857727744873,-0.023566871138443447,-0.03147635077201867,0.5663047889110547,0.06589237691947533,0.07214619998141845,0.9278538000185816,0.006832191912947287,41.0,0.012664003209186595,-0.4743115945201353,0.027263750271442944,-0.013431042728310225,5.0,0
0.038250813629426894,0.07126454369679457,0.030778599287370857,0.0450414788486671,0.020029525336628665,0.0,-0.00829380445529311,0.0018388741887699026,-0.035331434513266764,-0.026222537777028477,0.6092507240787165,0.06491349572673497,0.07107619356384756,0.9289238064361524,0.007265850090047388,162.0,0.0003587962910629658,-0.4345259242321481,0.035331434513266764,-0.013431042728310225,18.0,0
0.03757392727575746,0.06928453782833546,0.03113059410769436,0.04619233016713685,0.021848408829385282,0.0,-0.010010626348412408,-0.010686614933517781,-0.03279749757620559,-0.05636678667034001,0.5264097952574557,0.06445042943759842,0.07055063916833436,0.9294493608316657,-0.0021689439611612964,93.0,0.0029471683111027052,-0.3307646601958597,0.042878677953233975,-0.013041997419560396,18.0,0
0.03733718039679878,0.06908241526858654,0.031136138520921362,0.04603222844845572,0.008013481516011368,0.0,-0.007131449342649724,-0.0340251019076033,-0.04477591323247351,-0.020994320852661282,0.6133854147662818,0.06383984579144628,0.07002567483639462,0.9299743251636055,0.0027255635090304843,74.0,-0.0018847522781199558,-0.32185728229032906,0.049704340176180424,-0.013041997419560396,18.0,0
0.037277390788436816,0.06901239737934534,0.030851865753487286,0.06597697840657371,0.008099808325197072,0.0,-0.00047698910408549064,-0.033895635180206884,-0.04111811238198201,-0.03183892228660134,0.4376612929876986,0.06400933757666387,0.0701764057901303,0.9298235942098696,-0.003054678203864439,97.0,-0.003270503936798575,-0.31952538901460076,0.050157620851576115,-0.013041997419560396,13.0,0
0.035808161786660166,0.06907309735178865,0.031257201259484994,0.08907558392258995,0.011102202682711186,0.0,0.0028335151312206108,-0.028823038086386074,-0.047466228097984474,-0.03256604495515654,0.5499031302301545,0.06438774056512549,0.0705288752105206,0.9294711247894795,-0.003195512547279144,24.0,0.0001566657193329399,-0.319589899324369,0.047466228097984474,-0.013041997419560396,13.0,0
0.031212405172087225,0.0663519059102394,0.0314345170164285,0.10521447909183405,0.011980975059143778,0.0,0.0005177071235931403,-0.022421301244349708,-0.02825620033546316,-0.06224014800545352,0.5233620638825566,0.0647517106567326,0.07085229812268291,0.9291477018773172,-0.005066086601052519,8.0,-0.005865409264515464,-0.2078337788460541,0.03124879259763918,-0.009753103064444513,13.0,0
0.031184798334030917,0.06625879797374735,0.031344160355068894,0.10627247459067211,0.011306430738417708,0.0,-0.0061316933335222494,-0.020289990795265608,-0.02808932467927346,-0.06268870675645524,0.29119908293144303,0.06413881219476704,0.0702793754816775,0.9297206245183225,0.0037042040663966013,6.0,-0.01483610835286783,-0.20607457737236712,0.03718887791790987,-0.009753103064444513,8.0,0
0.029575539368564652,0.06949302608054529,0.029855132065420925,0.10574902102479262,0.012307907525472814,0.0,0.007477796303346129,-0.002983155819923177,-0.007344343112914876,-0.0746411380753177,0.5308534921425314,0.06451566586775172,0.07048332265265955,0.9295166773473404,0.0012763465267761767,156.0,-0.012969311268119272,-0.3718370406948939,0.029989172468383875,-0.00826498360717476,10.0,0
0.029484083446533603,0.06764528107384805,0.029059732174202744,0.1023703122443195,0.0110450167261415,0.0,0.006156150873381385,0.010359961177128188,0.005426640108175651,-0.08811077779889855,0.43703573337652135,0.0644641146944822,0.07037745029107409,0.929622549708926,0.006577502574905286,69.0,-0.00139535733758098,-0.3265326077143532,0.024017639465285713,-0.00826498360717476,2.0,0
0.02945173021661534,0.06455723850683279,0.03164022460961111,0.10254608696207825,0.01120866868914374,0.0,-0.0012027990282947893,0.009626281933276895,0.002088440122774747,-0.07347425301434574,0.6862544072808427,0.06525140382751533,0.0711925304979073,0.9288074695020927,-0.013113764312547089,119.0,-0.009980349281116416,-0.31735908180480754,0.025191550100169723,-0.00826498360717476,17.0,0
0.029882423891052997,0.06309607349236489,0.03234963760818931,0.1024885076358454,0.012646048533383166,0.0,-0.005217379943890605,0.001520853526393358,-0.001779810620596487,-0.08455203418798661,0.5264241019868179,0.06524838159826737,0.07121048276283845,0.9287895172371616,-0.0048209108848862895,162.0,-0.02825488795825564,-0.3145741949589433,0.030277496155812187,-0.00826498360717476,18.0,0
0.030151006480309044,0.06410765758916055,0.03143824952186192,0.10305515425987619,0.013258030241684754,0.0,0.004588389792998971,0.0055956175735176255,0.004776690229260394,-0.0765479919493098,0.5750915223200044,0.06539268387035425,0.07139018663111915,0.9286098133688809,0.0020221595841323444,38.0,-0.01613108418551746,-0.27632524872355374,0.02582803131713211,-0.00826498360717476,5.0,0
0.030145553531239756,0.06368619065776643,0.03280997374480752,0.10307619489097727,0.010775700242565326,0.0,0.001636134925463912,0.013455103586810456,0.0076288071870559,-0.0717813591059144,0.6011150066889797,0.06484754667612011,0.070750647934551,0.929249352065449,0.009991254836697586,164.0,-0.007451899729730334,-0.28614839479289506,0.024234154535762133,-0.00826498360717476,10.0,0
0.032295562379001976,0.06175228847015337,0.03220240716414173,0.10226261256125951,0.014857334206328328,0.0,-0.01165545232290399,-0.005791661492893674,-0.0058674315931999885,-0.08600682218856855,0.5604170412531309,0.06438766116749871,0.07029860193895315,0.9297013980610469,-0.003822955656134009,27.0,-0.02975857513721398,-0.28915309536006617,0.03560714682588866,-0.009753103064444513,13.0,0
0.03128185551679951,0.06283450990694765,0.03191968723598444,0.10246814719218181,0.012775552365705508,0.0,-0.00045495294332868047,-0.012324260369920717,0.0017965050192592059,-0.1151803241459723,0.5480584410679242,0.06499915157295727,0.07083440366968578,0.9291655963303143,-0.009690244597473922,82.0,-0.028780796779234917,-0.23242335540161457,0.036045900192965365,-0.009753103064444513,18.0,0
0.030806566896300593,0.06237529640366653,0.03175609104260897,0.10230386902047565,0.013377130058574126,0.0,0.002242023029697406,-0.008917795903749432,-0.0018353102243175898,-0.12322045761115373,0.5025490256951354,0.06533747991278756,0.0711514085580484,0.9288485914419515,-0.003053978719769139,155.0,-0.03779304971947595,-0.2629176041203442,0.03388469290162677,-0.009753103064444513,18.0,0
0.03102286770872957,0.06206442721346022,0.03143712435360202,0.10185086148931036,0.014045249035450545,0.0,-0.0072197883705389845,-0.010912755724088518,-0.014487647903980168,-0.13756349391962858,0.28093518143802326,0.06491366245067054,0.07065767091887774,0.9293423290811222,-0.00019220526435683455,126.0,-0.0413779733981473,-0.2657167893582544,0.0408598409604153,-0.009753103064444513,13.0,0
0.030864286777157905,0.06170861684491037,0.030633782016258777,0.10210433349845356,0.012917813684829223,0.0,0.0016514269176610907,-0.013804400248775066,-0.016057063935516792,-0.1394285547486868,0.4555781835930392,0.06469867393620274,0.07043097998755005,0.92956902001245,0.004856975195620507,139.0,-0.05122988337549839,-0.2806252870330603,0.03927589108396759,-0.009753103064444513,18.0,0
0.03217874465772933,0.061768257865003055,0.03135525661676805,0.10286021173666698,0.014499245429872727,0.0,-0.01170947997589858,-0.026944288310698335,-0.03208405368831304,-0.13822636271869007,0.24319694626046978,0.06356713598948693,0.06925004435773466,0.9307499556422654,0.006664769252373852,131.0,-0.06343925959508223,-0.29246628012938225,0.05052547079968288,-0.011408728426730253,13.0,0
0.03422666402468817,0.060307662196058216,0.03144783620063035,0.10039365126590138,0.017790543499632248,0.0,0.011070745969863297,-0.004569644664679331,-0.02383178581348712,-0.14877625667288424,0.6056318749267007,0.0639513849905456,0.06957614061056276,0.9304238593894372,0.004320576021924657,157.0,-0.05515975240696972,-0.2991953727977122,0.040014079482050616,-0.011408728426730253,18.0,0
0.03130086324324319,0.058629173267406104,0.030219381202508028,0.10061612983443702,0.02048762783772416,0.0,0.010342587576563094,0.006183447082524336,-0.030085341026826185,-0.12751875265483137,0.5263710095114402,0.0645841373134874,0.07021772190342675,0.9297822780965733,-0.00022867042574236486,131.0,-0.05760032988581028,-0.12624956844500812,0.030085341026826185,-0.011408728426730253,18.0,0
0.031301110436708926,0.0470628157948499,0.031615040326223656,0.10128371669761116,0.020604543748183272,0.0,-0.0019598723379937798,0.001965027311456393,-0.031394495676812996,-0.10063387300718768,0.38225665050879654,0.06369471731171213,0.06920113328721675,0.9307988667127832,0.012177653245980885,145.0,-0.05675928890808603,-0.1384616877252625,0.031394495676812996,-0.011408728426730253,13.0,0
0.03156726333578973,0.04671426450437175,0.03171420496837838,0.09952028738605449,0.018887628392003766,0.0,0.0030723021175317966,0.012352336210418135,-0.026076918327907667,-0.11812244946845935,0.3260045492037228,0.06411123299762046,0.06956090113455962,0.9304390988654404,-0.003563216860991404,21.0,-0.04665835560539458,-0.15547703351283876,0.026076918327907667,-0.011408728426730253,0.0,0
0.036050798963396066,0.0519673051574589,0.03098332055170194,0.09873573059328748,0.027267548864964776,0.0,-0.01938654675113133,-0.008910391741035197,-0.039159977383240896,-0.14977083719043793,0.22244985851136923,0.06293695502414082,0.06822263731667091,0.9317773626833292,0.0003228509193801397,92.0,-0.06180397038090915,0.1473796453486626,0.039159977383240896,-0.011701375827949391,13.0,0
0.03624912113327329,0.05225697218485671,0.03028485269274938,0.09808437169217848,0.02643445870077792,0.0,-0.009298042480426892,-0.006492124445837696,-0.04013295919087412,-0.14362980188904537,0.48149489372472204,0.062159837526885836,0.06742481131626799,0.9325751886837321,0.0036804283198261173,27.0,-0.0740464386846649,0.11764075987179626,0.04013295919087412,-0.011701375827949391,13.0,0
0.03524861228625154,0.05215868457581595,0.03032161343107063,0.09642658837949564,0.02289696991399841,0.0,-0.0022960548627686756,-0.019626736391755505,-0.03265311839650072,-0.1323466972253989,0.31638650585701045,0.06218434317545052,0.0674634930410763,0.9325365069589236,-0.002546381919871932,141.0,-0.06437967540124154,0.08675895988683124,0.03569514371087685,-0.011701375827949391,13.0,0
0.03552086980301464,0.04731668226235905,0.03022041128949427,0.09626911444224945,0.017556842964765403,0.0,-0.00861659199826249,-0.0380235386088035,-0.03410008548564075,-0.1469525835994998,0.23640885188383126,0.06173990449848417,0.06702329951059466,0.9329767004894053,-0.0009411070651397217,140.0,-0.0773491362491893,0.14850446874098228,0.04400416521946337,-0.011701375827949391,13.0,0
0.03624120546639638,0.047317769881226976,0.030279414815262855,0.08730234046890852,0.020757190616486728,0.0,0.005950658094555295,-0.030398851121480323,-0.027888658823106306,-0.1477765410422192,0.6722017940743045,0.06184024768019501,0.06706353738930185,0.9329364626106981,0.003988367159167862,121.0,-0.06786004219741708,0.14309748950565257,0.03831536086686542,-0.011701375827949391,25.0,1
0.04003479943371957,0.05099307051138281,0.030526051397136968,0.06606069204660103,0.028322130743691883,0.0,0.016543206029156588,-0.017377452881722016,-0.014598969353394761,-0.13050704524429305,0.34146671596925804,0.06309218285821996,0.06840193247852268,0.9315980675214772,-0.0047114755846713935,39.0,-0.06137223944205551,0.2845013760494732,0.022406013746610873,-0.011701375827949391,7.0,0
0.04094309315525223,0.050757888303997134,0.02997363789560128,0.030276487353139616,0.02357962705177766,0.0,-0.009461970123191138,-0.007432542649349196,-0.024427865108546967,-0.1282673963901946,0.32322055022590934,0.06257813578721148,0.06784639257250133,0.9321536074274986,-0.0006801663299702576,152.0,-0.051993826793735355,0.29753473944264364,0.031655978837151766,-0.011701375827949391,20.0,0
0.0410202136847616,0.05564089480404463,0.029780900957835442,0.028127646341236597,0.02279710478778846,0.0,-0.006715211577761772,-0.004844848255120288,-0.025000641336003326,-0.11779198690015834,0.3511048159956346,0.06220751234192978,0.06759637110641989,0.9324036288935802,-0.0004935751595103808,2.0,-0.05238771488359972,0.2366404017259692,0.03815861381932092,-0.011701375827949391,15.0,0
0.04023037349852924,0.051141733952834056,0.03273512002476241,0.027088262013549847,0.0228482483496886,0.0,0.002024474363751087,-0.0005353565076018752,-0.030278162501435096,-0.09689053033126355,0.6992288509521576,0.06151040716085399,0.06680924313379999,0.9331907568662,0.013284933315225643,165.0,-0.03740013240011084,0.3560752086828157,0.036211390591003326,-0.011701375827949391,32.0,1
0.04212343117593163,0.051416378248543455,0.03246254484708482,0.02780927802147925,0.023398222944487776,0.0,0.013342941316365353,0.021603179358963172,-0.023351615734277714,-0.10400836747948888,0.524339738638054,0.06196970567073285,0.06718476982870754,0.9328152301712924,0.005062973566636589,112.0,-0.018051696440636398,0.2929311090849494,0.023351615734277714,-0.011701375827949391,17.0,0
0.043013457973216936,0.0512478651884598,0.029087399092310052,0.027805870680047893,0.026101661374482794,0.0,-0.009831991273966613,0.005574953079822788,-0.031789451419094006,-0.10063559986815808,0.5514510133006185,0.06160999334969277,0.06682069247728958,0.9331793075227103,-0.0034174320551782103,5.0,-0.029767401662143894,0.28945389018126116,0.03273943392661145,-0.011701375827949391,20.0,0
0.04294717310339068,0.05128742456946844,0.028540163156310357,0.027157037445460202,0.020147595182418043,0.0,0.002135648679850232,-0.008677150244064905,-0.02463283274282314,-0.10003013715696815,0.3501201965160087,0.06144347396406476,0.0666238966123877,0.9333761033876122,0.004726122291117861,121.0,-0.02636880158608857,0.29963236597275145,0.030673705175605633,-0.011701375827949391,20.0,0
0.045467821464112164,0.05048723701039159,0.0294654691715416,0.028012223537445705,0.022651490013109874,0.0,0.015083467238611828,0.015887734879058025,-0.01444303355513653,-0.10337910407304766,0.23903284160842425,0.06265190383441921,0.06787950794585325,0.9321204920541468,-0.005438597395736637,88.0,-0.009735333223139835,0.3197678619098967,0.01605290376409689,-0.011701375827949391,12.0,0
0.04706761544961173,0.057226112350379416,0.027937466397723074,0.029048937105935473,0.025938116418751444,0.0,-0.01329735549346609,0.009155809301304833,-0.029136798089509384,-0.07724594089900914,0.5360045894511487,0.061684469514235556,0.06702138641204258,0.9329786135879575,0.002892520627338597,43.0,-0.02173026991712653,0.14975826113779736,0.029136798089509384,-0.013059174165830963,12.0,0
0.0467851977364495,0.05742442592189596,0.029327354011866508,0.0288320012170131,0.02807916411305832,0.0,-0.010306407488785484,-0.0032628305360071874,-0.027811614488050387,-0.07273792611336105,0.3347576366464825,0.06162317203148729,0.06701890037179449,0.9329810996282054,-0.008694735252124094,83.0,-0.033515863335745286,0.1335088409278944,0.034414696551900166,-0.013059174165830963,20.0,0
0.046829449387383364,0.05491624399695419,0.02722074974359124,0.029149495169598638,0.02364732331105702,0.0,-0.003353099222844939,-0.019685271064078178,-0.030630441073962754,-0.04314441827428618,0.4949565857237044,0.061142667115099546,0.06656084590510591,0.9334391540948941,0.004641485474071149,104.0,-0.028888963795835047,0.1358945483094713,0.037652399882482486,-0.013059174165830963,25.0,1
0.04677042114392312,0.056106979328492235,0.026861222550941317,0.027511154355887753,0.02261426911677951,0.0,-0.0041419848120684555,-0.014051886534198163,-0.03680506030120859,-0.025995875955322087,0.5201568629297222,0.06092369278514706,0.0664057067898734,0.9335942932101265,-0.00037019318399570983,108.0,-0.03857282182204875,0.12708198354690448,0.04163842902609977,-0.013059174165830963,25.0,1
0.04706636688621053,0.0551080241513773,0.028224837959917374,0.028547532391571,0.023881637382063014,0.0,0.006757591911908025,-0.009504601726800573,-0.02324421188723613,-0.008195172802532218,0.5771156571675131,0.06173407890192327,0.06728089995874492,0.932719100041255,-0.006892376640050949,134.0,-0.03739510583358851,0.11889127189544602,0.035162212625403075,-0.013059174165830963,25.0,1
0.04709146676366771,0.05985523499079959,0.028005545809650707,0.028962603826723537,0.016696827991903234,0.0,0.0020752937972963134,-0.022197681999906772,-0.02283088004649086,0.01232125072509945,0.6911712864508182,0.06166634963619065,0.06732653756257034,0.9326734624374295,0.002916289132222241,55.0,-0.03852134708139704,0.1319010987119443,0.03315989074986748,-0.013059174165830963,29.0,1
0.04774599505470529,0.059949409898597344,0.02773198277783432,0.02796192403537046,0.017280768527107415,0.0,-0.014289427540968106,-0.02318080528742538,-0.025381795026049408,0.01090357527233547,0.5520719139952867,0.0605173503104893,0.06612903326481108,0.933870966735189,0.005337239844344554,166.0,-0.05665149784004092,0.13939894973520667,0.04697548243469893,-0.014140616733842802,25.0,1
0.04647624266672177,0.06023125955577364,0.027567365762323798,0.028304160965744587,0.01699341760809489,0.0,0.004317602420203242,-0.008747031348846294,-0.03189146477026459,0.008436975451911905,0.3067257899898454,0.06059791940664689,0.06614974902177442,0.9338502509782255,0.002764238161788132,92.0,-0.0549632200260684,0.1516911733159992,0.04286070147114596,-0.014140616733842802,20.0,0
0.04501076472811604,0.062034191217051345,0.027540387951351615,0.02838475355754511,0.0171719103874068,0.0,-0.004604949824325669,-0.009992106835518544,-0.046214169480927415,-0.008585838315512621,0.6127311865208385,0.06024605675744643,0.06570856160649799,0.934291438393502,0.0015710966794642667,134.0,-0.07490914145864835,0.159793764996776,0.0472682799157616,-0.014140616733842802,25.0,1
0.04664117540927883,0.061186443829997904,0.02586496723717105,0.027202872652518934,0.020041907134818345,0.0,0.01056119782451981,0.00462470263215881,-0.03424829859764266,-0.001134869974269887,0.3356997828926451,0.061258857528893845,0.06673627528719975,0.9332637247128003,-0.0067566195790360745,159.0,-0.06456758621219376,0.1410617136670433,0.03720629174625693,-0.014140616733842802,20.0,0
0.04653630415184015,0.06482118320627261,0.025989011328163402,0.02768400411832576,0.019415002592643858,0.0,-0.005011630441048842,-0.007119585766101043,-0.04203145800299168,-0.0130889291437872,0.2991115185952745,0.06066747210017732,0.06598021254550927,0.9340197874544908,0.0051384383474021135,79.0,-0.06701232543335245,0.183079809789946,0.04203145800299168,-0.014140616733842802,20.0,0
0.04309250573223911,0.05711165640170805,0.028949707591285893,0.02604391276134222,0.019322396084327727,0.0,-0.005084969567405023,-0.014214147721249463,-0.028060141377096948,0.026321745482842173,0.316006096033007,0.061078926851571895,0.0664955779716523,0.9335044220283477,-0.011512374439658723,67.0,-0.06612128425864018,-0.015840271697159597,0.03609630859014024,-0.012848713292763998,17.0,0
0.04259998563823273,0.05788439748989586,0.028819560292187914,0.026050619657530073,0.01480460974084891,0.0,0.004528544104461089,0.004605261073737135,-0.014495405274021416,0.01833887411026492,0.2551230035749035,0.06150202975551519,0.06688484484677949,0.9331151551532204,-0.002610955899794517,161.0,-0.054046620956578056,-0.04305621596843622,0.03173122821113784,-0.012848713292763998,20.0,0
0.043087706368481235,0.05828004159706871,0.031228569456436296,0.026380933421084763,0.01539395767231736,0.0,0.006349340789041786,0.006637581377137121,-0.005955720551304104,0.02632924844569801,0.5871655579069788,0.0611486553308068,0.06650848299743424,0.9334915170025657,0.011736993483737815,76.0,-0.038414366099506624,-0.024644722151675492,0.025583359803663424,-0.012848713292763998,17.0,0
0.04237102638178767,0.058326286898708654,0.03222081934803562,0.02635560694634693,0.014123453856065707,0.0,0.003765788817440693,0.0151028636780695,0.006459894554273145,0.03141995589967694,0.5223836875971868,0.061806342224866515,0.06722659108585535,0.9327734089141446,-0.0071630704759830435,120.0,-0.027860473887896548,-0.02727662364817187,0.02191391251648393,-0.012848713292763998,17.0,0
0.04404650018600244,0.05987992314474814,0.033449613345662724,0.02678486980373289,0.017220648643992673,0.0,-0.013569931438647235,-0.009136715747262936,-0.013070576771664948,0.023538620094470504,0.45677496234069537,0.06160095471191981,0.06699703589151458,0.9330029641084854,-0.009364966030246922,44.0,-0.040594714738565074,0.07468624104918031,0.03518647366472996,-0.013529045046870063,20.0,0
0.04084642158507786,0.06370752230132047,0.033437689663275455,0.027492709389710927,0.017471145204600164,0.0,0.00450314161218875,0.00033860936610119257,-0.024759891854578647,0.03675371668212958,0.5530848881806214,0.062140666316940714,0.0677002009746891,0.9322997990253109,-0.004635177066957264,125.0,-0.03899739230559505,0.04871087524631101,0.030841781726287043,-0.013529045046870063,25.0,1
0.04062305874293318,0.06376510584482543,0.03357957331664488,0.026670837315538536,0.01863440892031787,0.0,-0.008310366273312775,-0.0029043699404219655,-0.023626073435475917,0.0364007746564456,0.3748193223569187,0.06149680327621456,0.06699231843740173,0.9330076815625983,0.0026435347758452365,158.0,-0.04747680400909645,0.04512621839801833,0.03889584149693281,-0.013529045046870063,20.0,0
0.0402846257468461,0.0612029782341033,0.03357885536946114,0.02718752240014091,0.01809688217468628,0.0,0.0020230650471364246,-0.005391309942202965,-0.015036567626964498,0.003437655004865774,0.5580982017861095,0.06161394655606204,0.06705149678379879,0.9329485032162012,5.08807246664718e-05,78.0,-0.03966128512880152,0.085522048169556,0.036951465267207786,-0.013529045046870063,25.0,1
0.041549627696786905,0.061319955837843027,0.031022776131253527,0.02744209307777583,0.01829016608928694,0.0,-0.011458587521536875,-0.022991480709682707,-0.0282900591865033,0.0018437609439580435,0.27853688587049896,0.060582494219253616,0.06596323878813219,0.9340367612118677,0.006112939072285624,82.0,-0.057711650678714234,0.10910483342468895,0.04798664118993133,-0.013529045046870063,20.0,0
0.039196190056774244,0.06063302644363867,0.03046485025801702,0.02697212664444027,0.018284112104132094,0.0,0.0037512233670075556,-0.02300565789057392,-0.03748770324248573,0.017841283283540656,0.6162120770614954,0.06074727841508442,0.06615333793464019,0.9338466620653598,0.0007701392117060605,144.0,-0.05996392053588428,0.19354771070027574,0.04441542643265965,-0.013529045046870063,18.0,0
0.03861983971980584,0.06194290154648645,0.030735856474212054,0.027877638437734407,0.015432571267133197,0.0,-0.006464864733283627,-0.015968554914207622,-0.034214621632511516,0.009353480612033236,0.23899744860048067,0.060708840504169886,0.06607494879118292,0.9339250512088172,-0.005372267369662043,19.0,-0.06491640899939612,0.20176763603552372,0.05059315144198503,-0.013529045046870063,8.0,0
0.039390596198609906,0.06258743658564912,0.030946622777470574,0.030538258744424642,0.014453940591333305,0.0,-0.010319057465541636,-0.030488678718299616,-0.046217560658709064,0.02026004107580322,0.6964791077478734,0.05977675100941004,0.06516792431681243,0.9348320756831876,0.00569223358344161,60.0,-0.06971192396004494,0.16643178199569944,0.06039013527043397,-0.013529045046870063,34.0,1
0.036339756961739834,0.062481489359869996,0.030592461793901647,0.030208467537062515,0.016958697430685437,0.0,0.005945924256214656,-0.01655121824902217,-0.05480328618435987,0.017243072189951688,0.3984107263144123,0.06027177616233709,0.06568411460529237,0.9343158853947077,-0.0026787050888611146,156.0,-0.06845479403820394,0.15519448641348788,0.05480328618435987,-0.013529045046870063,13.0,0
0.03477768889967301,0.05820307425541296,0.03079633807970132,0.03339165788034774,0.01697343405377912,0.0,0.002075169447449093,-0.01650007969662872,-0.04007741092893404,-0.008075184292095564,0.2081754942245737,0.060135963665057246,0.06551236183772513,0.9344876381622748,0.00422659857738553,17.0,-0.06804648158825677,0.29653700448165504,0.04007741092893404,-0.013253229851080682,8.0,0
0.03382608595651588,0.05944126651052341,0.030771821515835403,0.03283148098443305,0.014479397297963503,0.0,-0.004901050058860592,-0.009975985217107857,-0.03483465222235058,-0.022360290804941275,0.46785892820571173,0.05937019597166539,0.06463584151065128,0.9353641584893487,0.008305406697582014,131.0,-0.06167745879196765,0.328275974810495,0.036366941849610264,-0.013253229851080682,18.0,0
0.03622513767870437,0.05868790245033256,0.030583567398430624,0.0326755860357747,0.018867970633771484,0.0,0.01202049808556278,-0.0018198003322269431,-0.019946667941064405,-0.029628627172042874,0.27134503921793307,0.05984137301812464,0.06509185011554665,0.9349081498844533,0.0033306933422350333,95.0,-0.049966133778036485,0.3341001415044803,0.024783592518928498,-0.013253229851080682,5.0,0
0.036170916784378164,0.05732948469167667,0.031611143384026145,0.03228435036289703,0.018070804000488386,0.0,-0.0034918013886849884,0.001167162944255206,-0.01930680320049072,-0.043639681919645124,0.6594416325976984,0.05918377207314043,0.06437709045003824,0.9356229095499617,0.007813283955039788,166.0,-0.055401275445681686,0.3654761214342287,0.02818885452483929,-0.013253229851080682,17.0,0
0.03537033475762335,0.06100121447419556,0.03144461181743345,0.031194150440819697,0.014016169816270992,0.0,0.0003622236473357726,0.011972410826470744,-0.02553659893134058,-0.07210399266766811,0.45996666696014693,0.0595848139674523,0.06468268147550509,0.935317318524495,-0.006262283389355032,109.0,-0.04818723270213726,0.31067754048116,0.02783684154720372,-0.013253229851080682,10.0,0
0.03539071509382376,0.05510161119806693,0.031421434777179326,0.0305757915821632,0.013370396248984716,0.0,0.002298306171829993,0.00830294035333544,-0.025319731597804217,-0.0902147943011463,0.2926976724720779,0.059823456978937956,0.06494889293826825,0.9350511070617318,-0.0018552543459105066,50.0,-0.04757253988937627,0.312575250464219,0.02560251296010592,-0.013253229851080682,2.0,0
0.03299424801801919,0.05561049183989204,0.030973535037684224,0.03204906844813845,0.014501537808390377,0.0,-0.0049472728980711565,0.0012368544135409106,-0.016082117586951085,-0.09692722735308873,0.22310069042264213,0.05945572902843517,0.06451596565046071,0.9354840343495393,0.0015628099420742876,123.0,-0.04105571960082367,0.34781113342159753,0.030423123239687027,-0.011287658013137589,13.0,0
0.0329414387707554,0.055492736149986586,0.031485818569459555,0.03234733011275418,0.013597227747420428,0.0,0.003954610645436569,0.010147138026892684,-0.016437736265246784,-0.09355994473909633,0.21537981737270068,0.06004000991556763,0.06510940806649165,0.9348905919335083,-0.006026379079216185,129.0,-0.04780497754850536,0.3591667747856648,0.026588824201281554,-0.011287658013137589,5.0,0
0.03290044812595218,0.05483821571767165,0.0326095868812267,0.03402432856830508,0.00834338780894599,0.0,-0.004246577855380633,-0.006089825786483387,-0.016083624453084918,-0.08984604640968592,0.406038293007035,0.05932775399284107,0.06430372438357695,0.9356962756164231,0.00802483026485921,79.0,-0.06155450258766988,0.35370568806524966,0.030722490544608416,-0.011287658013137589,13.0,0
0.03091126870169484,0.05483966093731409,0.03262031624711564,0.03448610206896029,0.008275717126881557,0.0,-0.0032557014993597464,-0.005854341439783524,-0.029536222408868353,-0.09079045887947446,0.4279259448183319,0.058706705942623776,0.06362460193348754,0.9363753980665125,0.007509512666355371,37.0,-0.0627729556420057,0.3742798260847191,0.03387816878543801,-0.011287658013137589,8.0,0
0.03296687982379449,0.050271563461139625,0.03237818921043275,0.03416978632553453,0.01404111409327274,0.0,0.011289177770788876,0.00500470915841975,-0.013637198461421793,-0.07238742294517832,0.27653475027525615,0.059140985613399935,0.06401157144133093,0.935988428558669,0.0032275640840423577,6.0,-0.05509546513000376,0.31104734687266306,0.02297144768461674,-0.011287658013137589,0.0,0
0.0335681605071625,0.04910490094220138,0.029713161878996877,0.03413065554694674,0.016153559026186863,0.0,-0.008361198646101705,-0.00568357842358246,-0.01688526527486647,-0.0837839990815308,0.6882587932590224,0.05844531700991997,0.06327571429487838,0.9367242857051217,0.003963340574192734,157.0,-0.04447160372116088,0.34927583277957475,0.03114057749343883,-0.011287658013137589,25.0,1
0.03776678334677795,0.04889173197562891,0.029459713356982106,0.03444309030502553,0.02348387218697943,0.0,-0.01940943248560432,-0.020135036499803614,-0.04031294947888181,-0.0811434682427959,0.641474433838703,0.057384488167340056,0.06219324256860987,0.9378067574313902,-0.00011984790055954426,132.0,-0.05422400221241569,0.3495120475033305,0.04994558904262152,-0.013253229851080682,18.0,0
0.039818486328808765,0.047712234592548954,0.027919725960915232,0.03616138621154295,0.027601312646808585,0.0,0.013341459017532134,-0.01097342327548458,-0.0336450409826795,-0.09602823681560824,0.4828225614905997,0.0584198042505909,0.06320987797302725,0.9367901220269728,-0.005335989371587036,56.0,-0.039400381071953594,0.25472116274101236,0.03727047705440802,-0.013253229851080682,15.0,0
0.045319082184675015,0.04969791976552344,0.02688631019218448,0.036214411970788084,0.034251596109834026,0.0,0.021135430732595523,0.01423711630779026,-0.016922773907966735,-0.08890541908233494,0.6395006731116883,0.05974687530702837,0.06460285889007802,0.9353971411099219,-0.0028344871104673585,90.0,-0.01057219868870486,0.35648068299879715,0.016922773907966735,-0.013253229851080682,22.0,0
0.04346626058701814,0.049158313538633924,0.0245777028267952,0.03532566433367258,0.03424298288046188,0.0,-0.003203866327507698,0.01428986118458727,-0.006591942701846992,-0.07050963164179253,0.2400766648074893,0.059613389294154,0.0644993735304749,0.9355006264695251,-0.0008057656126546674,77.0,-0.019576358980353033,0.2953752368095639,0.011045345558828775,-0.011287658013137589,12.0,0
0.04567067476623375,0.040609740149817365,0.023757400855578398,0.03587270249000024,0.03606016674750955,0.0,-0.015591392284635245,-0.012670468530577853,-0.026464525527936968,-0.0883270095127924,0.24176417210055284,0.05862454361139942,0.06353621517073546,0.9364637848292646,0.0019138169746701834,65.0,-0.05056915859246116,0.1807539798716888,0.026464525527936968,-0.014971471570170489,9.0,0
0.045098164875032404,0.04448039455312667,0.023769406567484722,0.03616872877513988,0.03541714881182432,0.0,-0.002432128620840392,-0.006767163897783965,-0.02069389660590829,-0.0649892647021669,0.6645591410052849,0.058493040429835164,0.06348370293745434,0.9365162970625457,-0.00012488163455725014,155.0,-0.04383105452050687,0.13027769360779246,0.022671096550034086,-0.014971471570170489,24.0,0
0.04502148319263995,0.04400346269991452,0.02374716624030937,0.03708157295043546,0.029474459508775034,0.0,-0.0022345003781184722,0.01062919610415002,-0.024854938354339145,-0.06165964652170434,0.6427104832949744,0.05824381401121846,0.06318994061245245,0.9368100593875476,0.002200821294024924,52.0,-0.03951777301987459,0.1462258721749771,0.024854938354339145,-0.014971471570170489,14.0,0
0.04374585250813579,0.044536401344277964,0.02461165681207287,0.03714099772497309,0.026658881581638563,0.0,-0.0014496698803124616,-0.004122343541720642,-0.014981657895822429,-0.0521073394709031,0.3867877332492342,0.058557804223269026,0.06356269786490844,0.9364373021350915,-0.006741548585629549,104.0,-0.04284788509374097,0.1312515135946197,0.02473498961464438,-0.014800542061771203,12.0,0
0.04424992411589175,0.04400794619733808,0.02504280091272376,0.03785978225061481,0.012464785588874637,0.0,-0.008950479129564943,-0.03346407873589344,-0.02744631013615122,-0.0640661550341744,0.3948655113988442,0.058274510701951304,0.06326524213219122,0.9367347578678088,-0.003574855873876906,34.0,-0.06390511424915168,0.13066500886045684,0.03346407873589344,-0.014800542061771203,15.0,0
0.044268331207551345,0.04348081924162727,0.02416577476786444,0.11991762954050462,0.01576740234724369,0.0,0.004843790319965335,-0.025660728613411708,-0.016376470923588064,-0.06170880051901191,0.35278913521414634,0.05845042291323972,0.06337879950420178,0.9366212004957982,0.0015905403071983194,71.0,-0.05003077779977319,0.07778152237376718,0.028782381396575584,-0.014800542061771203,9.0,0
0.04338792342031244,0.04553877575537291,0.024246577286134406,0.14346113545364705,0.011410883587152181,0.0,0.004392202355432853,-0.005881542522711927,-0.0017552524274431517,-0.05614206469120299,0.6558581244060445,0.058334560385105046,0.06330902692010767,0.9366909730798922,0.006052961453320818,65.0,-0.04789168960061552,0.181658984551152,0.02451659708450774,-0.014595255311374698,21.0,0
0.04446533452917046,0.04608161475295974,0.025921775994562645,0.17645488661561523,0.015329200412290826,0.0,-0.012028838861167521,-0.015445069030217496,-0.01959240692862043,-0.06786510232540718,0.4869683577417952,0.058167383664896634,0.0631335651605967,0.9368664348394034,-0.008435309365947169,58.0,-0.07332196482903068,0.20869022890674066,0.036250529749921545,-0.015057009271115087,22.0,0
0.04485629195685998,0.05644351263910424,0.02571904269811097,0.1997176222636583,0.017162565566646696,0.0,0.0058258218853612575,-0.007491466673028467,-0.015922853744173817,-0.03728767742456647,0.23526243238718897,0.05833045599885814,0.06343221461022554,0.9365677853897745,0.002523240645795799,82.0,-0.05536211792044128,0.2531131619456116,0.03063589699413332,-0.015057009271115087,20.0,0
0.0477978295259629,0.06265756409838556,0.024763047700698818,0.1992041248087633,0.02387718005615488,0.0,0.017003036388597584,0.010849590239620219,0.00573862111099568,0.003670303008696655,0.47740501440557714,0.058974416832998006,0.06419420333592116,0.9358057966640788,0.004753569579051203,123.0,-0.02929593398199228,0.36566496387211567,0.014153763876924312,-0.015057009271115087,17.0,0
0.0463013286999045,0.0678726514644116,0.024571247525323088,0.19863423005378392,0.020866685341795033,0.0,0.001505181885737142,0.021514143756299873,-0.004711423759997257,-0.024034494657347447,0.21121154154260802,0.05904855323233679,0.06412888329777472,0.9358711167022252,0.00029722734807315223,141.0,-0.024564114495791357,0.33080683994236887,0.012669885980189718,-0.015057009271115087,12.0,0
0.04624795337424146,0.06879520608279667,0.023221180319489193,0.19896623907847466,0.02152753922319377,0.0,-0.0026507290120525804,0.01389529038619192,-0.0038713807684595857,-0.00999686193959014,0.5260135771148031,0.05883248586195431,0.06396323356048497,0.9360367664395151,0.0011132302118554765,115.0,-0.02310343998233949,0.31467916060244056,0.015287030557895211,-0.015057009271115087,17.0,0
0.04625414839005024,0.06511095930744434,0.02224969058929364,0.19877076992923037,0.021583224789004592,0.0,-0.0010588903699628002,0.008392621977600217,-0.005286480529684946,0.004232465475931256,0.5076359406260798,0.05887023516060022,0.06395516498561672,0.9360448350143832,-0.001582697403084343,39.0,-0.03068808072798062,0.33980480915388833,0.016329733638414928,-0.015057009271115087,12.0,0
0.04648886900420859,0.06533138644550887,0.022124401202332097,0.20091104891319142,0.015787223507882232,0.0,0.0051366982958472125,0.025912972471903377,-0.0024695676386499274,0.007195821501194424,0.41310468711822024,0.0591264365789147,0.06424123795206581,0.9357587620479342,0.0004449267684272027,162.0,-0.027726770446680905,0.3452242324484828,0.011276916257519802,-0.015057009271115087,12.0,0
0.04823336642611941,0.06419651449284243,0.022165707265784595,0.20111733630694772,0.022672075866620362,0.0,-0.013932900522029735,0.005759652487318562,-0.01147756969183893,0.02099388773422042,0.47857797372021676,0.05843341316171234,0.06357000414791868,0.9364299958520813,-0.0014256043496971558,147.0,-0.027375103653393434,0.3141593872379962,0.025052696627138254,-0.015342618520244418,17.0,0
0.0480673165026248,0.07128244917116,0.022775408099091975,0.20077181234297486,0.014757499969818278,0.0,0.0014432850039019765,-0.009628079491370331,-0.01395029276133008,-0.006570164848950941,0.5329134918839185,0.05897765723017036,0.06399462780879389,0.9360053721912062,-0.007720094917740797,62.0,-0.03015871779334314,0.2720064504566393,0.023645569804585532,-0.015342618520244418,14.0,0
0.04799097562975499,0.07044422152258271,0.022872117454264308,0.1989822372491048,0.014383953452211147,0.0,-0.003083361444275575,-0.014165614146483308,-0.01279841200840732,0.005404517427568735,0.5500603684965768,0.05832370535388351,0.06330566234958793,0.9366943376504121,0.008277145267871691,38.0,-0.028676191609153162,0.2628499712518133,0.02665602341059772,-0.015342618520244418,12.0,0
0.05030419173707273,0.07189080299513056,0.021609617581306056,0.19916297192836516,0.02156381467438011,0.0,0.015303343111504771,0.003581169433118667,0.005582950532630073,0.026099801027456033,0.44004423490191136,0.05901375696502563,0.06405823915176906,0.935941760848231,0.002456978785338925,103.0,-0.024118171144867754,0.3062104397589245,0.01176060657133363,-0.015342618520244418,12.0,0
0.04904452545642164,0.07154875699701677,0.021435786759782603,0.1982528047068889,0.02158573801971496,0.0,-0.0013212408082067017,0.0033176003827753327,-0.0069563134097276776,0.0349925093801716,0.25160184168399297,0.059072422845262346,0.06414287020698295,0.9358571297930169,-0.0022491087751787178,36.0,-0.020498647244621165,0.33799206697796325,0.01306630878620902,-0.015342618520244418,7.0,0
0.05016412168762309,0.07426085486616948,0.022759247742984632,0.1986420264362556,0.02464854505353542,0.0,0.013812772198870829,0.011977972314159264,0.015249071982789141,0.06414615585744546,0.5428452894477365,0.05935163606111117,0.06449319131502601,0.9355068086849739,0.008106807262545998,39.0,-0.001893677917702259,0.37921256390536184,0.0,-0.015342618520244418,12.0,0
0.046897865449635236,0.0746946629180691,0.022774969327847252,0.19838803135015295,0.021616206325511853,0.0,-0.00887241085116972,0.017171436408788127,0.026158519605703638,0.06069216169816625,0.3926777919495055,0.05890940432797394,0.06401207594402722,0.9359879240559728,-0.0008596945965248542,123.0,-0.015208956952485248,0.3870109360506309,0.00887241085116972,-0.013647291272900403,12.0,0
0.045403298282334706,0.0764809706746607,0.022460202902974437,0.19849568071405246,0.021617180729592723,0.0,0.004906950862425172,0.02068950081574093,0.017617329146134127,0.09482706645082234,0.3616885018665601,0.05892282481447887,0.06412071010188393,0.9358792898981161,0.00426897861363987,162.0,-0.01662044759767241,0.45528071483829124,0.004008996472822487,-0.013647291272900403,12.0,0
0.04045198259123313,0.07610427890733686,0.02413039314818152,0.19802691806881273,0.020481141758132582,0.0,0.002711561885096024,0.026622612142773082,-0.0007430642403536601,0.08130531896148624,0.42467651034350196,0.05958543495609568,0.06482594182516117,0.9351740581748388,-0.00859062087015052,100.0,-0.017653263440181796,0.4529318397965376,0.0013083052297596521,-0.013647291272900403,12.0,0
0.04091612698690357,0.07840889108989103,0.02428410685463178,0.1978802850622443,0.01866158121353945,0.0,-0.006971327831662145,0.004099608526716512,-0.004519826520082485,0.05842960285839661,0.2683121668445513,0.059356846215139064,0.06452944064934264,0.9354705593506574,-0.0026483407509014247,110.0,-0.011081974784486805,0.4776879173303901,0.008270512436761265,-0.013647291272900403,12.0,0
0.03776867071917423,0.07842960252874875,0.025224429966716488,0.19862950790144368,0.01853251118171291,0.0,0.0015496326524183895,0.006986065148940306,0.012813982168936575,0.05885941177427369,0.6240679939113438,0.05904360239166819,0.06421527832342039,0.9357847216765797,0.0067388560996114785,128.0,-0.013989659317224745,0.5393628611060879,0.006733696040467112,-0.011567084901427134,10.0,0
0.03874385103921273,0.07948858238914423,0.02682198614096417,0.19921681988520562,0.016132651162948625,0.0,0.010050343687248092,0.003248971687288823,0.025487227617579728,0.064341961146853,0.26845573422809754,0.05906741801430536,0.06429803501920078,0.9357019649807993,0.008939517988480273,112.0,0.004265900958581994,0.5883176588224965,0.0,-0.011567084901427134,5.0,0
0.038771182260967096,0.07888092338441811,0.029027956173082594,0.19802935215408063,0.01319818070378812,0.0,-0.0025405156089308174,0.009658305319160827,0.025172710117452264,0.07418285975985112,0.2056560846257176,0.05826969556949513,0.06345458324740162,0.9365454167525984,0.011263186487832751,80.0,-0.0003078943950678081,0.5825633460618959,0.0025405156089308174,-0.011567084901427134,5.0,0
0.04130929470573445,0.0788578646448868,0.028855808735252387,0.19788317030192917,0.018395221474351294,0.0,-0.013621197556606566,-0.00895744703224522,0.012676676980414109,0.07182951621757457,0.40663585472097874,0.05702203487137982,0.0621803478053073,0.9378196521946928,0.00875219572639079,73.0,-0.0024948985531847317,0.5494867585620231,0.016127108300532496,-0.013382343752290709,12.0,0
0.04016288819727431,0.07822352566596087,0.02982699715685578,0.19813830143569222,0.017935092853775498,0.0,-4.3398935941526646e-05,-0.011680347125542508,0.021778131733305166,0.08081098232336723,0.3083983617155736,0.056406534415052154,0.06151638412517123,0.9384836158748288,0.010871087179741458,75.0,-0.006265907760584306,0.5388927893339185,0.016169807337133964,-0.013382343752290709,12.0,0
0.04072436542003587,0.08243406033377193,0.030339610661967473,0.1722872537714706,0.018012690215324437,0.0,-0.007241903836301896,-0.011949640037697601,0.00948876087322483,0.06368685173975003,0.22346355181461247,0.05620430350677897,0.06119772356481908,0.938802276435181,-0.003127638314577205,69.0,-0.007043102466904479,0.5907737778472705,0.02329461098364881,-0.013382343752290709,9.0,0
0.04062513010377554,0.08443944687851075,0.03144163884947206,0.1553637347574682,0.017594137223949504,0.0,-0.00269157326308141,-0.016133681342156966,0.0023690402554543007,0.0736255612089258,0.20660574086206718,0.05645727798840151,0.06161390498627465,0.9383860950137253,-0.007132168051667223,8.0,0.0006096295643520523,0.5433240271238926,0.025923485094632746,-0.013382343752290709,7.0,0
0.038697625254267565,0.0854926793774893,0.03322417915336523,0.1111509409226072,0.01153894985166544,0.0,-0.000566001110838852,-0.026474813484111223,0.013998927975209647,0.11110126430880563,0.5779027508150185,0.05714574852021646,0.062491923007298486,0.9375080769927014,-0.012685121087408215,67.0,-0.005867751646865539,0.5027379485871218,0.026474813484111223,-0.01290887955079104,7.0,0
0.040743869998913405,0.08266397966432579,0.03319675068118664,0.03070923312539998,0.013955518459764909,0.0,-0.013731443733107848,-0.03739721239841533,-0.005717255423305586,0.0984077707166326,0.33960554181551683,0.05632559073585718,0.061767909609112756,0.9382320903908873,0.0013157656895707568,6.0,-0.021549074145556023,0.3910347393349721,0.03984271980551747,-0.013714906806632655,15.0,0
0.03860492310574132,0.0786202488659437,0.03302150917761598,0.03108638054177304,0.01364147707569571,0.0,-0.01300647030799552,-0.0367973027474153,-0.03505633663946056,0.07303360127069447,0.5820810746274085,0.05566701673534858,0.06114598009135983,0.9388540199086401,-0.0006269253518486595,43.0,-0.029518890561978265,0.2761603734089369,0.05233097696137275,-0.013714906806632655,13.0,0
0.03887864208812083,0.07265579820042851,0.034145661815742724,0.030278410879869752,0.015825783367621415,0.0,0.004044215085720244,-0.03285993101867976,-0.03260999483145058,0.10370270281048498,0.20659185340034436,0.05535843256087278,0.0607923991345584,0.9392076008654416,0.009412074230939545,114.0,-0.03716777908698555,0.32329402250316386,0.04849839960213016,-0.013714906806632655,13.0,0
0.03895712372899392,0.07272203560365291,0.03420470238078065,0.030266245527510782,0.015742725654456998,0.0,-0.00415930630744932,-0.029856879622557442,-0.0340732561382397,0.08765367843042136,0.42967005993784935,0.055172104838963544,0.06058998575369549,0.9394100142463045,-0.0005456100925984764,128.0,-0.03781272635816691,0.3330288722838826,0.05245598621021314,-0.013714906806632655,13.0,0
0.04325208173317914,0.07284454831768328,0.035204125675026954,0.03422015380364197,0.020794046487985406,0.0,-0.02062537606881227,-0.047302190368713415,-0.052993081979531786,0.12097946729526689,0.23433692814728402,0.05355392589599124,0.059029441395671664,0.9409705586043282,0.0100151087942631,16.0,-0.05799941561312394,0.2108140977687199,0.07199943783637934,-0.013902682003691453,32.0,1
0.04350992174719477,0.07301883462585144,0.03667363151053352,0.031124183745472704,0.02408208864631778,0.0,0.006529449238705594,-0.040538542129938404,-0.051680877599567736,0.12500811920204913,0.30709249674414946,0.05432228178680784,0.05989704236276051,0.9401029576372394,-0.008105778053314793,146.0,-0.05402281581536074,0.21975014353740696,0.06594010527224173,-0.013902682003691453,32.0,1
0.041999047671971816,0.07532134481277916,0.037787710305202,0.031123229957242902,0.02393777762023095,0.0,0.002326592063951784,-0.024916968940285587,-0.0360438202958839,0.10705575274772869,0.4189399637602329,0.053863052463979995,0.05930077312003101,0.9406992268799691,0.010830695896592435,101.0,-0.0471076945283167,0.18588117349801359,0.06376692893391248,-0.013714906806632655,32.0,1
0.04208311547618442,0.06708887841096375,0.0363442976016122,0.030149070819863632,0.022093704216765483,0.0,-0.0057123854548673065,-0.017710905117745184,-0.04293163197922847,0.13601867761203432,0.5049273275389459,0.05355389576536114,0.05896128479000337,0.9410387152099966,0.0003654539104801752,125.0,-0.05628301590572663,0.2624377550237916,0.06911505311143615,-0.013714906806632655,37.0,1
0.04294767747212023,0.0669500793990171,0.0363984275762084,0.030510901371722708,0.02150460638926506,0.0,-0.01059534333973604,-0.03203326102513879,-0.050143348561374826,0.13988649886363055,0.6977757962053257,0.052563039670013405,0.05795117978513327,0.9420488202148668,0.008608235509878494,91.0,-0.062300005335412495,0.2590180710833652,0.07897809873351243,-0.013714906806632655,44.0,1
0.040256003685247586,0.06707700917943024,0.03664890419450773,0.028110390094318,0.024335607403237106,0.0,0.006948371587753295,-0.021236491202513037,-0.05795975666074625,0.11451215187199411,0.37280677527499795,0.05257299839446086,0.05788968948725882,0.9421103105127412,0.006428341614800882,121.0,-0.052700392582436396,0.16471826550100216,0.07257849632305385,-0.013714906806632655,32.0,1
0.040592484172209974,0.06717064079050455,0.03696877409396247,0.028127991977025615,0.015778423525794432,0.0,0.002956798619998973,0.002330968561604668,-0.05392433959908445,0.12113163228597074,0.292289431447099,0.05293580259979095,0.058320257373709126,0.941679742626291,-0.004117367537629185,103.0,-0.060505538402148305,0.17172613869090642,0.06983629770082447,-0.013714906806632655,32.0,1
0.0432709505194732,0.06773211836447637,0.03665261566845582,0.03129586778717969,0.023586391110784876,0.0,0.01974629521387427,0.015492683837437187,-0.04838726030904149,0.12328545821092882,0.334552213249655,0.05359791163849438,0.059078656304085146,0.940921343695915,0.005963537182441991,7.0,-0.03387604914175488,0.21146212368276424,0.0514690106379947,-0.013714906806632655,15.0,0
0.04301182363564944,0.06889737340129308,0.03686810984227281,0.031420939445501075,0.023597639752875713,0.0,0.0035370662493294297,0.01671905824370122,-0.03647253143757534,0.1617915164987188,0.2142622009505844,0.053910748653209904,0.059541319823992606,0.9404586801760074,-0.0026115756901115045,138.0,-0.01126807926055116,0.20862338878937586,0.0481139936890793,-0.013714906806632655,20.0,0
0.04279709086605382,0.06672788020611654,0.03701044582165811,0.030848336063586786,0.02170063911824043,0.0,0.0032709207171558795,0.025905030649998006,-0.038041194071474216,0.14514016477644734,0.4467538764052803,0.05375632230182534,0.05940146407833067,0.9405985359216693,0.0059282659815061145,3.0,-0.021094049162409215,0.18181666358947857,0.045000450030666134,-0.013714906806632655,15.0,0
0.042575165464034004,0.06842652730498472,0.03508152625422712,0.030737198300309816,0.01628700898523481,0.0,-0.0012621636425516065,0.035582523007495294,-0.041853417256053044,0.13323419745197673,0.37628947490051445,0.053470625970146325,0.05903269232531292,0.9409673076746871,0.004204056123154691,57.0,-0.042565381718707135,0.18478640267261146,0.046205815741290575,-0.013714906806632655,17.0,0
0.043014352057958206,0.06511206213937577,0.034569637803005725,0.030684588758674372,0.01627723644769284,0.0,0.00679190812973536,0.03542161026640093,-0.028573642085899516,0.16587059164061513,0.21581475615373796,0.053635221333316725,0.05924477299640633,0.9407552270035936,0.0032701145259548276,43.0,-0.03296432070070681,0.1676479231277063,0.03972773326712954,-0.013714906806632655,15.0,0
0.04339430173121267,0.06833969414557658,0.03447706625991181,0.030715790459529588,0.016005340986663185,0.0,0.0052173625762899425,0.03775534664961658,-0.025016225253422283,0.14109762828760145,0.44259934791747946,0.053907630920742106,0.059433926589141615,0.9405660734108583,-5.959550357267134e-05,37.0,-0.012522800548817162,0.11359640103373699,0.03471764467962835,-0.013714906806632655,15.0,0
0.043477843540851505,0.06729564396704206,0.03396586572942973,0.030578552983473128,0.008704296354717226,0.0,0.010373729783295503,0.02821725866336258,-0.02470406636095178,0.1109899578607518,0.4115256796575584,0.05446685999389688,0.05996114258622662,0.9400388574137735,-0.0005270218454699111,165.0,0.00015352309420657684,0.012098636557087176,0.02470406636095178,-0.013714906806632655,12.0,0
0.04356310802430149,0.06840631850168329,0.03256963437514404,0.03071584307908604,0.011923119428469894,0.0,-0.004147957168383512,0.020343235892228265,-0.026275790567327633,0.09941582466090564,0.6285936796792233,0.054189343154226195,0.059633573678010664,0.9403664263219893,0.0012232652071670674,50.0,-0.0017645133089335965,0.023860686352146103,0.026275790567327633,-0.013714906806632655,14.0,0
0.04173182652762996,0.06870971136935404,0.035105670995537845,0.03169419622007024,0.01346024661412291,0.0,-0.0034491251844777134,0.013508837287596328,-0.016234219211264847,0.09349083510236265,0.51071145112523,0.054711272348109956,0.060212571023790684,0.9397874289762094,-0.012746957422269516,22.0,-0.0037633381838211746,0.025614831005998817,0.016234219211264847,-0.013622697719341,12.0,0
0.04183986171823089,0.0686642816018347,0.03399515664139152,0.031824570677289915,0.014298390992455673,0.0,-0.0038046050898813996,0.010928793975576676,-0.019934525709367577,0.09657573131746328,0.49247924998612325,0.0541622444223133,0.05965207449513212,0.9403479255048679,0.006482493147402484,95.0,0.0014094692969980234,0.025831472839428802,0.019934525709367577,-0.013622697719341,17.0,0
0.041900085497685806,0.0618159145747821,0.033718155322626,0.032615715097676336,0.014225447941809227,0.0,0.0065784123408351245,0.010714420937167266,-0.006290905192613956,0.14152409204888655,0.4504741584354988,0.05447187649044643,0.06003126064200542,0.9399687393579946,0.00042597280807004327,157.0,0.0031381627855620316,-0.028272668053025803,0.006290905192613956,-0.013622697719341,17.0,0
0.04358584518826206,0.058459252067723,0.03252914714088296,0.03468502496497825,0.017167480575105084,0.0,0.012410555727897144,0.017946950260260906,0.008756719521027845,0.11790520764452833,0.2630514798458885,0.05499326407057869,0.06055965647573424,0.9394403435242658,0.0021120817991354818,92.0,0.011146504797533183,-0.012063904527413667,0.0,-0.013622697719341,12.0,0
0.04375770998737225,0.05981133434857037,0.029444689129100025,0.03603274582241016,0.01585954853917098,0.0,-0.003639776833546994,0.0038284059013073556,0.005654271617485679,0.07049259346925973,0.20059678650480206,0.05505351996744706,0.06053602778139465,0.9394639722186053,-0.004420419355203876,12.0,0.01973235333382078,0.03092534357137101,0.003639776833546994,-0.013622697719341,7.0,0
0.04156093220643983,0.05788615055830611,0.029452168537785345,0.03659173420382821,0.015636194710501723,0.0,-0.003362596729986347,0.004620056752062782,0.016226924688679752,0.05923285155024473,0.2791769624103228,0.0547338007110723,0.06024612272550052,0.9397538772744995,0.0026016663771892524,86.0,0.010416895792194241,0.11946749099132041,0.0069901344618549755,-0.012644801262756598,12.0,0
0.03915178306454734,0.05831154931274716,0.02958586713313847,0.03636481271028688,0.01496079109060012,0.0,0.002667982542082482,0.010786695372045924,0.03236563333956942,0.06423905736497139,0.6694446408760153,0.0549667388040566,0.06054380852488094,0.9394561914751192,-0.00178251835808623,27.0,-0.003825323837792438,0.1486939606994,0.0043408014764835315,-0.009862899657005729,12.0,0
0.03917705992808209,0.05880309874193502,0.029748450530222147,0.03773174537743578,0.014335486361852553,0.0,-0.0019048177724029997,0.012714308924924244,0.026248794078850234,0.0740678987520062,0.6085527250173546,0.054323758125064514,0.05990463012133795,0.940095369878662,0.009961095411600958,77.0,-0.007217173791843457,0.1386504722383049,0.006237350813087653,-0.009862899657005729,10.0,0
0.0393335253166708,0.059436637218760836,0.03110909495523199,0.04039027555173141,0.014791336287880093,0.0,0.007904562922585635,0.014048543449986859,0.03868103482545163,0.06949899348978503,0.21578449558360036,0.05512695806328439,0.06070102409241775,0.9392989759075822,-0.007159343382405295,132.0,0.003289789879912137,0.09009728457819709,0.0,-0.009862899657005729,5.0,0
0.03796949073757272,0.057031736397284795,0.0305585847276432,0.03685514950629821,0.01951863784411725,0.0,-0.018119515835533888,-0.01653092297809912,0.041338638398823783,0.04690325610366875,0.6579278613426026,0.05375215971089493,0.05927731114099166,0.9407226888590083,0.008014941689040642,55.0,-0.013845105434299097,0.31410814813987215,0.018119515835533888,-0.009862899657005729,14.0,0
0.03848384765787504,0.05679030845332292,0.029323926993987393,0.03655691881333612,0.019843929007403033,0.0,-0.006627956002092486,-0.019480440372045254,0.0277262056292935,0.03087702648938687,0.4667967028580565,0.053616375244379254,0.05913556208913712,0.9408644379108629,-0.003727856814989214,36.0,-0.0253875866097022,0.31645371876698997,0.024627376483889237,-0.010000235239089507,5.0,0
0.03914002822297953,0.055298895092454774,0.027627423175879098,0.03642457221943478,0.020038201749822755,0.0,-0.006268671991388258,-0.022339517932456168,0.01891313194261547,0.05698226699658173,0.23611080908679133,0.05313931635091811,0.0587044094786816,0.9412955905213185,0.0029293409221211276,24.0,-0.017812389882240404,0.2986515912342151,0.030741667530091565,-0.010000235239089507,8.0,0
0.04314994289889904,0.059989745380687236,0.02768466543029628,0.03965898188748966,0.022541506628407985,0.0,-0.0186691589606791,-0.04314449067592138,0.005635458078884025,0.03903729618501885,0.4744387757707692,0.05223826718026738,0.057688008238597904,0.9423119917614021,-0.0006261083019744372,38.0,-0.03753811331262146,0.41293433751584524,0.04883690541293504,-0.01699088996116421,20.0,0
0.04251625870562552,0.06032611149668942,0.027160943144969595,0.04213116609024702,0.02176591168561617,0.0,-0.007737981429881086,-0.04873663747898464,0.008539693907744506,0.028651500416866923,0.24139789994293043,0.052102638731834516,0.057550090521752174,0.9424499094782478,-0.00472112398386398,163.0,-0.042031863501853804,0.4516922084372138,0.056196987775637974,-0.016562285674685966,20.0,0
0.042614533004185884,0.06164205983179574,0.028970101212808307,0.04267721492339555,0.013219300808906893,0.0,-0.007345110250621667,-0.06312932495529475,-0.005776376513443228,0.05298586722445872,0.5281576937097427,0.052306761629486734,0.057909172790121935,0.942090827209878,-0.010924108773559841,15.0,-0.06340133579708945,0.41983032753234384,0.06312932495529475,-0.016562285674685966,32.0,1
0.042508311805220286,0.061723690810049636,0.02907745700385468,0.04278039207939562,0.012685560335143621,0.0,-0.0015408243376247865,-0.047310607559947905,-0.01023483673840775,0.037964233878618144,0.5610542231419737,0.05196804889600962,0.05751148273015429,0.9424885172698457,0.005081027661091506,155.0,-0.06360726952546912,0.41540929772506907,0.06457287809261059,-0.016562285674685966,37.0,1
0.03859270588123694,0.05907153544846552,0.029985549625633063,0.04057829419639034,0.020371407541002143,0.0,0.009229661497556916,-0.03210242440986969,-0.02044227532979788,0.02969522562851996,0.3283343961968833,0.052895080167719336,0.05858080249652223,0.9414191975034777,-0.00902154600681304,114.0,-0.06784038994114734,0.33353277385986524,0.05593920240177148,-0.016562285674685966,13.0,0
0.03834380337451888,0.05476774914941549,0.029929731083213167,0.04059244864348909,0.020572185301978192,0.0,-0.00189910624953245,-0.02784645303338183,-0.025748551443546187,0.014907693985979775,0.6614068203463124,0.05289606324051151,0.058651203671477664,0.9413487963285223,-0.001875444030109298,118.0,-0.061281968029124764,0.30665143061233385,0.05773207416242886,-0.016562285674685966,25.0,1
0.03870644878073656,0.058692358346105374,0.03058356786375218,0.041001702922132115,0.014903169882176761,0.0,-0.00828207187710733,-0.017556504803230535,-0.03696737533019614,-0.01685828036814802,0.26085777831305146,0.052053876072294294,0.057634381104296584,0.9423656188957034,0.008341478567453051,136.0,-0.07360228630242133,0.3361330039727099,0.06553600485170846,-0.016643899241769903,25.0,1
0.03872278027679729,0.05865584486402632,0.03157998900212704,0.04129167414057199,0.014017693724254949,0.0,-0.00036496526566020973,-0.010256445307899197,-0.036102252095355586,-0.016644580048287273,0.4304238838808797,0.05159969323807668,0.05707549311079176,0.9429245068892083,0.008516436220157651,147.0,-0.0764446667305785,0.3323316651578727,0.06587705175194766,-0.016643899241769903,25.0,1
0.03917484250820409,0.06229073015910657,0.03149570908797837,0.04121835672740503,0.01516435359151906,0.0,0.008704129291778806,0.005745723783123926,-0.03427150071892342,-0.005145862074416728,0.3909185483424532,0.05189206712209839,0.05748298880753915,0.9425170111924609,0.0024386228102938412,61.0,-0.06186588120953377,0.3685440361492725,0.05774632483597901,-0.016643899241769903,10.0,0
0.03904744006248192,0.06395033183005606,0.03272078330397841,0.04066822857808624,0.01716619557780141,0.0,-0.007837793418101306,-0.0005971992725757856,-0.0468137992065174,-0.011207671043601217,0.43382336905039987,0.051954913923824765,0.05747998465589502,0.9425200153441049,-0.00851547520193704,144.0,-0.07065891991402096,0.4504581587131069,0.06513151448936134,-0.016643899241769903,25.0,1
0.037256123572381644,0.06409893734390372,0.032721862376869686,0.041000292378213524,0.014657232472814969,0.0,-0.007307978702405085,-0.016973812608275365,-0.06349471641389338,-0.012746284040059107,0.2096994945583776,0.051596625954364955,0.057083418022214706,0.9429165819777853,5.53571342589341e-06,37.0,-0.08663020508698652,0.5140544424334043,0.07196351347102278,-0.016643899241769903,20.0,0
0.037908175622104426,0.06362918533809087,0.03271839957501904,0.04186803706285359,0.016219150081083315,0.0,0.004671410331175118,-0.010502533097386696,-0.0552009298813685,-0.0032376951907718016,0.5165193741809317,0.05176475862039011,0.057251430149290836,0.9427485698507092,0.0011593818703594235,129.0,-0.08002627237601156,0.5084636201743521,0.06762827424014387,-0.016643899241769903,30.0,1
0.03789524416905068,0.06365566412065564,0.03009982149793728,0.04167632230426096,0.014594825645782418,0.0,-0.001707375583568271,-0.0039425575805331495,-0.05354963094128844,0.0026914590008495208,0.4269630969284617,0.0518813588249648,0.05740810122099415,0.9425918987790058,-0.0038801856659692498,69.0,-0.06891451370517007,0.5079385471098329,0.06922018295951565,-0.016643899241769903,22.0,0
0.038585455529565875,0.06661178985728321,0.030642209895429838,0.04165246779135274,0.015617078537569344,0.0,0.0054012246637421745,0.0018029957404464318,-0.04480349437779346,0.01896947566347365,0.535620751467101,0.05170284873983156,0.05729327819121083,0.9427067218087891,0.00848001098681449,144.0,-0.0638448836766174,0.537201904078624,0.06419283205520317,-0.016643899241769903,30.0,1
0.03766980839229499,0.06642954507670006,0.03070808986901587,0.041354959642635206,0.012690930560736861,0.0,-1.1425523143119988e-05,-0.0068529308782531145,-0.051056946690217514,-0.006595615579528415,0.3152145090055138,0.05159797774545035,0.05711078680502519,0.9428892131949748,0.0020884883941538366,108.0,-0.057026657471778965,0.49667893685885295,0.06420352414165802,-0.016643899241769903,25.0,1
0.03562479364524315,0.06631658508036758,0.030740652468901165,0.03653143995347717,0.011557565607664615,0.0,0.005846081722799422,0.0068445274609763036,-0.057209897161275586,-0.008987349399697399,0.459499502408861,0.05175202640344778,0.05725827562874906,0.942741724371251,0.0025408232234268467,149.0,-0.04895414866351588,0.5057853520217312,0.058732781467882446,-0.016643899241769903,18.0,0
0.03607560169800748,0.06387546524299033,0.030324185804717796,0.038672591039117334,0.012307891755156446,0.0,-0.008316601534900546,0.0058215250016205805,-0.06163526856674485,0.02056968630987525,0.3856056003740762,0.05133542021414864,0.05689551604593318,0.9431044839540669,0.00010937173937605885,101.0,-0.056329499498952225,0.4857398231322144,0.06656092586227823,-0.016649078690438884,25.0,1
0.03615656435918773,0.06362253931517597,0.031199123302870634,0.0367879640279628,0.011626938624657824,0.0,1.3292403800461079e-06,0.0011460977561330776,-0.058468028927346115,0.008744061491626121,0.3810724075754922,0.05170401343043381,0.05728292077203212,0.942717079227968,-0.0071037857432487235,106.0,-0.043189860540765956,0.4841846157055246,0.06655968509736856,-0.016649078690438884,25.0,1
0.03578788695988683,0.06376293935057986,0.03152312504995158,0.03620066179905565,0.011612689631269215,0.0,-0.0016189648238999813,0.0012347612250165675,-0.0624935868125644,-0.012351691297298253,0.4782910203030752,0.05186846260411178,0.05741264558765823,0.9425873544123418,-0.004638741011603511,76.0,-0.032150597989844994,0.4602515785670864,0.06807089213240605,-0.016649078690438884,30.0,1
0.03644628990465858,0.06292816163518399,0.02991065188472162,0.03722706969786848,0.013019163509577002,0.0,-0.009779573714298719,-0.013883126705074626,-0.06989031042096434,-0.02819654937050316,0.3324994349124075,0.0516427336856938,0.05718600002988714,0.9428139999701128,-0.004914143382295296,160.0,-0.04547605270846092,0.4680806017498119,0.07718476153929782,-0.01686852451734861,25.0,1
0.035838101063361924,0.06400959595952842,0.0302930982054172,0.036022448334784206,0.015600501047803517,0.0,-0.012585871024980915,-0.026283141263417662,-0.08879919511045123,-0.03483423088101267,0.6213982815142844,0.05063856055501798,0.05606203063265539,0.9439379693673445,0.007735795806306699,97.0,-0.05355300504353904,0.5552965765080587,0.08879919511045123,-0.01728946911395094,30.0,1
0.03388382414259788,0.06401941722724146,0.02901726737336423,0.03865141544101318,0.015514810366416335,0.0,0.005715388291655585,-0.026409660021648462,-0.06668002258851075,-0.03318007291308056,0.47883939189295716,0.05086602089316961,0.05628217563008331,0.9437178243699167,0.0009291586331645869,58.0,-0.028097845531898813,0.5890176480797203,0.06668002258851075,-0.012164926428378586,27.0,1
0.033663091208888114,0.06547901155422675,0.02902913789999547,0.03823316654535351,0.014941620787342003,0.0,-0.002761693689799408,-0.020956100321212718,-0.06304748644479793,-0.015056581862143308,0.6153389323905791,0.05056126417463137,0.05603254835223067,0.9439674516477694,0.003317581843083569,93.0,-0.037069348389083004,0.5722402779149276,0.06304748644479793,-0.012164926428378586,30.0,1
0.033922820570037565,0.06461549074682832,0.02904761723518137,0.0387395675855513,0.014895589071003502,0.0,-0.008212971290537323,-0.028998250456184888,-0.06488069433922143,-0.031905601394067985,0.5738314859236127,0.05001390786196904,0.05543638771834412,0.9445636122816559,0.0030929199795065904,23.0,-0.047194659529172164,0.6081846792267922,0.06488069433922143,-0.012164926428378586,25.0,1
0.029811755467865072,0.06147270603187044,0.029221113910533794,0.036097129880116395,0.015122336242932109,0.0,-0.0006850629686919295,-0.028089959629978158,-0.047743481634123154,-0.0014791101007777137,0.30934573586342007,0.04982773255178425,0.05527854740688611,0.9447214525931138,0.0030385738525180316,136.0,-0.042377079944528204,0.54202079842526,0.047743481634123154,-0.009560127887388992,13.0,0
0.031195482437605605,0.06583176183407667,0.030621155957972778,0.033892977964433475,0.01844115452362061,0.0,0.009353710460365745,-0.009310473264137512,-0.031340883622921936,-0.020484512627362908,0.38686659920490074,0.049759489669678234,0.05502026713713525,0.9449797328628647,0.010408311065482028,106.0,-0.023068831268115427,0.33891688293264766,0.031605385817165925,-0.009560127887388992,13.0,0
0.03496002102595871,0.06659576009834808,0.028292586761778017,0.03276179857415562,0.02225484957338809,0.0,-0.01835166575066237,-0.015095393978175626,-0.04208137403416294,-0.058595155829440006,0.4353431395487617,0.048622959752547185,0.05374103123966172,0.9462589687603383,0.005633703353046251,30.0,-0.04761467268698181,0.49725948937751213,0.049377040091390934,-0.012164926428378586,8.0,0
0.03637701062540349,0.06873943234859767,0.028034462990902387,0.03517048843051301,0.021602937431711235,0.0,-0.012046852316725743,-0.032490089129632735,-0.052160824582977466,-0.03867032653011254,0.3313209359921768,0.04794396243039462,0.05313093646501836,0.9468690635349817,0.002453191591010716,163.0,-0.06186180379763772,0.39353783463972786,0.060829054498298646,-0.01250501821874264,25.0,1
0.034758766078950676,0.06608031315883739,0.025720214610032082,0.035090808428175045,0.021440337345754436,0.0,-0.00740776251369874,-0.03699765528033592,-0.06778620982234115,-0.05679122732396877,0.24603158406634196,0.047530649026517664,0.05270000476100602,0.947299995238994,0.0015907200668392562,148.0,-0.08684278078738729,0.3318285008003038,0.06778620982234115,-0.01250501821874264,25.0,1
0.037735393574322686,0.06530063759826452,0.02653176652554723,0.036989758493533885,0.026886239929713666,0.0,0.01210313273297087,-0.017271186548772917,-0.05470829319629297,-0.061476716451596206,0.4850837549209012,0.04763884321379621,0.052784881168110455,0.9472151188318895,0.009201280241125218,19.0,-0.0790481853380858,0.35160078467447625,0.05470829319629297,-0.01250501821874264,13.0,0
0.037494649994543466,0.06399951586936364,0.02831349879429684,0.038228745145101314,0.027279817024820976,0.0,0.0024102129582779215,-0.01422728444514617,-0.044516556317235334,-0.05699587513413451,0.36676371766201865,0.04821803090973255,0.053319794471246136,0.9466802055287539,-0.009646548628692365,82.0,-0.07983827140164441,0.2790677287965358,0.052415607796467166,-0.01250501821874264,13.0,0
0.03833779183207698,0.06416701224958091,0.02830237820208322,0.03648217264725525,0.02611914525808325,0.0,0.006385419452060038,-0.0171262288463908,-0.0380643206390561,-0.0581689420652352,0.3863846560105483,0.04810458510990035,0.053102788158445484,0.9468972118415545,0.008512634841787494,49.0,-0.07279236503486203,0.24592009364079556,0.04636488398602224,-0.01250501821874264,10.0,0
0.03752467789038373,0.0607993474904626,0.0285328530751677,0.03567859738228902,0.021614003943831776,0.0,-0.00916709850783528,-0.007930196084541841,-0.055106951035053295,-0.06699912451568972,0.6521688052599388,0.04779057901559449,0.05287479658657093,0.947125203413429,-0.002288948366396088,81.0,-0.0874898538419612,0.08623496184275788,0.055106951035053295,-0.01250501821874264,25.0,1
0.03771209568424494,0.05800037525490686,0.026585934783050887,0.03560171368792841,0.020232117167398256,0.0,-0.009000225444243172,-0.004870874363592868,-0.05621400181174001,-0.04786734286540007,0.529104888386162,0.04721269464479152,0.05227786355126626,0.9477221364487337,0.003565200654407875,153.0,-0.1003962100248478,0.038665007833618266,0.06262985749322689,-0.01250501821874264,30.0,1
0.037822065218062896,0.0584924589874773,0.026661056904419413,0.03391280787429325,0.019111285277933383,0.0,0.0037634477374907456,0.0063288875020847115,-0.04568802091356927,-0.03333416415148565,0.31731086560794136,0.04741986150284378,0.05252777430816746,0.9474722256918326,-0.0008388013520599785,76.0,-0.10628178939604355,0.0502642660706482,0.059102113951218394,-0.01250501821874264,13.0,0
0.03731781942566088,0.058449465436080254,0.026667599220288007,0.030513789028618114,0.014896211669629667,0.0,0.0005759737288499799,-0.005132506817833021,-0.049578172627849255,-0.034451601565237425,0.3894838591826699,0.04740212624856486,0.05250635625719711,0.9474936437428029,0.000921874244048365,56.0,-0.10204234127834147,0.04444847398434354,0.058560181487323816,-0.01250501821874264,10.0,0
0.03788696858942457,0.060320883674789744,0.02612095145845464,0.02977269841594087,0.015492905868060973,0.0,0.004590939915554328,-0.00296818892356726,-0.04358187817506625,-0.023782372725618315,0.5306206815312324,0.047639316954423985,0.052819227445379514,0.9471807725546204,-0.0007017444510896172,9.0,-0.09479771562435169,0.0865322298950341,0.05423808784642174,-0.01250501821874264,13.0,0
0.03716738547882988,0.056425545319078556,0.033591772710562184,0.029783571819632114,0.013553292871298311,0.0,-0.0014313019332609198,-0.010712259663115257,-0.050081524380898315,-0.04997577859908041,0.22533750839307154,0.04855094651844083,0.05380115734271599,0.9461988426572839,-0.02005653331172605,70.0,-0.09264119146266088,0.015640272514580576,0.055591758699691705,-0.01250501821874264,10.0,0
0.03737481301061687,0.06121795453258304,0.03421199723925887,0.028577892148731045,0.011141495353210903,0.0,0.0023738471406189125,0.000810688378593807,-0.047815683919788944,-0.06543706388774186,0.5581721317395516,0.048956358686853385,0.05409013459298731,0.9459098654070127,-0.005893493832871057,52.0,-0.0964313077851575,-0.026719323930140086,0.053349877896504035,-0.01250501821874264,15.0,0
0.036686555585341986,0.061669153634014935,0.03441981825985173,0.028090081265169764,0.004903443883943621,0.0,0.0013920048626654355,0.01130580193390059,-0.05203213632329314,-0.0780045152593315,0.3861800593610305,0.04922861512860623,0.05432287743024298,0.9456771225697571,-0.004152634833431631,155.0,-0.10626528031643165,-0.057036794503996555,0.05203213632329314,-0.01250501821874264,13.0,0
0.037073537583766615,0.061143392425177315,0.035204743852745975,0.028440408539817257,0.006353574316532653,0.0,0.006471293058402493,0.014033994208634418,-0.03789612389474268,-0.08057837705073119,0.5388024269725433,0.04988559294811965,0.05504896052439889,0.9449510394756011,-0.007130794929685688,79.0,-0.09719565468759643,0.016609056509304297,0.03789740276036468,-0.01250501821874264,18.0,0
0.03793174216799388,0.06147712649820131,0.03603698417252387,0.030313465360815663,0.007087335982153111,0.0,0.006711617663528596,0.02025216423218347,-0.0314401379746044,-0.07419864258014873,0.3834965708340916,0.05072462711711372,0.055956233988466594,0.9440437660115334,-0.010281528922421205,68.0,-0.0880699240053716,0.03888077588406926,0.0314401379746044,-0.01250501821874264,10.0,0
0.039637300327194945,0.06095447422363977,0.035950021376069105,0.02986314903485182,0.016296472252507764,0.0,-0.013040426594306364,0.0023459308337732553,-0.042520446040073503,-0.06707577065338459,0.5295760843457278,0.04992495602264117,0.055124541650116994,0.9448754583498831,0.0034502967653656925,92.0,-0.10235677766672362,0.0391630696782939,0.042520446040073503,-0.012972243258907546,18.0,0
0.04207274587699124,0.06317336599226361,0.03604282712385998,0.030304408563121787,0.0236234761706432,0.0,-0.01808336854665664,-0.014369124667390253,-0.05054968232040735,-0.048189477112434695,0.5758704776345847,0.04933467876301522,0.05464336533671109,0.9453566346632889,-0.005510442216278654,151.0,-0.11690705975231729,-0.07652698089548853,0.05054968232040735,-0.017326927253804098,25.0,1
0.041848824421628995,0.06209401955339024,0.03506022146401855,0.03055567138465554,0.02537192158671315,0.0,0.008313584417687035,-0.008528600726803944,-0.03045376306313532,-0.04118159224841263,0.3373105639567494,0.04967728358406882,0.054938928964769804,0.9450610710352302,0.0009890693793918053,58.0,-0.11654868852549574,-0.15448295161598344,0.035963605385644075,-0.017326927253804098,17.0,0
0.04272265151006382,0.06328868144866595,0.03594138909314712,0.0327600102476547,0.027386742339583395,0.0,0.009845889721988682,-0.00015846694296450329,-0.026471809356287564,-0.05480723689268675,0.3039192822650744,0.0497818895503592,0.05492832501106176,0.9450716749889383,0.007310339380730524,123.0,-0.0913866910989623,-0.20352945598096892,0.026471809356287564,-0.017326927253804098,12.0,0
0.043265032399740354,0.06265572561141902,0.0362161829715043,0.03360782118940453,0.027213697738485195,0.0,-0.00819955084480501,-0.01473267205004676,-0.03178037723178276,-0.05738942408213037,0.5647407604676093,0.04968345862179308,0.054917553578786714,0.9450824464212133,-0.005881539241730956,71.0,-0.0928241907738493,-0.2275071355733375,0.03214634747025386,-0.017326927253804098,22.0,0
0.04482215036562664,0.06284033243421473,0.03600607140099804,0.0354889691427056,0.027145588994717286,0.0,-0.014972276484709461,-0.03595467055699628,-0.038379063981893266,-0.05957445763492404,0.277269192033621,0.04901249260536426,0.05420927406300666,0.9457907259369933,-0.0006991536952716623,25.0,-0.10076969800188007,-0.1985927567139771,0.046637319952665145,-0.017616704737364562,15.0,0
0.04488136382154976,0.062125111833996195,0.03667451632408296,0.034462390239084914,0.02651889745057407,0.0,0.0009090288439547218,-0.02232907967577678,-0.03684510105972387,-0.06470168013636712,0.47788838650442056,0.048716165945751094,0.05389125018448512,0.9461087498155148,0.00694054033564801,160.0,-0.08282946928809469,-0.19925106683591853,0.04577068577775214,-0.017616704737364562,25.0,1
0.044514591481367285,0.06009110648969186,0.034728988113768164,0.035035319817465244,0.022712239556663093,0.0,0.007729985555130169,0.0033726600167218773,-0.038394506962532396,-0.05829293816541609,0.3861003957151592,0.04915132275061684,0.05424027194886953,0.9457597280511304,-0.0014756913342118278,52.0,-0.06853207281098214,-0.17117561411564858,0.038394506962532396,-0.017616704737364562,17.0,0
0.043885699312060454,0.05875682623590758,0.03398745151370088,0.03581927933106724,0.02555788209016378,0.0,0.01488702188886053,0.00991388641973021,-0.00583447145861297,-0.05408115793460049,0.4639802163006726,0.049944308740092605,0.054946336973635476,0.9450536630263645,-0.0018640167995927564,134.0,-0.04767032291703437,-0.41280523117204204,0.013143645077163455,-0.014682499001148996,17.0,0
0.04236779136172867,0.056142253150946494,0.035444235390579816,0.033397348059543114,0.02426231064632542,0.0,0.004324877428185825,0.0043925023755365345,0.010640205901496733,-0.0760759462026047,0.5217239022537201,0.050757898520544874,0.055778127021529386,0.9442218729784706,-0.011937858731154922,56.0,-0.042075620595035466,-0.36403097238414855,0.00887561230289594,-0.014682499001148996,14.0,0
0.04175671927246251,0.06372719442137115,0.03677591812410234,0.0340336588183959,0.0227414149505879,0.0,-0.0029307510579553624,0.00972819566639684,0.01519862133995949,-0.04855043053098157,0.6636514400576192,0.050204245690176744,0.05532151031573704,0.9446784896842629,0.008079294146099779,80.0,-0.05361784541754247,-0.3638033828661683,0.011780351150704589,-0.014682499001148996,24.0,0
0.04072664800408899,0.06378705751239858,0.03487866058058877,0.03023403181873702,0.01755917150125562,0.0,-0.007166577715700549,0.017729629479670054,-0.004130024969322065,-0.048067540352856084,0.6790507216524543,0.04992097295095253,0.0550756126712702,0.9449243873287299,-0.001202814806566299,106.0,-0.05861237154868536,-0.4277118686653522,0.01886250406436537,-0.014682499001148996,24.0,0
0.04064569672234274,0.061645497694313024,0.03443677536451228,0.028184982698678196,0.017654591106426424,0.0,0.00019351812718048972,0.017002094373395275,-0.006332256947367079,-0.033850278913888907,0.5530893882864765,0.05031052064416498,0.05548626609813403,0.944513733901866,-0.007539254900289307,56.0,-0.05056692299158974,-0.4266533082329946,0.01867263617364535,-0.014682499001148996,14.0,0
0.04011968469855443,0.060867886153614006,0.03343947109289892,0.030618581724148056,0.017254071818008827,0.0,-0.0023407422554405223,0.006838705943931418,-0.014948146289370245,-0.02737178247868825,0.2681133799891836,0.04994642923659772,0.05507055333657553,0.9449294466634244,0.005078181050264464,55.0,-0.052443475895108234,-0.4054782036488407,0.020969670600573753,-0.014682499001148996,9.0,0
0.039915033918081454,0.05892154666018967,0.03343949349850861,0.03129511031406338,0.01037321626980429,0.0,-0.008154564420067057,-0.01602015464037171,-0.013941519865682421,-0.03855043428872364,0.5873745630655609,0.04967229111035969,0.05482481319806327,0.9451751868019368,-0.0022885239129583406,103.0,-0.06828019624814334,-0.37661602133264865,0.028953236490860845,-0.014682499001148996,10.0,0
0.04243518361613275,0.05900136691145529,0.032941367249598646,0.03160650120716132,0.020444999588155724,0.0,0.016970408552121466,-0.003630789366772488,0.011899620106382363,-0.03633169894294044,0.28316465342394803,0.05048664400706995,0.0556448868871949,0.9443551131128051,-0.0002847464921318043,18.0,-0.04498330697157684,-0.3289222980866124,0.012474176190895478,-0.014682499001148996,7.0,0
0.04459141695738616,0.05917569571160506,0.03293188747912445,0.03153607361098928,0.024411492591497108,0.0,0.014784057844266606,0.014071582039379785,0.02300955961008056,-0.03532503682048251,0.5350213179872105,0.051380467202100794,0.05659941025353611,0.9434005897464639,-0.0036577173401702453,44.0,-0.023729722544166092,-0.2678336987542416,0.0,-0.014682499001148996,12.0,0
0.04534348012128107,0.06473853609682746,0.033512000575996806,0.031349129781239195,0.02254902045049254,0.0,0.009419889145932003,0.031012857698815708,0.032051761555367,-0.011068989430918323,0.5738948195811872,0.05160731666035795,0.05693217683750656,0.9430678231624935,0.00436480996646459,125.0,-0.0191154788399009,-0.1667096359528264,0.0,-0.014682499001148996,17.0,0
0.0460016634766145,0.06301884259303459,0.034104027489814275,0.031377802239669024,0.02513000878100191,0.0,-0.007391261294540087,0.023194365612158388,0.01974202295944825,-0.029004913068540146,0.33364219520691063,0.05104318453505206,0.056327895100429376,0.9436721048995707,0.003984335514487191,156.0,-0.02470024965516603,-0.1775657723864893,0.007391261294540087,-0.014682499001148996,12.0,0
0.04633464653309226,0.07104759159310423,0.028069129230587738,0.03162162347189979,0.02425551226308517,0.0,0.007106334555246503,0.032883240535298904,0.028460688706670668,0.010138243991958383,0.5483820379478848,0.051511223205480704,0.05698231526670598,0.943017684733294,-0.0025805197151655976,55.0,-0.023046190349587933,-0.09960539041980399,0.0003374515148378305,-0.014682499001148996,14.0,0
0.04649925638592112,0.06931298214152266,0.02767160990346505,0.030383140531902088,0.019307148026581244,0.0,0.005336717579219672,0.046932727048538805,0.03150066803227302,0.014952483587842343,0.6536637392263143,0.051767201604489756,0.05710864567396559,0.9428913543260344,0.00021829517045590037,22.0,-0.01782124187340929,-0.12218701239712312,0.0,-0.014682499001148996,19.0,0
0.04655777454571045,0.06813786421591277,0.029380708235446716,0.029967984109215962,0.0165383851358918,0.0,0.003720272990586826,0.03329221161117215,0.03389893975568121,0.029965901921023205,0.27033814626584246,0.05148168203922768,0.0567888296788139,0.9432111703211862,0.009082448377116999,98.0,-0.01989703082219464,-0.12280439367578459,0.0,-0.014682499001148996,12.0,0
0.04712991499089606,0.06861262742170206,0.028531459620345322,0.03166476520637898,0.014408681106585644,0.0,0.010356737744607915,0.028784143769620605,0.03789026784347996,0.014057957508086964,0.6730830445458877,0.051938068936324314,0.05719043565493219,0.9428095643450678,0.0009920052131366663,146.0,-0.0014417503358642204,-0.1561493238720761,0.0,-0.014682499001148996,24.0,0
0.04699694138409736,0.06881472252239625,0.026518808372615374,0.032941079165174816,0.013540571497531016,0.0,0.005301788659928069,0.024587043506383844,0.036436775327364467,0.01748904260783906,0.5031975452011292,0.052329692946902526,0.057628173581424566,0.9423718264185755,-0.002530202508038624,55.0,0.003851060109118067,-0.1532561060234746,0.0,-0.014682499001148996,14.0,0
0.044745712450760325,0.07072968749297516,0.027637115672531746,0.032473463906726834,0.005069550667392938,0.0,0.0061610928725089695,0.0385760060725179,0.05660088483480753,0.004330233783839038,0.3088972691691882,0.05220988917983368,0.057378447030555724,0.9426215529694443,0.008235806547730772,138.0,0.011673743925295178,-0.19759946055494962,0.0,-0.013956367638723793,12.0,0
0.03963805036396238,0.06987163957305342,0.027261188486902715,0.030376958303994277,0.005059218725582445,0.0,0.005314389563264117,0.03672806707241559,0.08177826866779311,-0.020000445384538275,0.6769149568039511,0.05266689377847723,0.0578009439807861,0.9421990560192139,-0.0036328149959459007,45.0,0.02709472084551589,-0.12333289128864997,0.0,-0.008192802881094318,12.0,0
0.039308107967609765,0.06953398374877563,0.02725428451384013,0.0315568383459906,0.005831285669425744,0.0,0.0028867087370203623,0.034201557409663255,0.0759559964413435,-0.012119397888536389,0.6909190513044543,0.05278315925774221,0.057916133237521504,0.9420838667624785,0.0005231498255438272,82.0,0.04318908745935916,-0.11210926324472434,0.0,-0.008192802881094318,17.0,0
0.04218302250332889,0.07003268249180951,0.027179664733205842,0.02979024324085158,0.019370244779097254,0.0,-0.014359035334282613,0.015573211116766551,0.0501664828900449,-0.014438166293044258,0.5068122515637046,0.05242878015314246,0.05751541580426199,0.9424845841957381,-0.006856354550282744,137.0,0.022366675962616607,0.02331215420267194,0.014359035334282613,-0.013435112660860973,17.0,0
0.04089110139110877,0.07961130069044814,0.026981276946595637,0.030695103401060363,0.017414408590518522,0.0,0.0007830696770868114,0.005950114186466157,0.05967771774444148,0.013565087192065105,0.3281153192822521,0.05271813955646342,0.058030257294954576,0.9419697427050454,-0.004948842344333687,26.0,0.026000760130408515,0.03731878379118514,0.013587209782358297,-0.013428364697150278,7.0,0
0.03756606221702039,0.08012699172173404,0.027150267204680483,0.029910114524134963,0.01728447419952227,0.0,-0.004431440390963844,-0.00378939188583417,0.0710173875509687,0.03720467410985709,0.5633626791876318,0.05265632918606539,0.05806320242101977,0.9419367975789803,-0.003106185214618108,136.0,0.029912742708429904,-0.048458719957040854,0.0179584392630921,-0.008040068951238011,10.0,0
0.03969867000846156,0.08056888720807398,0.02631897116939783,0.03004073279429163,0.017368719961269704,0.0,-0.010296482185216095,-0.020084208861447694,0.05902699001953916,0.044964995580616986,0.6683167476555006,0.05196867908364253,0.057415971818748704,0.9425840281812513,0.003288049749251764,121.0,0.020007033547294065,-0.07942994661828193,0.02807001269836148,-0.00997519452044374,17.0,0
0.040970215748442736,0.0780205478467187,0.027140455121177128,0.03287547635383238,0.022644533285699098,0.0,0.013928079556112697,-0.01168813800879501,0.06554058882855227,0.06918581273389726,0.6731721088273215,0.0523338988106011,0.05777089696486194,0.942229103035138,0.006099152561526132,3.0,0.02462968327191355,-0.03775731373815473,0.014532894512252658,-0.00997519452044374,19.0,0
0.04080438482773644,0.0749942404110469,0.027191359416848603,0.03252340602809039,0.027045651534207193,0.0,0.014318732714633778,-0.0004222544297097932,0.06494393603048666,0.09601843907302714,0.6877759313489954,0.053172341523151555,0.05865305417905956,0.9413469458209405,-0.0024570344829080893,38.0,0.05873055103069383,0.05836511449565977,0.0004222544297097932,-0.00997519452044374,19.0,0
0.04164372398792496,0.07421093384678268,0.024368838869655646,0.03226684527790612,0.023306310869702425,0.0,0.01126092190089839,0.025559964261286757,0.0722986263973806,0.10318152858534775,0.43706747539573176,0.05350262937359728,0.05894673082237519,0.9410532691776248,0.0044272444931690615,71.0,0.08370810457014086,0.04802269184112391,0.0,-0.00997519452044374,9.0,0
0.04122039477422956,0.07027806640543716,0.0229805350942663,0.03208041612179406,0.023131499613427982,0.0,0.0021861950699038316,0.02699782754186347,0.07780164869003957,0.07702316787847194,0.28330421197363626,0.05363586442544981,0.05909896147872568,0.9409010385212744,-0.0004375370739524334,21.0,0.09418274782806353,0.10065855943415825,0.0,-0.00997519452044374,7.0,0
0.04053206277182201,0.0704664612143468,0.023284906767231946,0.03200930587949483,0.021437275900516323,0.0,0.011189952284653627,0.04311237453733882,0.09772915904025473,0.06784297870766123,0.22999110098998926,0.053980510399315,0.05940257212546834,0.9405974278745316,0.004147717716316842,139.0,0.09319551020386556,0.09675556051651812,0.0,-0.00997519452044374,12.0,0
0.04053161030510419,0.07187436189577141,0.02229677291577788,0.030976153123789412,0.013646893332805339,0.0,0.00019843349282828244,0.054173643105591744,0.09773455373648214,0.05788411612822073,0.32170219615366435,0.05423402148167229,0.05961085596853127,0.9403891440314688,-0.004417320625171046,43.0,0.0907834164822194,0.1067458163355724,0.0,-0.00997519452044374,7.0,0
0.04009405901445244,0.0716269342078309,0.021796878844320803,0.02977240510951861,0.013638061145468436,0.0,0.0017573752091386474,0.041519850396519564,0.10224375375764941,0.06094591143070761,0.3304785816418939,0.05423389492118282,0.05958941419388718,0.9404105858061128,0.0016763326491791393,85.0,0.08576725287993547,0.09516986107298829,0.0,-0.00997519452044374,12.0,0
0.040292354395705304,0.07323362404070667,0.021642683583359995,0.02921597676632528,0.016862815428544918,0.0,-0.00878930260067949,0.017792123885790066,0.1015383654282244,0.07713477330076443,0.24243922916572724,0.053818983005481304,0.05927796391644439,0.9407220360835556,-0.0007684384985084305,167.0,0.08618124642379547,0.025870820821467903,0.00878930260067949,-0.010070405247535604,12.0,0
0.03807730263120876,0.07322185630531143,0.021630840265702864,0.030595089398548637,0.014327443271459798,0.0,0.0033470091961256736,0.009827099384599358,0.08678208841958968,0.0797960073753405,0.5055469649734856,0.053940152644782545,0.05941581550993769,0.9405841844900623,0.0008901881404161723,59.0,0.09971438241020364,0.03473682115772565,0.005471711281185821,-0.010070405247535604,7.0,0
0.03636916612459866,0.07495546034543785,0.025629282625182808,0.030435782614285704,0.014341425466816122,0.0,0.0005932249292978125,0.008221984063306941,0.0715844284716148,0.09218493635167882,0.3316791891461066,0.0531875600825519,0.05869391708387288,0.941306082916127,0.014618696323418369,96.0,0.09624111425576652,-0.0032109513843053324,0.004881732307425928,-0.010070405247535604,5.0,0
0.03799010474342719,0.07228414842768721,0.02542099444745609,0.032845955093726065,0.013113741640286156,0.0,-0.010480799610952322,-0.013385161481372036,0.050458167321975035,0.07867346045066122,0.3974570642602129,0.05255974353078878,0.05812854068512235,0.9418714593148776,0.0018274761192896291,31.0,0.08412720202486679,-0.10155128046465828,0.015311367460309807,-0.010453151997091889,0.0,0
0.03683968644819892,0.07596012005610894,0.02633847910533168,0.03232211119796891,0.013026333254392656,0.0,-0.00031797210366801815,-0.013894553825067369,0.05794368917026353,0.11396947333971058,0.3800573646165327,0.05210309186388762,0.05778321405207319,0.9422167859479268,0.00830409832662646,163.0,0.07882963777166627,-0.14939513208506996,0.015624470976256436,-0.010453151997091889,5.0,0
0.03661885347116475,0.07015017742338074,0.026478769442446672,0.034117816437286036,0.01246294732020947,0.0,-0.0005508373962259199,-0.01616670182957239,0.049899993618959845,0.08142106678372889,0.42720479566619185,0.05174374920966094,0.05740453792663907,0.942595462073361,0.006404429753825479,104.0,0.07978087051048458,-0.21710355313084106,0.01616670182957239,-0.010453151997091889,5.0,0
0.03861280686474144,0.06466473638834234,0.028539660986647786,0.03408279654845272,0.018278477904591982,0.0,0.014886745485552041,0.007333129777808703,0.05987334290840242,0.10978985325011584,0.22419748030701564,0.052926434782967983,0.05864468844865981,0.9413553115513402,-0.008563673906996945,112.0,0.09326006123961547,-0.19796942935070436,0.0015206259194980008,-0.010453151997091889,5.0,0
0.038903708517427416,0.0652926968985561,0.02733567312377309,0.03426243713856197,0.019108518710273324,0.0,0.00742867798752222,0.011431014318918834,0.06378921439842362,0.10128731416502851,0.3198912865860403,0.05316403677084106,0.05883780309115281,0.9411621969088473,0.002560439239710543,42.0,0.09985054089005922,-0.21154894394698773,0.0,-0.010453151997091889,0.0,0
0.038145124808478925,0.06478462264660904,0.027889435330979727,0.03377731173362626,0.019139870114417527,0.0,0.00019347033182518113,0.01102692983390849,0.05308846499688093,0.1282121007343253,0.3852976785738288,0.05283020557673417,0.05855391319383262,0.9414460868061674,0.006418064665176695,36.0,0.09299026899849192,-0.18364403410895788,0.0,-0.010453151997091889,0.0,0
0.03801235422634954,0.06551740033721941,0.029530472241379266,0.030670163745330103,0.013696590740320294,0.0,0.0021336127976471467,0.023915523247872366,0.0497696909796806,0.11525002109879,0.4224482049636751,0.05340167707087222,0.05914596593986535,0.9408540340601347,-0.008669095453335385,123.0,0.08801991335538405,-0.18438237601896915,0.0,-0.010453151997091889,5.0,0
0.03780576959209703,0.06199703596947623,0.02898825352034462,0.031606525284034834,0.013469712187034263,0.0,0.00046109882896568327,0.02471347979742991,0.043822650264169004,0.14304298112905264,0.698514580576976,0.0536580813127332,0.05947492768901925,0.9405250723109807,-0.00439010683555675,99.0,0.10290393587973481,-0.15928125495256334,0.0,-0.010453151997091889,17.0,0
0.0377686588266496,0.06542668608681629,0.03511571154531468,0.0310157948030297,0.013842120999678159,0.0,-0.0015555745857354062,0.023683344618706144,0.036689534236312486,0.1308949913795077,0.2454804774849274,0.05252173574214025,0.058106888330398454,0.9418931116696017,0.020279143868570597,61.0,0.12146820949217894,-0.09420757850634241,0.0015555745857354062,-0.010453151997091889,2.0,0
0.03903509244449209,0.06611440836429566,0.03510815335799091,0.032506569714430666,0.011751412788788907,0.0,-0.008699915852922702,-0.00010775569348360202,0.024712376353099547,0.12417453586550677,0.31246990966099486,0.05204909563944177,0.057601980035211234,0.9423980199647888,0.000789692869844136,156.0,0.10254542596477623,-0.046377174729722796,0.010241957070659266,-0.010453151997091889,5.0,0
0.03583003594724965,0.06344463091775104,0.03418002259548013,0.032932232802199646,0.008477441717397588,0.0,-0.0011326914363202283,-0.008605078704620912,0.03846302062623094,0.16392248664951886,0.24579836823261209,0.0521049333619303,0.057770883458096195,0.9422291165419038,-0.0022443425023114544,18.0,0.0905590579824211,-0.22032985408023073,0.011363047529914398,-0.010070405247535604,0.0,0
0.03658678686330507,0.0537853236903099,0.033439978447406746,0.03276747961085257,0.009137736307467371,0.0,-0.005973951322475316,-0.014718246493580939,0.03145159462368651,0.12727081814662156,0.5516626000662681,0.05178224349438601,0.057484777611048504,0.9425152223889516,0.0004940721919742173,133.0,0.09300627175469295,-0.2464713486724129,0.017269116559571033,-0.010070405247535604,10.0,0
0.0378634215107531,0.054282994191511245,0.033730097894196474,0.031062383787124476,0.009763312924662707,0.0,-0.010057861603930534,-0.026704709299355096,0.025622381681869588,0.13007352167332153,0.6552198622925534,0.051520394727648584,0.05734939397052479,0.9426506060294753,-0.004603558508023497,53.0,0.09845940384271847,-0.2755276470423265,0.027153287779123257,-0.010260689098023261,14.0,0
0.03613152042058203,0.0550989275824023,0.033710211139982425,0.03303531716142798,0.012056872533016537,0.0,0.004283255666212817,-0.022986336586646675,0.04073125539032723,0.1117479059129523,0.49255918411117705,0.05168363762254064,0.057470722229111024,0.9425292777708889,0.000925914238927995,79.0,0.10216248881527454,-0.2682390992353465,0.022986336586646675,-0.009867577753442876,10.0,0
0.03396534369269223,0.05551816770852883,0.03338718322153378,0.030995106439586705,0.01368786083396366,0.0,0.0033000959368581903,-0.0182348889097877,0.029822321159827456,0.10349943907057281,0.5226069433818977,0.05176286514150429,0.057525275974561266,0.9424747240254387,0.001608310992181206,37.0,0.09731748247742901,-0.2939095739815381,0.019762097765761332,-0.009867577753442876,5.0,0
0.03453836098821992,0.060397766017944145,0.03325241625593846,0.031179007361664617,0.0166896869089502,0.0,-0.01438395384664218,-0.023864254105641997,0.0006809217705566224,0.07425476295275013,0.41829500200389724,0.05113050244715719,0.05678824232439083,0.9432117576756093,-0.0013336298995894273,74.0,0.06566907954095208,-0.11103377623818761,0.03386179451022797,-0.010417358909899053,13.0,0
0.03258885582740958,0.06028111019527027,0.033901360486251204,0.03071810563742774,0.016730644329840047,0.0,-0.0009013094468845564,-0.02363813775474341,-0.011354066047432932,0.07619995972015003,0.5171879697810162,0.0506544945052629,0.056265248874732575,0.9437347511252674,0.0085375526185123,5.0,0.06012367697069313,-0.08884573226761983,0.034732584001832,-0.010417358909899053,13.0,0
0.03360831388010054,0.0607050518733835,0.03489265266782988,0.02907459753815369,0.019783072767611133,0.0,0.008263826227838026,-0.009653370432245019,-0.005358548086884728,0.08399819995187653,0.4300481187665025,0.050531279851978445,0.056140544570233514,0.9438594554297665,0.01024645932251714,115.0,0.07202619672741035,-0.055257971262229526,0.026755781812628898,-0.010417358909899053,5.0,0
0.03286807166396899,0.06068070003301006,0.03509827370701583,0.030982112678662597,0.019180229313483926,0.0,0.0087869058043787,0.009199096963521542,-0.007722267816056356,0.08425984362795208,0.3685520132297916,0.05063194343291467,0.05618909441769224,0.9438109055823077,0.00635138119623759,59.0,0.08925220048465154,-0.047890948258419025,0.018203976542760274,-0.010417358909899053,2.0,0
0.03398293007723689,0.05843362923664764,0.035032841501142976,0.03106565245278587,0.020145224536054475,0.0,0.008511945083521462,0.013448485288189056,0.0005254079965223964,0.09982589821197659,0.3569101748137997,0.05125192923391371,0.056837414327937257,0.9431625856720628,-0.004123728398124323,37.0,0.09831131224907423,-0.0556409208785072,0.0098469827078725,-0.010417358909899053,0.0,0
0.033940744019705225,0.060096368143551,0.03542154711286369,0.030764078387794158,0.020168642919385506,0.0,0.0004178122631189567,0.010537047289576787,-0.0008125075469729183,0.0896529434065297,0.424279445300208,0.05141325002381954,0.05694989984803684,0.9430501001519631,-0.0026784190933138562,153.0,0.10134817238911756,-0.05199587286711424,0.009433284634883615,-0.010417358909899053,5.0,0
0.03347412162162049,0.05967511618581868,0.03669697670468722,0.031543794834925705,0.014458015386254209,0.0,-0.006776700110873751,0.018336648116012502,0.0012162914161233944,0.059274321342892254,0.3702577882766277,0.05146722265907804,0.05699037927609831,0.9430096207239017,-0.0074128681578995775,95.0,0.10287815708662534,0.058853445731181106,0.016146058204726244,-0.010417358909899053,5.0,0
0.034364360960273115,0.05968600770243101,0.036685581321818164,0.031160238727022976,0.017932293946567826,0.0,-0.008710208285096901,0.01037738648993651,-0.0108153212370296,0.05521260018047078,0.2408191555744481,0.050909505166443644,0.056422479783928205,0.9435775202160718,0.0025976324018515185,16.0,0.07502819101868191,0.06301212240057459,0.024715630959876684,-0.010417358909899053,0.0,0
0.03450852471568832,0.0573198528682457,0.03426787561056177,0.031111455254203935,0.016605022747620282,0.0,0.0029179361774001353,0.005020290185260156,-0.008517115840592653,0.044231521393358834,0.698742700599822,0.05117170598506001,0.05675121226102526,0.9432487877389747,-0.002422802606171248,110.0,0.06245761976134678,0.06919460569608352,0.021869813416201644,-0.010417358909899053,17.0,0
0.033053211978033306,0.05651779515485488,0.03453672674565123,0.028644722531339043,0.014599793342107347,0.0,0.003201923754430168,-0.0005438386195671399,0.00519276065309332,0.026737082437214676,0.47260297290699554,0.05147861598212222,0.057049766846853166,0.942950233153147,-0.0029181447083797113,167.0,0.05591294516096511,0.1256064078954094,0.018737915136853765,-0.009855713606105489,10.0,0
0.03458234996668787,0.049854173193326745,0.033949738663540736,0.02930248193867035,0.01593851748227565,0.0,0.010667510977405578,0.0015923716894992357,0.016238801051168116,0.007088685461283862,0.6220381263206375,0.052186435022391744,0.05782441795370779,0.9421755820462923,-0.003636300786293303,75.0,0.07512342626203829,0.19707878162966502,0.00827029107486427,-0.009855713606105489,10.0,0
0.035517425916251316,0.051719221352681796,0.03338788739950597,0.02847223779319579,0.017873718350465157,0.0,0.00912265631283685,0.010307435825773401,0.026074798735395747,0.018726892435314783,0.20730761073961684,0.05254645872764307,0.05825389741726635,0.9417461025827337,0.0016497282856546135,29.0,0.0772759246448675,0.2493835782032956,0.0,-0.009855713606105489,0.0,0
0.03263783168794437,0.052081421378536615,0.03194471421611189,0.02960354585101498,0.015772133323677422,0.0,-0.0009791627665646115,0.01620469487022693,0.010033985621065241,0.010637786907682623,0.42863176656645774,0.052438014727150525,0.05810688557950676,0.9418931144204933,0.001170894865109053,130.0,0.07050809679129567,0.26258823461421726,0.0009791627665646115,-0.009855713606105489,5.0,0
0.03335909438598464,0.05374561193471983,0.03272332002526489,0.028676130229543857,0.01672724558595651,0.0,-0.010008476944735835,0.01487379575459537,-0.007448263474030261,0.0014337462017072426,0.5498319668659615,0.05227668618551859,0.057905677956344645,0.9420943220436553,-0.006350824695417518,100.0,0.0558658320487525,0.35035435179177044,0.010977839783326141,-0.010050453905051328,10.0,0
0.03342449165018371,0.05763858601473852,0.03338618104763523,0.029188969948965277,0.017309328027733776,0.0,-0.0025023583226124976,0.009388885519265254,-0.010123495308378147,-0.04046630204739367,0.4145141881012988,0.0516903882141016,0.05711894205003046,0.9428810579499696,0.009102766886342354,76.0,0.042427528862177856,0.35105572884359537,0.013452727617192526,-0.010050453905051328,5.0,0
0.033405867955460175,0.05771808987730394,0.03185644895540831,0.033679566684313315,0.017227477919957407,0.0,0.0018754417234346905,0.008054222788638743,-0.010378508689119334,-0.032548626121624805,0.5510893356702244,0.05171572045790764,0.05715403073542709,0.9428459692645729,0.0012704102481346689,13.0,0.038874647120273866,0.3609568246675765,0.01160251570042512,-0.010050453905051328,5.0,0
0.03341132190279692,0.05730550985680772,0.032617240938711205,0.032970298190006804,0.013921489981791482,0.0,-0.0015488021553178915,-0.004130502560295033,-0.012366633176700191,-0.0489176313691102,0.4008016936160469,0.05203632415849963,0.05746859534106385,0.9425314046589361,-0.007569918053235942,5.0,0.03091407844682101,0.36284387020703535,0.013133347854419084,-0.010050453905051328,0.0,0
0.03364102315407838,0.054128966600735184,0.025453754347873083,0.03276923702796141,0.0090500000350661,0.0,-0.004607836829153348,-0.017680668359638756,-0.015385845823056294,-0.027748244229489745,0.593875672845519,0.05154102986243911,0.05695307893781747,0.9430469210621825,0.005193597497012198,72.0,0.02073918889617654,0.3649174826787337,0.017680668359638756,-0.010050453905051328,7.0,0
0.03270060920271894,0.05439889905673615,0.025937021741158802,0.029088438792119163,0.010130559060248161,0.0,0.0021671407302337807,-0.014586964371770336,-0.004592083271100239,-0.030297787103390178,0.4905624793786647,0.051891792942906974,0.057284929497942026,0.9427150705020579,-0.004673310620576551,107.0,0.02000681179195911,0.3434463848735971,0.015551844125944906,-0.010050453905051328,10.0,0
0.0329056633886679,0.050694714410395636,0.028147454897190616,0.029296144074002047,0.006462770735954798,0.0,-0.004006749202210505,-0.008612993265912796,-0.0074561872704764194,-0.050340828264417124,0.33768141919700767,0.05114097853744049,0.056461828519447796,0.9435381714805522,0.010848878054236781,166.0,0.030720045870977153,0.37983297698505997,0.019496280989110878,-0.010050453905051328,5.0,0
0.03275310830704303,0.05040846354371777,0.02922070018322885,0.03289694292154532,0.007237718723716988,0.0,-0.005015518173646564,-0.011110757589416587,-0.006499183283457702,-0.052069484838258365,0.45713583713397854,0.05048849894151242,0.05579352796481015,0.9442064720351899,0.008079426557698293,78.0,0.02474800166221246,0.3941529008431554,0.02441401521113804,-0.010050453905051328,10.0,0
0.03127647807502248,0.04644989529278095,0.028728240688032324,0.031946025309983105,0.007657309879551152,0.0,0.002646497551528229,-0.010349696102184159,0.006250845942754169,-0.07199726391130377,0.5198863315570539,0.05044304483628312,0.05570635676202713,0.9442936432379729,0.0034397121658343755,75.0,0.03203338918520357,0.5811119296097368,0.021832129291089058,-0.009813736645789994,10.0,0
0.03117412879209523,0.04883311389878144,0.03162272401977552,0.03273064620342147,0.007762859920981291,0.0,-0.003177197663471007,-0.01196373804333095,-0.001224223896113948,-0.05437945881427414,0.5554251916007491,0.04959682175282661,0.05485468762393453,0.9451453123760656,0.013936187244175079,118.0,0.03945716731804572,0.530387510911992,0.02493996196438782,-0.009813736645789994,10.0,0
0.031067528125761797,0.04934753227603889,0.032346183927439855,0.03319826029076067,0.007920215150053889,0.0,0.002095296061203242,-0.005310140989392738,-0.002423590801121068,-0.061038191931158794,0.22645126645445557,0.04994074454621582,0.05517364750930409,0.9448263524906959,-0.004857919827013774,94.0,0.02732645325547535,0.5168691783837851,0.02289692250725512,-0.009813736645789994,5.0,0
0.027473637690404413,0.04625442829335856,0.032211589901305536,0.03357933918319952,0.007985410642792038,0.0,0.0023334197016562537,-0.005145102644072285,0.014496646588107702,-0.04891307140977098,0.2147595584444596,0.04995001354775661,0.055131664126515156,0.9448683358734848,0.002071105659844609,40.0,0.015187439440926232,0.4071758212241945,0.02061693093568459,-0.008420182058963428,0.0,0
0.029073047994851556,0.04628128504913098,0.03142416398254247,0.035085873739120595,0.010881529976159671,0.0,-0.009161177187780522,-0.010293639464382392,0.00610947903035505,-0.05368157696305455,0.33719457769098515,0.049576938245617166,0.0547419941582517,0.9452580058417483,-0.0012224405763114666,154.0,-0.005313954445503939,0.40647589867490846,0.029589232766095073,-0.00909353185237798,5.0,0
0.02814309017363245,0.0451483502618948,0.030418273508340015,0.03543053993052683,0.010569379435230368,0.0,-0.0038219948364908887,-0.009106447442992837,-0.005950518381411987,-0.058393050261146065,0.6042685210777756,0.049637768014049864,0.0548571554417169,0.9451428445582831,-0.004880718339422531,105.0,-0.011277180329408028,0.32380499764203674,0.03329813770773822,-0.00909353185237798,18.0,0
0.02928668437814824,0.046370431238706496,0.030733254856863266,0.03488748067670785,0.016133867159806806,0.0,0.011909762658148422,4.823438374393199e-05,-0.0028732835176390635,-0.06848258202664795,0.6507219972125755,0.050562541104372354,0.05574692458749605,0.944253075412504,-0.007113013197494798,30.0,-0.010573363068860751,0.20817260378007463,0.0217849479666473,-0.00909353185237798,12.0,0
0.029251414933785577,0.04920653557567885,0.03117751819482044,0.036148653770657936,0.018208571787494913,0.0,-0.009344406623005385,-0.0061389298911918655,-0.020528052439596416,-0.05646350974850177,0.4466744992088606,0.04977215158143268,0.05499736210645249,0.9450026378935475,0.0067910197182142204,98.0,-0.020013430045978817,0.06679760630299818,0.030925787177591316,-0.009316922207721656,13.0,0
0.03321833829348642,0.05201238541280602,0.031043198330562495,0.03574633169745463,0.022763646096047294,0.0,-0.017035635434684213,-0.025112662352979365,-0.03761607526231954,-0.0661792068519166,0.46456289179763166,0.049025375790229905,0.0541481841518658,0.9458518158481343,-0.0011028167363489412,165.0,-0.03839801946425432,0.23839413437652157,0.047434582176387456,-0.009908866396476267,18.0,0
0.03540535695955126,0.05145521560342828,0.03049350902691007,0.036216830119462265,0.02328824553729859,0.0,-0.014988440177388684,-0.04196021180972922,-0.045572842522028915,-0.05844898104113307,0.5492661114850026,0.04858114673645268,0.053724252517657244,0.9462757474823428,-0.005238499888873678,145.0,-0.0444119809630734,0.20084966968828094,0.06171205195648593,-0.014241445692490756,30.0,1
0.03477119565462483,0.05182365458248246,0.03060330138812478,0.037370387273520385,0.024039031447498686,0.0,0.0003377387393979234,-0.03277573175768357,-0.0368613573117752,-0.054634386235852754,0.29691600680575314,0.04873041114813625,0.05391003457449506,0.9460899654255049,-0.0027646216456238696,28.0,-0.04727801112824502,0.22110080224600304,0.06139515576772145,-0.014241445692490756,20.0,0
0.034532277871430324,0.052539383090689444,0.035688758055488434,0.03738742969438577,0.024623715071405115,0.0,0.00035250063180432837,-0.028722567259296578,-0.03932503855643111,-0.08088211941908166,0.39931604281265143,0.04786707776478895,0.05286049128626049,0.9471395087137395,0.018492587164879722,125.0,-0.047507218488202864,0.17161137793414472,0.06106429696711496,-0.014241445692490756,25.0,1
0.03418935206467335,0.053114808378927306,0.0354184733697877,0.03733917680102002,0.01776491267652032,0.0,-0.00085991867119023,-0.04097949347561868,-0.043214694490322544,-0.07269560572408298,0.6083484585952388,0.04780543445661046,0.05281965171574956,0.9471803482842505,0.00044666390238416785,164.0,-0.038246337402414024,0.17795620927120528,0.06187170530920007,-0.014241445692490756,30.0,1
0.03397348467162133,0.05344424832932834,0.03544066698655046,0.03855427876250466,0.023141100004207892,0.0,0.010064124497398639,-0.02219074441850734,-0.04378591233530456,-0.07142171755216858,0.22348801658656825,0.04844453608817509,0.05352700010252919,0.9464729998974708,-0.0037910447792164075,60.0,-0.02825814200339334,0.1830820414680584,0.052430265356899576,-0.014241445692490756,10.0,0
0.03716297270427706,0.0507702770199762,0.035525224288566234,0.037525058802248275,0.025902328760114102,0.0,-0.021489343699408935,-0.02662109542602675,-0.07279291706380288,-0.08202520326169437,0.4622198422672553,0.04750095076255382,0.05260898878789727,0.9473910112121027,-0.0010267109919535901,98.0,-0.048616178990208155,0.003810558666873832,0.07279291706380288,-0.016728556146089882,35.0,1
0.03764831404021846,0.050789139478381616,0.03604984782154561,0.03704220620012065,0.02374529554621673,0.0,0.003338346455494341,-0.008510741979728934,-0.06878576828157984,-0.07746613530022527,0.3684033089769251,0.047311670543847176,0.052378675365113585,0.9476213246348865,0.007199364682039721,109.0,-0.05944197807038589,0.015057428992625965,0.06878576828157984,-0.016728556146089882,25.0,1
0.039965106700404464,0.04964533766048323,0.03510561009699692,0.03750497803208568,0.027187998952721944,0.0,0.012931993782766696,0.003972110665622295,-0.04720730793492729,-0.06535999181852419,0.511491042628426,0.0479129513632448,0.052973777732493704,0.9470262222675063,-0.00038626560499144757,53.0,-0.05430395894155853,-0.01125258971590398,0.04720730793492729,-0.016728556146089882,15.0,0
0.040563198131729435,0.04299169663329022,0.034272539765260075,0.040119239396898314,0.028637463393667472,0.0,-0.009066936552252245,-0.005481409193614072,-0.05347768081838833,-0.03946339138850069,0.6961440008710162,0.04753915115752194,0.0526056604156443,0.9473943395843557,-0.000840357536480264,27.0,-0.06305979507589858,-0.026470932318293807,0.05524950531435734,-0.016728556146089882,27.0,1
0.040347156685890874,0.044764701028850266,0.034307673449847954,0.03549361964550625,0.028704777320569967,0.0,-0.002996608362349842,-0.007608215694877107,-0.05808055254706649,-0.031164082964978367,0.471793180624474,0.04740786826769659,0.05253563543594847,0.9474643645640515,-0.00015328958108246906,131.0,-0.06785627171690725,-0.04116049616017519,0.05808055254706649,-0.016728556146089882,25.0,1
0.04048457394301659,0.04415108302011609,0.0332618520139045,0.034883093252780925,0.02602190907391974,0.0,-0.006029088424439537,-0.023419857648453273,-0.06230716750446423,-0.02561595797790583,0.4010988541846149,0.04726857648451048,0.05239620933800292,0.9476037906619971,-0.0027985947036177693,126.0,-0.0739032707963575,-0.033480791276204985,0.06230716750446423,-0.016728556146089882,32.0,1
0.040686839861253175,0.04433879436741479,0.0331262216329116,0.03551749282477374,0.018545212606939573,0.0,-0.007176430445841478,-0.00913518249174205,-0.06472686891771401,-0.032562205040185255,0.6277524938447483,0.047006132314976815,0.05211174357562854,0.9478882564243715,-0.0012641068711985448,26.0,-0.07911683711499318,-0.018871772534867173,0.06674935440330358,-0.016728556146089882,32.0,1
0.04037756930346812,0.04531185475804728,0.033259668402591286,0.03548482795056789,0.01777197532344573,0.0,-0.002560634085088595,-0.014960826749711961,-0.06913906781634942,-0.01412907708465577,0.2438389912491702,0.046503225351950825,0.05162194177314766,0.9483780582268523,0.008295564925860657,72.0,-0.07341365873075073,0.0028175810967416993,0.06913906781634942,-0.016728556146089882,29.0,1
0.04285995781070661,0.045892385183176954,0.0318663244724317,0.035654139359479906,0.01681452080218065,0.0,0.011824734419929381,-0.016037595826054137,-0.05434287357451988,-0.003924374016621751,0.5285917358523706,0.04707521151829259,0.052234179995162555,0.9477658200048373,-0.001056452604889289,153.0,-0.061393870202808856,0.05750804015033727,0.05434287357451988,-0.016728556146089882,25.0,1
0.04603107732427509,0.04747062959522146,0.03102616743929696,0.03490899323522615,0.021525340538436095,0.0,0.01521681384685044,0.008075331985563938,-0.035113579742449316,0.004260645994001601,0.6830700315298739,0.0477671359501821,0.052991034782864745,0.9470089652171353,-0.0002726896545326411,17.0,-0.04138455343542253,0.16070520626032078,0.038854460271922624,-0.016728556146089882,27.0,1
0.045851854057818824,0.04923303031527191,0.035691673448569855,0.03407139667406265,0.021455078380248228,0.0,-0.002639442815734471,0.008436463933557303,-0.0402004494329315,-0.00521737186525766,0.43523089263926007,0.04844857876587793,0.05368803850244155,0.9463119614975585,-0.01645762934749411,136.0,-0.03420089030641207,0.17030870523592806,0.04139134896163313,-0.016728556146089882,20.0,0
0.048881113400595054,0.049531928855906154,0.03277408003702457,0.037138082430157864,0.02304085651672905,0.0,0.015777929066834968,0.03056084539355375,-0.021949339933785558,-0.004141356631623779,0.6821743732578096,0.048963469429196285,0.05424870301078254,0.9457512969892174,0.004256548762861051,95.0,-0.023146692923448637,0.2677003819970863,0.026266489662695423,-0.016728556146089882,24.0,0
0.0488059722204926,0.04864275644547137,0.0333292623379941,0.03700303258705493,0.019829322812163527,0.0,0.00039055696571368964,0.03841545439264971,-0.02361317490450915,0.003414273430731104,0.430395457807473,0.048622082010929296,0.05385784024087654,0.9461421597591235,0.00740913383116171,138.0,-0.025979537032146383,0.28399897956879605,0.025886191257484346,-0.016728556146089882,12.0,0
0.05103296523577801,0.04932838925809221,0.03350742870037896,0.03751842983744619,0.018233884825507828,0.0,0.014523279987765272,0.0562011975676197,-0.01173886367316836,-0.0001436148455470063,0.4762476653327947,0.04948243905999911,0.054675812097079994,0.94532418790292,-0.0037606853218063135,91.0,0.002587608756923444,0.2088622444040738,0.01173886367316836,-0.016728556146089882,17.0,0
0.050252389677485194,0.04990448883574992,0.03362211790663507,0.03624616739823855,0.01991003272228116,0.0,-0.0006615613561967088,0.04316727963371143,-0.0032613597576254213,0.014377265834308135,0.6843419886825604,0.04930385864464613,0.054531363526274156,0.9454686364737258,0.0029416696266410195,123.0,0.0028281940636799723,0.18956012900708225,0.011213427355539035,-0.016728556146089882,24.0,0
0.05011846267672918,0.04980083526394423,0.03384725749331718,0.03658755929299955,0.01824379622415171,0.0,0.0011707674825008603,0.028734524210771894,0.0017342124183215666,0.013131373321626458,0.5318195040794562,0.04966046085688706,0.05494164478944025,0.9450583552105598,-0.00609541877826707,8.0,-0.004226625425962916,0.1994987680575857,0.010055788189153427,-0.016728556146089882,12.0,0
0.048770019089984566,0.04975320008233348,0.032987206460730736,0.036359254189882034,0.016595339510751973,0.0,0.0030888472611546,0.03464300908551618,-0.006998001721805644,0.013308135024024389,0.46160519154796636,0.04970912535596182,0.05491023195370102,0.945089768046299,0.002022631199122311,31.0,-0.009851177996441033,0.2558165471274525,0.006998001721805644,-0.016728556146089882,12.0,0
0.05433387742985397,0.0478192455377685,0.03233888467519411,0.037204591050271636,0.02414784627006842,0.0,0.026397636496498355,0.0454599462685565,0.028828697766384827,-0.00376608161818102,0.6063415639643901,0.05084088508395328,0.05600919721835148,0.9439908027816485,0.0022488144899540288,93.0,0.007708848307274787,0.2620599886352119,0.0,-0.016728556146089882,22.0,0
0.05126108737584513,0.04304207082843163,0.03500586118390863,0.03780347462812184,0.022923953004039536,0.0,0.007075632443355494,0.052446196389564166,0.054064978171554826,0.026352725087080593,0.3728523307509425,0.051837194812150454,0.05711141098027882,0.9428885890197212,-0.012666398329821546,137.0,0.014415190621278417,0.13821166343672164,0.0,-0.014100214633618217,12.0,0
0.0488818861302298,0.048303449237517386,0.035232541869685816,0.036999814803272996,0.02501622729237125,0.0,-0.0056587194950165,0.03150979304606871,0.06404875118350034,0.0064697619341299445,0.47478170965986427,0.05123297159400157,0.056363315122714724,0.9436366848772852,0.006479393156718306,127.0,0.015557025010053155,0.18458759854759493,0.0056587194950165,-0.00878336063629063,17.0,0
0.060237373558226434,0.0485669075137103,0.03591214191799341,0.03947979899779824,0.03816920037439413,0.0,0.03877788012808636,0.07221889473789887,0.10493712603527298,0.008923923886098684,0.5099836887480549,0.05270178412827685,0.05781676816479713,0.9421832318352028,0.007793235395388699,132.0,0.06420764382544081,0.23093387686146105,0.0,-0.00878336063629063,22.0,0
0.06986928791919911,0.044826052195522686,0.030367974722463723,0.03997913323783281,0.04384551845712818,0.0,0.04079901097358563,0.11465935825968056,0.149612228928481,0.025116372680537836,0.2566350756468579,0.05477250435347061,0.05986751400953071,0.9401324859904693,-0.000685366788140213,101.0,0.10440368370092377,0.15048313212772393,0.0,-0.00878336063629063,17.0,0
0.07633443446741198,0.04500539985043534,0.031003533329056705,0.04286375777359104,0.04335541391000306,0.0,0.038416010699647035,0.15391585426699067,0.19480317817675422,0.0269854173221805,0.6090270210624498,0.057105059359918726,0.062253413024966155,0.9377465869750339,-0.006121207056904812,91.0,0.14317012385577935,0.19388485205977232,0.0,-0.00878336063629063,22.0,0
0.08005191789089264,0.05163624424625069,0.03078423100437792,0.04148956715213255,0.04395891347592656,0.0,0.032222322882480614,0.16046419160519826,0.22101407430806724,-0.010744247198503568,0.5208796826903588,0.05883903528004026,0.06384033600229169,0.9361596639977083,0.00010072197283329072,57.0,0.16755085909024117,-0.0029299830574690375,0.0,-0.00878336063629063,27.0,1
0.07453873584920225,0.05526021599530172,0.030776567358549892,0.04222327415323387,0.04706018688102408,0.0,0.00035387536043039416,0.1527186378969052,0.24827067874924053,0.0059241418896808,0.49138953484969206,0.05889416130099624,0.06399780705951146,0.9360021929404885,-0.0007025500958826143,156.0,0.15740541475787012,-0.022201289774695727,0.0,-0.0070043291426311865,17.0,0
0.07462272738811786,0.05576583600090082,0.030388009006928927,0.04170888790478459,0.042300794998972234,0.0,0.002377384324403781,0.16203472165037847,0.24707512905669027,-0.0007563225347106129,0.6162488732321564,0.05870420326497931,0.0637418884461315,0.9362581115538684,0.005520066786729157,7.0,0.16129410819967552,-0.010603230971649552,0.0,-0.0070043291426311865,12.0,0
0.0750507074017347,0.05618906257792769,0.03038782492940113,0.04111850532710599,0.04476470599662434,0.0,0.00021421179843642035,0.11889525704439675,0.23141758273890176,-0.006793654071308564,0.6938400126905797,0.05872785447658719,0.06373104203829162,0.9362689579617084,-0.0001657359220729909,80.0,0.17328567371406262,0.004978533077520028,0.0,-0.0070043291426311865,24.0,0
0.07309038483873968,0.05624730072420403,0.030383440290201597,0.038782734360340146,0.039424374334969425,0.0,0.0028522496666393725,0.07810116443008742,0.24622937580877374,-0.009457679401102068,0.32245446727798815,0.05892039788468224,0.06391151935922063,0.9360884806407793,-0.0005781357116371714,130.0,0.17958391902277282,0.009514187269506627,0.0,-0.005973533085026081,12.0,0
0.07226101681190976,0.05537015407568916,0.031064349566270313,0.03841741217255236,0.02786845948422523,0.0,0.003576211461926768,0.0419298922812792,0.2544452366730553,-0.01435528479087691,0.3402511923788082,0.05876728006518776,0.06376166660603974,0.9362383333939602,0.00594707831300923,163.0,0.18158636418704865,0.037316180425379895,0.0,-0.005973533085026081,12.0,0
0.07488776708242875,0.05531982575740864,0.031175332936307962,0.03843098651595231,0.01623042078126111,0.0,-0.01559242827518592,-0.0063345343046934685,0.2423757827456378,-0.012887911085943456,0.6643038630199628,0.05767474500716105,0.06264574284721823,0.9373542571527818,0.003984513958548759,26.0,0.16496686674661548,0.033133202015897534,0.01559242827518592,-0.00694877380321773,19.0,0
0.07311999692110271,0.05827481385311652,0.03113229018594614,0.03855251544605575,0.017333936810534318,0.0,0.005557931357303282,-0.0011652728533155837,0.25831100346169383,0.012175278717881408,0.23883680456969136,0.057927094664308516,0.06298816886466968,0.9370118311353304,0.0007605217393591385,53.0,0.17686447208291162,-0.00876624927857022,0.010121158563929795,-0.0052058279931241945,9.0,0
0.07419324999281544,0.057399320530932316,0.030200756310537404,0.03845715932488115,0.018329931272214117,0.0,-0.00788688897522799,-0.01139326959478905,0.2515917126811896,-0.0014372943683300839,0.6222116513290217,0.05771180073487506,0.06278001869046847,0.9372199813095315,-0.003715699863242703,82.0,0.16505782837974392,0.03394818870676199,0.017928223085263394,-0.007552663553196266,17.0,0
0.07695622060146019,0.06042288583106505,0.030476222106089048,0.03821609580180162,0.020073666968980046,0.0,-0.011608419413224755,-0.023078699224839447,0.22260572316950497,0.011507679272984392,0.6364093189172338,0.05730960938101496,0.0625057488841829,0.9374942511158172,-0.0041069202028705355,165.0,0.1561658149238201,-0.06267003253044849,0.029328524165580554,-0.01105018984752524,17.0,0
0.07711532992443383,0.059093611965098304,0.0306816442927005,0.03610289152215077,0.01919258693552564,0.0,-0.0003768547813748793,-0.02622430808072182,0.20382657348438848,-0.003957137497399998,0.5616349104405389,0.05749892567262782,0.0627017526987891,0.9372982473012109,-0.0036333784085511487,28.0,0.16155591310026488,-0.07882474576674894,0.029694326352392966,-0.01105018984752524,12.0,0
0.07671990212366125,0.05742683758344407,0.025770898233041534,0.036318852908119655,0.018176834224567076,0.0,0.0007860107653792684,-0.028931655647197362,0.20796113847944284,0.010097736674702266,0.5826164955564926,0.05779344753349978,0.06301974954970686,0.9369802504502931,-0.004358750124087554,77.0,0.15940055781505363,-0.11500311649023147,0.028931655647197362,-0.01105018984752524,17.0,0
0.07740180065249778,0.05882986407290742,0.025451664355936,0.0331745522732859,0.014097308611034429,0.0,-0.005547012319032019,-0.01902236022824208,0.1826015596410407,-0.02286637777200968,0.33659833902854386,0.057605773524799814,0.06274353011462179,0.9372564698853783,-0.0018867571035455003,150.0,0.15664423600225452,-0.08182289695896622,0.03431818371594438,-0.01105018984752524,20.0,0
0.0770962221660375,0.059456384725061526,0.025366634210312676,0.03432264769714589,0.014962161746179604,0.0,0.006909105201092428,-0.017704215060402283,0.19030739538296929,-0.03040361166108154,0.6287415011888225,0.05757601363751212,0.06262634044532486,0.9373736595546752,0.0070823455071132605,17.0,0.16220045866566052,-0.08204508748551509,0.027646186456455835,-0.01105018984752524,12.0,0
0.07872712727438493,0.05874192400677952,0.025126323643961633,0.03370062569993076,0.016114565256303757,0.0,-0.010800070241708367,-0.02058856932104991,0.16059632650106154,-0.015789159671809588,0.35535748817481794,0.05708429592071566,0.062164978019753965,0.9378350219802459,-0.0016769884211655156,75.0,0.14697224444468557,-0.08198067945716306,0.03814767594251911,-0.011487167037497296,20.0,0
0.0789941296250664,0.06003924778543159,0.02493571543750634,0.03378538609041162,0.01346340690647735,0.0,-0.0032174945298489624,-0.012273881189178295,0.15762795608978353,-0.04220610675895132,0.4477818924927063,0.056981762768845104,0.06198040984841105,0.9380195901515889,-0.0011512867743608075,49.0,0.15385251485949014,-0.031338613013043644,0.04124243053369657,-0.011487167037497296,17.0,0
0.07957341250754843,0.06383340437509756,0.026922666205643916,0.0331800489481979,0.013502314942616606,0.0,-0.0046645642848981966,-0.01651056046852523,0.1508807123563432,-0.02616071935251362,0.41746647816418025,0.057381932160442635,0.06254553334648041,0.9374544666535196,-0.011438157874686208,28.0,0.15287658397971834,-0.07137591100229979,0.04571461685010489,-0.011487167037497296,15.0,0
0.07976488874472108,0.06271125917916905,0.02773181948951076,0.03317714018392635,0.013255441276040971,0.0,-0.00028034416569674937,-0.0175584856015949,0.14701511516623703,-0.01054797255566662,0.47588027268493777,0.057006634051028085,0.06215193324678948,0.9378480667532105,0.0063058348198414774,42.0,0.1389883014153666,-0.0837778696866111,0.04598214518968065,-0.011487167037497296,20.0,0
0.07699873221430148,0.06278530982721751,0.027637815974798682,0.036859123010781834,0.013661367451540549,0.0,0.0023797444571066993,-0.00972747194093115,0.12017475211001612,-0.012020882772640783,0.2381988289214012,0.05724084377075047,0.062373044620054184,0.9376269553799458,-0.0018349408229676033,63.0,0.15246793148413082,-0.07390644502056917,0.04371182648771497,-0.011487167037497296,17.0,0
0.07798849600163514,0.06219926821061275,0.0246045836672746,0.036109733277571464,0.010887422731198712,0.0,-0.008096457167804461,-0.024485106076167124,0.10329876864694888,-0.020797729597618827,0.20943563529399328,0.056577938902481056,0.06168702045280204,0.938312979547198,0.003996824550921275,62.0,0.1629485924905495,-0.07711646464281792,0.05145437272463514,-0.011487167037497296,17.0,0
0.07734337380986853,0.06195265222154863,0.02390081038325766,0.03609633712708406,0.01138090312431082,0.0,0.006031862154415707,-0.007886034187888448,0.11627037567108321,0.02142206243750499,0.6964064404900726,0.056711678143819076,0.061908109966495393,0.9380918900335046,0.0032110133321315757,151.0,0.18776609921595286,-0.11669539485818868,0.045732876253736364,-0.011487167037497296,32.0,1
0.06912250097585132,0.062292912262527,0.02265014941679467,0.029823930014525005,0.011275049219579253,0.0,0.0006146009731845528,-0.004071886722396852,0.07526012817348554,0.024384363050270266,0.6632545487614029,0.05693683978543834,0.0622013954474101,0.9377986045525899,-0.0034267266219780257,128.0,0.1880948357643304,-0.1833257316910961,0.04514638275080388,-0.011487167037497296,32.0,1
0.05970596625155479,0.0665272471519948,0.02294265257162052,0.029714323895501795,0.01745247642555371,0.0,-0.01523050110717774,-0.014644115085655112,0.017375464846313658,0.0033908272616654652,0.4918887858500326,0.05594745348286568,0.06108022111206269,0.9389197788879373,0.0031759109320796375,164.0,0.1695872757991201,-0.06626261319856656,0.059689281825510435,-0.01468718885308479,25.0,1
0.047968848910657974,0.06640469669957891,0.02364196707439962,0.033644087615439404,0.02092482664758556,0.0,-0.015766223246146994,-0.029907496170484646,-0.035708920293196646,-0.008017229576072954,0.38243754759671045,0.05557163339527392,0.06072561575143541,0.9392743842485646,-0.008205322167567922,151.0,0.15213804672118247,-0.13663084796954053,0.07451443052899424,-0.015538139199984693,32.0,1
0.033540584904403196,0.061471569865363715,0.023897234115577905,0.035719647416829016,0.020183765924489495,0.0,-5.866053902923328e-07,-0.032211155370632905,-0.06581121850215646,0.030948130233761712,0.4236461886760896,0.05577279155970796,0.0610044812392978,0.9389955187607022,-0.003665042035705258,162.0,0.14065765026957075,0.2562058305868978,0.07451497342381794,-0.015538139199984693,25.0,1
0.033406808617798524,0.05943867780290062,0.02585235623156441,0.03613381054206143,0.020175995868906917,0.0,-0.0017027392864539873,-0.02597287858858787,-0.06773180518483542,0.0004799509430569338,0.3388963338610447,0.05518738376826839,0.06031972601494415,0.9396802739850559,0.009042129479149856,29.0,0.16372305231825468,0.2287556604398289,0.07609083313759411,-0.015538139199984693,20.0,0
0.033052069176813706,0.05908147758242828,0.0256190101506043,0.03603814999730591,0.017456872381588974,0.0,-0.0007441446782435866,-0.03253332133216586,-0.07063500537058445,0.012439009433617929,0.4419102735582847,0.05542711151004098,0.0606087442976813,0.9393912557023187,-0.005046445372465032,16.0,0.15898797061824865,0.25840552862254995,0.07677835522729524,-0.015538139199984693,20.0,0
0.033020175601135245,0.06477880969811084,0.025850237703296648,0.03724833490308217,0.017209229843879917,0.0,-0.000128467548166633,-0.03325177380495115,-0.07095341135338161,-0.008282763046575423,0.45315806750005316,0.055271387070962304,0.060297744652960575,0.9397022553470394,0.002838442974329794,77.0,0.14404430444304164,0.2094740985361075,0.07689695924841355,-0.015538139199984693,30.0,1
0.03286969516225179,0.06508066105682168,0.025862455573303633,0.03731894416874843,0.014525904918411174,0.0,0.001943574675094171,-0.016391983450236163,-0.07179521172962267,-0.01250856301035579,0.2865338468867485,0.055349382448527676,0.06033747821065422,0.9396625217893457,0.000459855780703782,167.0,0.15675607390890733,0.2005796357979281,0.07510283955590635,-0.015538139199984693,25.0,1
0.0339879789165148,0.06468977616606104,0.025234320778416704,0.03823595047985289,0.007773738730597664,0.0,0.00786832047221551,0.007227533800583706,-0.0678254522936901,-0.017802390729817274,0.33455954233101415,0.05599684514651584,0.06101116175832041,0.9389888382416796,-0.0042248586277219904,157.0,0.16936192111804022,0.18294333518131076,0.0678254522936901,-0.015538139199984693,25.0,1
0.03207171724064597,0.0653685011286136,0.026767574626742813,0.03833700337505499,0.012184380345365366,0.0,-0.008932004041881023,-0.001768441034403714,-0.0615184325941822,-0.007299408728605823,0.519367853977446,0.055029478723877104,0.060046498624172946,0.939953501375827,0.008954093729617184,157.0,0.16594677189815593,0.15660407585857253,0.06670561870159557,-0.01468718885308479,30.0,1
0.03160141007683889,0.06242018906523832,0.026731633465955397,0.042295473382034814,0.01483503030465429,0.0,-0.009424417154466796,-0.009489610709363213,-0.07550137427887173,-0.031759446977758586,0.5011048091462678,0.05456239648242202,0.05955504960145205,0.9404449503985479,-0.00039708351362347785,105.0,0.16330679343010984,0.09674855334784394,0.07550137427887173,-0.01468718885308479,30.0,1
0.031745781632610826,0.06362962531305838,0.027055511663926227,0.04453688308786157,0.016146845758157495,0.0,-0.0087881087509774,-0.017463174179309475,-0.07634117413122166,-0.017879598515238813,0.4591229072386207,0.053849775081172564,0.05887815055784342,0.9411218494421566,0.004754530476184304,59.0,0.15604373180220096,0.05619068775713515,0.07634117413122166,-0.01468718885308479,27.0,1
0.031035762288961256,0.061974394077914836,0.029690654715855733,0.04466164466437907,0.01675484477365216,0.0,0.0024620205162924733,-0.014917597235100749,-0.06319224987891307,-0.05486041071078461,0.6657789967320125,0.05331946991096293,0.05819682816787596,0.9418031718321241,0.012399085448532106,42.0,0.1453465168075884,0.11044614202326695,0.06481308684409706,-0.014565936477357332,32.0,1
0.033502754664018385,0.06197432169258021,0.030799601845368996,0.04471178886996887,0.02032797992797929,0.0,0.010317818140764113,-0.006684279428581099,-0.05316962032457363,-0.054671816117736506,0.44522459518521607,0.05429249905017492,0.05919739627348157,0.9408026037265185,-0.008319705358291466,121.0,0.1398195716355911,0.10291109032687212,0.055163998346531885,-0.014565936477357332,13.0,0
0.0333742052951216,0.06209684688953179,0.030391223930467542,0.0453733467268424,0.017813675092829367,0.0,-0.003416023834420526,-0.0178056892084524,-0.057145109562772474,-0.052609520398634195,0.6002978188034649,0.0541272330829634,0.05904554294016487,0.940954457059835,-0.00019931209501181929,46.0,0.1389320668734637,0.09711748640633672,0.05839158064779872,-0.014565936477357332,13.0,0
0.03752836180350232,0.06203242333072663,0.030741225329280374,0.045805416115724064,0.02356316025335111,0.0,-0.020121107163864244,-0.02889460891334849,-0.0709630142484331,-0.05238136850340967,0.3956903141337301,0.052803743934477065,0.05760741007202541,0.9423925899279746,0.005629888525264152,136.0,0.09868058831401431,0.1914109826690893,0.07733778455998119,-0.015685864925301607,30.0,1
0.0374964669329763,0.06399346746142864,0.029968944205471183,0.0455365757723674,0.02469926757553013,0.0,-0.013718081120109103,-0.03310387905563498,-0.08999493967784696,-0.027718596673098568,0.24895765862820446,0.0521277256709801,0.05701306617086114,0.9429869338291389,-0.00028044082018816296,75.0,0.08318575313738384,0.14511048683276495,0.08999493967784696,-0.015685864925301607,25.0,1
0.036950331785920616,0.06399065130780711,0.03064913762959758,0.04537846982335251,0.024496468516890222,0.0,-0.006679309940183799,-0.031046811936071773,-0.086204085459248,-0.027755082072580345,0.3988268954540397,0.051430263122484395,0.05630050565109411,0.943699494348906,0.007127016127684319,6.0,0.060548181587674714,0.15567878934746157,0.086204085459248,-0.015685864925301607,20.0,0
0.036953140909883476,0.06304041377403241,0.03073846057156426,0.045723596070379374,0.023110553114834266,0.0,-0.004443933672409527,-0.037721924000985646,-0.08732841807118134,-0.023624796382247442,0.6264949019657957,0.05101438337980971,0.055801912735567595,0.9441980872644324,0.003967825162801518,96.0,0.05653413796948777,0.16547503610602593,0.08732841807118134,-0.015685864925301607,30.0,1
0.03694517044834978,0.05954994320871226,0.027574568842139206,0.045783274080022536,0.015349629150562935,0.0,-0.003229253885872901,-0.050624844419831574,-0.08601231199735694,-0.03711857417504609,0.28877697711078604,0.05077530636934324,0.05558882370611749,0.9444111762938826,0.0015961334599573793,90.0,0.051890801453409005,0.18641966923802977,0.08792651085872268,-0.015685864925301607,25.0,1
0.03701596833931261,0.05996163913425074,0.02714305356943655,0.047024981936584075,0.016957981091024896,0.0,0.0004150996800607288,-0.04697520367746108,-0.08537650664031503,-0.04944602096743826,0.49574042646645233,0.05064368110158374,0.055394242459625515,0.9446057575403745,0.0030434068324583416,95.0,0.04908697156970508,0.16241030313070637,0.08754790944518827,-0.015685864925301607,30.0,1
0.036523919572316044,0.060197672777241404,0.02761219994449569,0.043585117070998554,0.010868888764238643,0.0,-0.0024424105820662384,-0.029781001075187535,-0.0897764920867878,-0.05287458186231845,0.24035013395363042,0.05075094050296813,0.05548573524332477,0.9445142647566753,-0.004389264187251129,86.0,0.019609392341391776,0.16648375773805152,0.0897764920867878,-0.015685864925301607,25.0,1
0.03824888039101169,0.06179689940059907,0.029353097202200466,0.04359276285300534,0.012120119998116838,0.0,0.008705496384714143,-0.007722621515973526,-0.07435812483436272,-0.06762997847546647,0.5116751254455437,0.05162766061167551,0.05632361063974811,0.9436763893602519,-0.008779547322079018,144.0,0.02125954107830038,0.08503470195044442,0.08047313509606586,-0.015685864925301607,30.0,1
0.03711515357348571,0.05687958009197472,0.03140010930085125,0.043798217901708354,0.011596866434903602,0.0,-0.0054049983356859056,-0.006449648355405614,-0.08488108875659338,-0.0905917242273906,0.6386032557244251,0.051901137516641334,0.0566271077647235,0.9433728922352765,-0.010343041410854067,54.0,0.02152013083739016,-0.012152557840355864,0.08544317627049011,-0.015685864925301607,27.0,1
0.03697975335189314,0.05921283650347769,0.031180036539583227,0.04355639292973632,0.012501435088503434,0.0,-0.006916764958586649,-0.008917497708181885,-0.0917689508614987,-0.12319549602926448,0.5270016761134153,0.05147390585338763,0.05606865615031835,0.9439313438496817,0.0018109796813759796,25.0,-0.023415365692195836,-0.009859427063205693,0.0917689508614987,-0.015685864925301607,25.0,1
0.03590584446773962,0.056905005531752116,0.03165253115651771,0.04365834700202184,0.013216782977754749,0.0,0.004018053216207208,-0.0017115486114530508,-0.07401643648409105,-0.10017988100152138,0.6906750875703516,0.05196246779119002,0.05659494689693347,0.9434050531030667,-0.005638224850828045,149.0,-0.057927041627956116,-0.08530367625365906,0.07401643648409105,-0.01545900192724131,37.0,1
0.03485079346013449,0.06287940039165388,0.03135629949189271,0.03821596859374517,0.01712268858002442,0.0,-0.012361427032648508,-0.01446091541952495,-0.07081314738216736,-0.07480344662538628,0.6070033772826562,0.050935786052770986,0.05563953060323474,0.9443604693967652,0.008089560053857416,94.0,-0.1039934066397838,-0.2000981950556705,0.07748068689929398,-0.013514583006990015,30.0,1
0.03528254721360528,0.06111257750253077,0.03202672722953738,0.0351948123862874,0.017890263285292383,0.0,0.0032872105154360402,-0.008800324400694438,-0.06775816773135325,-0.09014139045793933,0.20267194311575182,0.05144869478473921,0.05615889400920139,0.9438411059907986,-0.00685337692472185,85.0,-0.12911013865163584,-0.2292121636736783,0.0744481717125765,-0.013514583006990015,25.0,1
0.035465851043353154,0.06520556280550388,0.03248387261758084,0.03494638057977621,0.014582320635541834,0.0,0.0009377826822236525,-0.016433231457959413,-0.06529236407236474,-0.1062050891659522,0.561652806243516,0.05202040503762216,0.05664646885142655,0.9433535311485735,-0.009975045270953805,95.0,-0.12860179957379342,-0.24916116892402176,0.07358020523650813,-0.013514583006990015,30.0,1
0.03544694261766943,0.06454898655697701,0.034229166297394795,0.03527975261133545,0.014322598775775313,0.0,-0.0011032538564944806,-0.012179185429765219,-0.06562827613057803,-0.1153292249218255,0.3007541160501035,0.05257390863889243,0.05722737570865736,0.9427726242913427,-0.011528579033831424,138.0,-0.13162762786421692,-0.2608485239951459,0.07460228144781376,-0.013514583006990015,25.0,1
0.03868431882984692,0.0604607453315636,0.03528144271281654,0.03492185410174834,0.018557807501171194,0.0,0.013153982478966583,0.0077852056536976836,-0.05321593581858922,-0.09113187596101396,0.26378439310755897,0.05278845211395765,0.05739676415059578,0.9426032358494042,0.008346766315138148,143.0,-0.12039349498727932,-0.20697088715181022,0.062429616071902665,-0.013514583006990015,25.0,1
0.0385274066160132,0.06063212025946908,0.03528097877304003,0.03521363670383895,0.019058586333083247,0.0,-0.0049679213730035145,-0.0012344849986540693,-0.05974693664876436,-0.08285160813725234,0.344649139600284,0.05251645487979271,0.05713294867420934,0.9428670513257907,0.00043895777335272346,54.0,-0.12725260441149264,-0.20722612178539343,0.06708739202091417,-0.013514583006990015,22.0,0
0.04191387182142788,0.06049156816657095,0.03518636610722368,0.03522178446769891,0.019175134621444264,0.0,0.01706625671091217,0.028524737164093223,-0.05116606596429652,-0.08483247112930757,0.6799165572711103,0.0531850611192136,0.057778609022005045,0.942221390977995,0.003385099580186744,96.0,-0.11552115669186942,-0.18928169136081782,0.05116606596429652,-0.013514583006990015,32.0,1
0.04133740856281248,0.06326793106661094,0.03457408611108417,0.03525015930457935,0.020080664942636772,0.0,-0.0017391260399384617,0.023371963929937366,-0.04427971027583129,-0.07586730279270652,0.6707589300419824,0.05346900076824863,0.05818263656426306,0.941817363435737,-0.00703164147540799,143.0,-0.10307412449811984,-0.14830685541648225,0.04427971027583129,-0.013514583006990015,32.0,1
0.04150106071578692,0.06321804596690737,0.036014072353192886,0.03036522553474072,0.02396259922443193,0.0,-0.010273657330626976,0.011909240089412493,-0.04509906831499645,-0.07253285692681453,0.5343147375231305,0.052469095288522685,0.05713227065094275,0.9428677293490573,0.009157532772027285,84.0,-0.11719540095738923,-0.15846726025280758,0.04881307159010576,-0.013514583006990015,25.0,1
0.04095719668804719,0.061451452435921365,0.036626296914604194,0.02949911435510474,0.02378521755293577,0.0,0.0006711160859167525,0.013706724511095548,-0.0359863622533428,-0.08744663648033298,0.48287858314269816,0.05295805201796806,0.05763918415283451,0.9423608158471656,-0.008576434840272564,22.0,-0.10958029523743279,-0.12442355943174148,0.04817471474173614,-0.013514583006990015,20.0,0
0.04132761560865265,0.06015159861048463,0.033776942035145426,0.029919575109810102,0.022122317838342072,0.0,-0.008649877930542492,-0.008109031336145036,-0.046672075452220754,-0.06667244390144719,0.535476687881647,0.05253014086561942,0.057234485967838186,0.9427655140321619,-0.00013681721960581968,105.0,-0.1069150118767896,-0.12250445056032153,0.05640788727042391,-0.013514583006990015,25.0,1
0.039532090536717815,0.0607054366088154,0.0329290402183709,0.029975981183538242,0.022315988449179557,0.0,-0.00601986833937645,-0.0091576575240549,-0.062088187555130014,-0.05942653319830987,0.3367868253561809,0.05236114386534726,0.05710498266017843,0.9428950173398216,-0.002522047695722504,69.0,-0.11195660252075647,-0.14196967002474947,0.062088187555130014,-0.013514583006990015,22.0,0
0.03995064787557369,0.06050458715104235,0.033751905541067335,0.02983289651486543,0.012069673959857318,0.0,0.0033473532358046765,-0.022522834439309303,-0.0557229926514453,-0.06400298986951142,0.4210644347045983,0.052206227334172246,0.05690838747524324,0.9430916125247567,0.006162634187851322,40.0,-0.10968380569398536,-0.13892745768306056,0.0557229926514453,-0.013514583006990015,8.0,0
0.03610791844625275,0.05817580642313485,0.03354091351146133,0.029220165214366656,0.014342114056727605,0.0,0.004647073066648787,-0.016269595467165773,-0.0318547133400655,-0.048654033103161035,0.695711599887813,0.05278232979957716,0.057500728126038285,0.9424992718739617,-0.0065432521846652825,98.0,-0.10055722111186778,-0.30633597649946587,0.0318547133400655,-0.012048261577345279,25.0,1
0.034061691052517565,0.055393509329491504,0.03354393616452626,0.03101784022124939,0.01220341297959856,0.0,-0.004967598468229165,-0.010995681652662678,-0.023265142373339945,-0.07104094737330074,0.32145496581028654,0.05265958200604346,0.05735336874103759,0.9426466312589623,-0.0023493340291852296,59.0,-0.11116633696670164,-0.20643845534373523,0.023265142373339945,-0.010030090420614302,2.0,0
0.03466960099609238,0.05628781466958201,0.03227508100909311,0.031645660318905235,0.015287977880684927,0.0,0.008195530238702177,-0.0035589944429364508,-0.00863867274501818,-0.06605189023790153,0.5618877029337105,0.05315944978971094,0.0579019034293804,0.9420980965706196,-0.0017578359912699519,91.0,-0.09409806932070017,-0.12510003635027586,0.014850514532331428,-0.010030090420614302,10.0,0
0.035715050047525544,0.05753765947375298,0.031733018250188094,0.031056640478909263,0.014713176895894662,0.0,0.0095967677338269,0.01478135327991761,0.005342868679387356,-0.07115981013442779,0.2879728345750346,0.05366513662522117,0.05831818796761197,0.941681812032388,-0.0003376624473792693,102.0,-0.08245213366152694,-0.2157502322915497,0.005396263737199134,-0.010030090420614302,5.0,0
0.03727780554834217,0.056849532627144636,0.03159057414339981,0.03145910744282721,0.013412567307228417,0.0,0.01189757445894267,0.0330737579981256,0.020599786141586158,-0.07611347063621517,0.29198335602735037,0.0542609074047717,0.05891741378089904,0.941082586219101,0.00014150417547464808,110.0,-0.06718436108845972,-0.16644804741090494,0.0,-0.010030090420614302,5.0,0
0.03743494683942539,0.058044801863595584,0.0318469041511358,0.030929692160567963,0.013278139881571385,0.0,0.004432436684509296,0.034190989465851813,0.024698178187957835,-0.05638883534786206,0.30835312433945206,0.0542509812249955,0.0589372195410141,0.9410627804589858,0.004324251752981604,142.0,-0.06278697262642506,-0.14211724260928732,0.0,-0.010030090420614302,5.0,0
0.03855374730299362,0.057790239767211496,0.03264406764048056,0.030903200554455352,0.014143092743520666,0.0,0.011295668501730045,0.04103510186701209,0.03881002973247084,-0.049484212899089226,0.33089318547298163,0.054524408574795624,0.05917888918514691,0.940821110814853,0.00561279783991678,141.0,-0.054450690681482124,-0.14104132276042636,0.0,-0.010030090420614302,5.0,0
0.04115040688392145,0.05906140035839495,0.03167346752299593,0.03301426809237361,0.022902342728756242,0.0,-0.015140861719721187,0.030391504604216052,0.014251983741580567,-0.05379458290680088,0.6756089018644365,0.05384396041722869,0.05841292278369184,0.9415870772163082,-0.0017728588498733798,27.0,-0.061165891878975906,0.042063200093338,0.015140861719721187,-0.012048261577345279,19.0,0
0.040821081127755426,0.05902309530646373,0.03007309719992932,0.03293052035192486,0.023503035835418316,0.0,-0.0024925844397092815,0.019468085252948603,0.017221958019078307,-0.05151037039271395,0.3931338580961641,0.05375562504011669,0.05831972222341929,0.9416802777765808,-0.0007105030442893769,148.0,-0.06912094928469478,0.03666922850235893,0.017595706283104102,-0.012048261577345279,12.0,0
0.0408282322020186,0.05443439729984916,0.030015997802653252,0.03343423788649326,0.023897295159582208,0.0,-0.006954771134014209,0.00275471395773029,0.01718302803333182,-0.01690376838166195,0.3344667329970442,0.05333934352716745,0.05794105498023128,0.9420589450197687,0.0011283873310508389,99.0,-0.07616279128340946,-0.08288735093390359,0.024428103306977984,-0.012048261577345279,12.0,0
0.04069370706838158,0.054443453102080104,0.029718934102673282,0.033904853544318804,0.02054546009870705,0.0,0.0010740514602850652,-0.00797101459670078,0.014200423675739187,-0.016764128396270277,0.4099536269598827,0.05326306011258691,0.05786651341584613,0.9421334865841539,0.002437408141960193,14.0,-0.06086707756539439,-0.08762714680432533,0.023380288886721775,-0.012048261577345279,7.0,0
0.038880240134293045,0.05003599490139092,0.028248535179155855,0.03358581117222601,0.019657852174252127,0.0,-0.004555455628558303,-0.01684791797676072,0.022216331237392004,-0.051497810622793856,0.6940486221757354,0.053059765136672175,0.057606310842802086,0.9423936891571979,-0.0004386806518184305,142.0,-0.05017002448297985,0.09748211757673352,0.027829236646673743,-0.010030090420614302,17.0,0
0.038861200671550675,0.05817445023420006,0.0277721212497827,0.03615056375540609,0.012805453618877548,0.0,-0.0012558838154828394,-0.02905017017425478,0.017587521888739552,-0.019226691139710362,0.6419663283874938,0.052814484023987016,0.057474794187713715,0.9425252058122863,0.00332005751636944,94.0,-0.051362344100729755,0.060176149454662195,0.02905017017425478,-0.010030090420614302,10.0,0
0.041486712185169604,0.05236258243668526,0.02583174588566844,0.038672665808893406,0.017908842845611485,0.0,0.015588140598853998,0.0012448419876209564,0.03248157590997728,0.020427509693904156,0.6631705806040937,0.05348807962083373,0.05818912824558554,0.9418108717544146,0.0019198255436400492,12.0,-0.03493158704234585,0.1377976726953285,0.013914867712497702,-0.010030090420614302,19.0,0
0.04149791625354544,0.05192371207894419,0.022981794473631335,0.03866413428939377,0.017758284517142783,0.0,-0.0012849301044017226,0.002457021120596634,0.03229379135720056,0.028365600185799006,0.4166695595616843,0.05316125444557716,0.05784880348979552,0.9421511965102044,0.004916224121027092,46.0,-0.035453870629871105,0.12998938106686975,0.015181918184476869,-0.010030090420614302,7.0,0
0.0397946781242452,0.061295855437318046,0.02185122517868531,0.038812418795771304,0.015870751214202356,0.0,0.0034846574730683453,0.012995391578916824,0.02244180010728125,0.06479950789938269,0.6150768904529235,0.05351049790802749,0.05837536733314324,0.9416246326668567,-0.0034104726429112302,87.0,-0.03196839710547066,0.15933364866161284,0.011750164496065573,-0.010030090420614302,10.0,0
0.03944183091885016,0.061591748749380525,0.021883273207774483,0.038938766449214575,0.016280577789192865,0.0,-0.0017948584489619298,0.010092317113363574,0.025702270033424124,0.05901878895224533,0.3764081147369861,0.053343253921624194,0.058184740223156554,0.9418152597768434,0.0014480135664085372,2.0,-0.035580298514756664,0.1654859225416612,0.013523933063005047,-0.010030090420614302,0.0,0
0.035908628419249244,0.06480774359708337,0.021906204702754895,0.04024184644879797,0.014909274144797256,0.0,0.0007184543722682481,0.015443831673469955,0.009215656837710888,0.040429145655640444,0.3265480657223865,0.05354994151250057,0.05831804988763169,0.9416819501123683,-0.0030935528485195435,92.0,-0.042421938032248266,0.1927694279682547,0.012815195019576177,-0.010030090420614302,5.0,0
0.035843180479661514,0.06245301243020373,0.023204765312997602,0.0407177371484961,0.014600135894493077,0.0,0.00014913710987914341,0.016872345552962378,0.011124641537738168,0.01912472306390415,0.3641843017569417,0.05410248012714399,0.058909697629957875,0.9410903023700421,-0.01005758765415948,79.0,-0.03364766464230664,0.21805035305976259,0.012667969130844791,-0.010030090420614302,5.0,0
0.03422669308884456,0.06237376135700811,0.021251220351874347,0.040959592115543474,0.005245484233945034,0.0,0.0037676304126133477,0.005036888404331729,0.02546950781443068,0.022328301402120308,0.4279472189049629,0.05450545833914745,0.05933477630223988,0.9406652236977602,-0.003860130132644671,157.0,-0.020778211573438118,0.2123406409017776,0.008948066943994862,-0.00839561191106325,5.0,0
0.03523768918739292,0.06518062627622354,0.019460566079206622,0.039556278100933984,0.00899119072293243,0.0,0.009661065867390796,0.0160521720058165,0.034682244376413256,0.007703442072516331,0.6545739565752444,0.054946049740631525,0.05967626733171168,0.9403237326682884,0.001129685736534135,41.0,-0.0025522056868181116,0.12394114536400881,0.0,-0.00839561191106325,12.0,0
0.03560570384870799,0.06556813237005303,0.01964091417526559,0.0389330580279876,0.013546344681560223,0.0,0.013643145451002477,0.026337883598324792,0.0579497004979718,0.011941186671157431,0.23293844600368485,0.05580441786661775,0.06058465501245776,0.9394153449875423,-0.002736129916864107,120.0,0.008572992251676114,0.18026505358236328,0.0,-0.006814535714818545,5.0,0
0.034557438493454995,0.06639626731117813,0.020262433374386303,0.04555235586401131,0.012056791973188935,0.0,0.0026314937000099545,0.030888985077904198,0.06715783815277293,0.01866546386676282,0.36383692757944164,0.05624950727377668,0.06111405471643116,0.9388859452835688,-0.005504361862657353,114.0,0.0008999421466164779,0.20187176283196565,0.0,-0.006656695234146452,5.0,0
0.03461981155386132,0.06865658146907234,0.019621087554121078,0.04470256013680542,0.01110356937921281,0.0,0.00492572184472263,0.03522309691093763,0.06883658721915455,0.0036874316138205757,0.32648437404454733,0.056283969753938935,0.06104440871275464,0.9389555912872453,0.00411723430637603,152.0,0.009277813923945727,0.17952921222182558,0.0,-0.006656695234146452,5.0,0
0.036502481188744315,0.06905401631289323,0.020105054167885106,0.04454247011213824,0.01741168170013079,0.0,-0.009253688017426565,0.025490526650336597,0.05404767035952591,-0.0013069315771784796,0.35482730299385823,0.05538883195382031,0.060080205718914675,0.9399197942810853,0.007323452268113092,6.0,0.020471283973459348,0.20918630513780553,0.009253688017426565,-0.008908850484914712,0.0,0
0.03588874614018807,0.07017525393133052,0.020353918703106325,0.04218179004596101,0.017978820449959614,0.0,-0.0006173199768239043,0.021010679972723413,0.058655963418346925,-0.008305542697453231,0.40396501555653774,0.05513241164742944,0.059735782606807626,0.9402642173931923,0.00413595426997825,16.0,0.03402618170503372,0.20406968650676013,0.009865295507778015,-0.008908850484914712,0.0,0
0.03582813222526977,0.07108411436319485,0.020607322926756405,0.04200277867681381,0.017414293495375988,0.0,0.0078077541107920536,0.019136535112853324,0.058248779000274635,-0.032713372522642815,0.6059550293288167,0.05530930767770183,0.05981942923172233,0.9401805707682778,0.004226214162886231,18.0,0.04910691411567619,0.14753627133539501,0.0021345671985409944,-0.008908850484914712,5.0,0
0.035419929199572785,0.06905486244387415,0.022217905630250112,0.04009516058752253,0.014251574670190694,0.0,0.007196374667258231,0.01265482636880749,0.05573271207831047,-0.0087815215004291,0.6773586456525613,0.05609880582806763,0.0606656335954877,0.9393343664045123,-0.0073944557162758245,90.0,0.061373353319478345,0.21949942944989473,0.0,-0.008908850484914712,17.0,0
0.03403267974075733,0.06904713067804194,0.02244517228508751,0.040121039694151754,0.01424131415573493,0.0,0.0018294576526164277,0.011844772346548916,0.04522844709166157,-0.009103082078366966,0.4427165484572826,0.056006792696646886,0.060563289912641934,0.9394367100873581,0.0033675871910954433,162.0,0.066759929570852,0.2207703250702073,0.0,-0.008908850484914712,5.0,0
0.03437285533638455,0.0680968884529325,0.024176142510887632,0.04013864961605738,0.014904066108628527,0.0,0.007364360877557995,0.014300201741355453,0.048279454266824444,-0.022470465630075966,0.44971858926311115,0.05585009216157364,0.06034885895611999,0.93965114104388,0.009792422905946906,56.0,0.07417004701908167,0.2044965115270821,0.0,-0.008908850484914712,2.0,0
0.03312527059655748,0.0682544516343298,0.024806755070586328,0.04030847569766084,0.007733177394585355,0.0,0.0041155390657831815,0.02798726730356787,0.04083674250496084,-0.018092938094953947,0.37444388683923524,0.05562850435329998,0.06010837438043568,0.9398916256195644,0.007869984562910092,131.0,0.08123164742822647,0.21569404074066384,0.0,-0.008908850484914712,5.0,0
0.02925575360489087,0.06518500955895576,0.02465456014567742,0.04068201282568006,0.00650010418889249,0.0,0.00994963124923036,0.03885666851667444,0.06735333351232896,-0.0016757567103424843,0.660526794971215,0.056108097107439595,0.06056126973971736,0.9394387302602827,0.0007839003495558875,11.0,0.08256523586806849,0.049823911123790685,0.0,-0.006594873808195823,12.0,0
0.028767969977910122,0.06562006370000131,0.02541259661476171,0.04099723193599197,0.007123808419316583,0.0,0.0024656423318967628,0.03334997498030307,0.07265873755287057,-0.007623819035553795,0.3984816798151888,0.05584610099748983,0.06023280753378371,0.9397671924662162,0.007067751785566574,86.0,0.09113202129980363,0.0467561667338064,0.0,-0.006594873808195823,5.0,0
0.027602335268102345,0.06505995613285667,0.025527192175462003,0.04041389675348585,0.00999237759031015,0.0,-0.0028003363079576954,0.023093682070653355,0.07714623790655772,-0.021224763256720354,0.4532428176830222,0.05576268769785615,0.06013411961600628,0.9398658803839938,-0.0011313985584256768,6.0,0.09565487190850401,0.11617180128735105,0.0028003363079576954,-0.004292187730468212,5.0,0
0.027525579103769637,0.0649796176298062,0.025640013729017044,0.040951094046995595,0.009831578957460348,0.0,0.002846175067479652,0.024131979712684222,0.07905302619440775,-0.02692551875556335,0.33681866560709717,0.056006358641533305,0.06037149948787259,0.9396285005121274,-0.0016623583274760303,58.0,0.09437603633495684,0.12142477136415535,0.0,-0.004292187730468212,2.0,0
0.03738336228499778,0.0638094490973273,0.02568232229158066,0.04089122996125222,0.026159097294899097,0.0,-0.023546552760566872,-0.007293447281142517,0.05846684593261788,-0.013700132669397456,0.40206726063093234,0.054596635782817336,0.05895590645830444,0.9410440935416955,0.0029880083642129397,144.0,0.0819820959856545,0.04104187991933995,0.023546552760566872,-0.008285685261006233,10.0,0
0.037202231634741796,0.05708456215838246,0.025636093619441462,0.03992630086573292,0.025992667925122667,0.0,0.003231458888926477,-0.008167482340405752,0.0632225219881626,-0.03490313279222764,0.5151651984835499,0.05460961147555743,0.05898359966022148,0.9410164003397786,0.0027887647719171678,145.0,0.08192197136623028,0.10062075500654842,0.020391183588862105,-0.008285685261006233,10.0,0
0.04631340197730691,0.05593036283794025,0.026001099289505884,0.039693503533923535,0.032765508943490056,0.0,-0.02925277207522384,-0.04666664822406069,0.01627842491208671,-0.05437799736588228,0.46928148515969764,0.053273286092995024,0.05762993023026061,0.9423700697697394,-0.0032707300899449078,138.0,0.049288749716540806,0.0940451109368939,0.04904745701821692,-0.021402623049095824,35.0,1
0.048448655530628076,0.05577246401189545,0.025665775443055806,0.04325000287133572,0.03097096425257109,0.0,-0.013874864139697806,-0.06220628284739287,0.0034670849044954564,-0.05953183302443089,0.361252316188569,0.052616623467646,0.05696487388837802,0.943035126111622,-0.000814091397395971,85.0,0.035872841578219496,0.09887088992578619,0.0622417943553893,-0.022095799467436512,37.0,1
0.048470747785634136,0.04097760363451811,0.02599444458915547,0.04280711658891986,0.033134701995606565,0.0,0.003795861282602455,-0.05600303902095411,0.003778283264369482,-0.09733558080479439,0.588941479477826,0.052464886505149765,0.05675421652768951,0.9432457834723105,0.006530921078125695,90.0,0.0263048748494184,0.06516974136912898,0.05868219429014017,-0.022095799467436512,30.0,1
0.04856385589953257,0.041097157700815734,0.026246230894230563,0.04301981364926435,0.03358002745231772,0.0,0.004007017424465398,-0.054910317440701226,0.009612551954763798,-0.10102185497604832,0.2965816585259599,0.05279980300029355,0.05706683498316992,0.9429331650168301,-0.0025385500361920998,56.0,0.03556188639423958,0.05976337754677899,0.054910317440701226,-0.022095799467436512,22.0,0
0.04949855523137898,0.04081759699753949,0.025898328399409976,0.041203414891278635,0.029837807483951255,0.0,-0.009347231727430936,-0.04116707976183068,-0.0005425950657511728,-0.07531411807965253,0.32479124751844335,0.05226659087017082,0.05657226569627335,0.9434277343037267,0.0012114427888348688,162.0,0.008668061402031916,-0.0021984643863534785,0.06374428970678714,-0.022095799467436512,37.0,1
0.04981431338756051,0.04112250629303828,0.022951033965723185,0.04099787067581168,0.02785109140016036,0.0,-0.005697993330101103,-0.04970135435164429,-0.006385681460588182,-0.08143755597521463,0.4487691879377059,0.05187260160534658,0.05613354212619827,0.9438664578738017,0.0021897202971139485,63.0,0.004667921659926763,0.011878510844310498,0.06907906849930694,-0.022095799467436512,34.0,1
0.05096128290427781,0.04091496647430508,0.02262143305285895,0.040841037683291656,0.021350676862287046,0.0,0.011354397657992477,-0.009949565944705214,0.0011243441051254455,-0.08394525558103615,0.3017650049229112,0.05211915660250279,0.05634464185085779,0.9436553581491423,0.005987454235597514,73.0,0.02662248841052773,0.013022631448127328,0.05850902205489929,-0.022095799467436512,25.0,1
0.05013618758036431,0.03888555741542275,0.022709093094092355,0.04045964193789283,0.017146271140249126,0.0,-0.0038446796957203196,0.00012054392400961096,-0.01226720987829434,-0.07774459879950994,0.4202533116159165,0.05193822105679066,0.05611309580171346,0.9438869041982866,-0.00012187960359407095,52.0,0.021989580127303163,0.10892214775903437,0.06212875330150868,-0.022095799467436512,34.0,1
0.05173399264966953,0.03893024020521922,0.022147499266226778,0.04085664160211203,0.024231859126319664,0.0,0.018583939040793297,0.014854476331555698,-0.007452710949592787,-0.07761223361896105,0.3918714997133501,0.05274515837540438,0.056943964168592175,0.9430560358314077,0.001997325649620389,114.0,0.050065107180952154,0.13608323743456785,0.04469941122475111,-0.022095799467436512,25.0,1
0.05165187997321644,0.039525571868146814,0.021165057774681657,0.033262722258621535,0.02425397468128348,0.0,8.43280198640001e-05,0.010889405537797433,-0.009974257905255784,-0.07630337102486626,0.49495674247830784,0.05236523563332818,0.05659045882140669,0.9434095411785933,0.007281036347003382,73.0,0.05651373064942196,0.11513372211049869,0.04461885261772478,-0.022095799467436512,30.0,1
0.05151991708878538,0.06468242184368278,0.021722855661631155,0.033353951172053024,0.020928838476595976,0.0,0.0034374961181896486,0.023935294416054735,-0.011440417788804834,-0.011642574262508278,0.5062516481477861,0.05265159841002917,0.057103904556335384,0.9428960954436647,-0.0024168022508601157,145.0,0.056608650113407086,0.15646249510495547,0.04133473363220664,-0.022095799467436512,30.0,1
0.05240035545519039,0.09501871448537064,0.02180241378651364,0.0368028994148548,0.019285858640139743,0.0,0.013390585681327782,0.043592772364342246,0.011153876508714886,0.06734842519440072,0.22813458749943888,0.05348319641477627,0.05826491645483919,0.9417350835451608,-0.003385353656343939,146.0,0.06580438790901467,0.2758296998347138,0.02849764424319578,-0.022095799467436512,17.0,0
0.052390781660458526,0.10933059990128763,0.023831759609018406,0.035867159375002816,0.019315704110736274,0.0,0.0011705164440710069,0.03308426530284486,0.012962770902911746,0.15047092269660114,0.42457531678487914,0.053944597482873474,0.05906022721511167,0.9409397727848883,-0.00774488282600281,144.0,0.07237907813714027,0.24195671691647092,0.027360484760328718,-0.022095799467436512,17.0,0
0.052507468063398045,0.12240813117939374,0.023881346786578973,0.035313648235859356,0.021592082910081717,0.0,-0.008051515835449215,0.028721475551007996,-0.002977620470060128,0.2480743370713993,0.3482685759237786,0.053271012471668884,0.05870872847925816,0.9412912715207418,0.004580709404420912,101.0,0.055097715773507284,0.16583618284690965,0.03519170721946458,-0.022095799467436512,25.0,1
0.05198227595568146,0.13270849782024577,0.022310764156479878,0.035848564323533526,0.015612321791851942,0.0,-0.0007956042304082474,0.00914905585604495,-0.01088886997226063,0.3185567450096829,0.33547271933781386,0.053341385629803485,0.05913005900598249,0.9408699409940176,-0.0024091116215457825,150.0,0.04423697585102768,0.15596418165136397,0.03595931277873373,-0.022095799467436512,25.0,1
0.05193325304388902,0.1357408957000049,0.022697281912250806,0.035817710695400136,0.01563995154771564,0.0,-0.00019074224981874906,0.008871492359480588,-0.012883423229919443,0.29219122452242957,0.41014779855862626,0.05349054638279187,0.05918727830188146,0.9408127216981186,-0.0028594955679769824,98.0,0.03176232663582824,0.15486964909951645,0.03614319606833113,-0.022095799467436512,25.0,1
0.05226539919028262,0.13567721101403224,0.023702211173657454,0.03533744855899536,0.01902152878388065,0.0,-0.010982318073973062,-0.00562641061890294,-0.030861338297272396,0.2930262796897528,0.2254276347734812,0.05346927106599595,0.05921566351616253,0.9407843364838375,-0.009989851483982954,55.0,0.015928147398615887,0.1885636855208355,0.046728578066871806,-0.022095799467436512,22.0,0
0.051979791174331734,0.1358623637600098,0.02247167381125057,0.03609030109855504,0.010911696278606936,0.0,-0.001986883643660755,-0.020715310776788343,-0.036751192151418734,0.2892823352993131,0.36502580509776505,0.05348982760795088,0.059255484321964084,0.940744515678036,-0.0022696914682102816,139.0,0.0025847513829042857,0.19581035675703806,0.04862261746307997,-0.022095799467436512,25.0,1
0.05079314032607208,0.13567612044472668,0.023140352865682497,0.036281186491846605,0.009755593066431376,0.0,-0.005942247663699432,-0.027672588158003657,-0.05190821874334789,0.29148801505616323,0.43734044926385895,0.05347155748056692,0.059252608790570496,0.9407473912094295,-0.005267770634243477,7.0,0.011948923199929434,0.2358516870386779,0.05427593749175646,-0.022095799467436512,20.0,0
0.051519134710586285,0.13483277376861189,0.02180432479685377,0.0376456108108622,0.013949093443625419,0.0,0.007676665141413852,-0.012255515853995884,-0.04697984245889824,0.30112906407246753,0.5884679240178714,0.053943346011713765,0.05972832648422115,0.9402716735157789,-0.0015435324610821209,28.0,0.02226539905047603,0.23002796088404168,0.04701593054770313,-0.022095799467436512,25.0,1
0.05156064628525288,0.13382431505941642,0.02183292552809856,0.03747275535352369,0.014094653348676989,0.0,0.0003826779718579082,-0.011090747413241172,-0.043937847078380096,0.32119044401237495,0.636063951733854,0.05405309806858718,0.059908812768868884,0.9400911872311312,-0.0017299396018877952,135.0,0.02981875122436697,0.22899712915333711,0.04665124453679223,-0.022095799467436512,30.0,1
0.0513406905967915,0.13294777091974172,0.02181674234541067,0.035937794407846786,0.013978354757945819,0.0,-0.0022065795389571564,-0.013084607873609587,-0.048754884394087615,0.3429347520096128,0.6738600714390623,0.05391419905711886,0.05984654617192919,0.9401534538280708,0.0004045403352612811,91.0,0.026443920647209008,0.24215346649746392,0.048754884394087615,-0.022095799467436512,37.0,1
0.046396771904942666,0.13562592449942537,0.023983433727464004,0.03631428731377011,0.010121525617156976,0.0,-0.0007666777853802513,-0.0028906822992912904,-0.02656309955731784,0.31962909979552045,0.25075211313244183,0.053366703410726184,0.05914317189688839,0.9408568281031117,0.009634209614168601,62.0,0.030350685725989552,0.2169276990927859,0.029698588677872634,-0.013440982229839095,9.0,0
0.0462929004893873,0.13828968706890532,0.024506382922997366,0.03712340903975991,0.0101663743924668,0.0,0.0019236314612921536,0.001016291451107499,-0.02783208635611721,0.2903237457453988,0.5871806054580515,0.05379268001987645,0.05951127195292217,0.9404887280470778,-0.006018514125266583,72.0,0.033630820940419325,0.20371148026735547,0.02783208635611721,-0.013440982229839095,14.0,0
0.03663738970972554,0.13692809117245702,0.024325914542788558,0.03560640181881885,0.008373225664780638,0.0,0.005149480082267968,0.01218566279593996,0.006620513396442921,0.30907144303615025,0.41075226835335943,0.05406518473683784,0.05981505260006282,0.9401849473999372,-0.0002254601701990798,109.0,0.023006709838733094,0.1373275234715223,0.01582413419004805,-0.010737055121991742,5.0,0
0.034775087649748994,0.13850783320122545,0.024472113086077833,0.03138076844991085,0.009909954319162148,0.0,-0.00803020045346544,-0.0035914854824401258,0.01258665110708153,0.29498723816489,0.5336459653948117,0.05381928406833751,0.05950732587440948,0.9404926741255906,-0.0029829833983322836,48.0,0.0160973749996285,0.1437330485876409,0.02372726367396487,-0.009152874343633677,5.0,0
0.03566611268203672,0.1377431115205071,0.023270184964315925,0.03240652018923706,0.012041185400721206,0.0,-0.008369308103513108,-0.012308703039743856,0.00031494467356682135,0.3350483318061615,0.3776791027337083,0.053462338917298964,0.059295834999838176,0.9407041650001617,-0.001433760377674135,53.0,0.004094417888125643,0.13330287725274206,0.03189799099733727,-0.009200543183843262,10.0,0
0.03658458382796424,0.13695359590226003,0.023286834734002237,0.032064194309133084,0.015783564948147755,0.0,0.00916137889643094,-0.0010558390895579555,0.005450351818312875,0.34363652506446507,0.5628382368693793,0.05385984565494807,0.05967658859094398,0.940323411409056,0.001229873165153246,166.0,0.015115295563101946,0.12143469312648993,0.023028841682467882,-0.009200543183843262,10.0,0
0.03545503106964982,0.13726759926334903,0.024060413675086528,0.03221662089382046,0.016042373201292138,0.0,-0.003261386550580463,-0.0035498259280328953,0.011627102512550575,0.33446236827656506,0.4949660973181194,0.05340494476250559,0.059208370072703756,0.9407916299272963,0.005390100760254947,135.0,0.011078198638347109,0.12667992988105647,0.0262151222785097,-0.008321639263303525,10.0,0
0.036865406166417605,0.13641719351937667,0.023940409517928498,0.032420295853097476,0.0184082686071315,0.0,-0.011402955053377054,-0.016803609984368216,0.0058227353692197606,0.34320400081491786,0.48902377097513,0.05277801759731017,0.058567517407624226,0.9414324825923757,0.000961745196232123,139.0,-0.0006001282246655591,0.13137457009792125,0.037319147470826125,-0.010590366578404068,18.0,0
0.03529520169806571,0.13671663639370912,0.02301179279870162,0.03236838223107197,0.01783273187736067,0.0,0.003730657240322271,-0.018191444852629357,-0.0017593065523886522,0.33971949280504526,0.3673564301867006,0.05288116881451713,0.05863502314349604,0.9413649768565039,0.0016011910450155552,81.0,-0.0006369405132144935,0.15788107252816538,0.03372771517821854,-0.010590366578404068,13.0,0
0.035275353593203086,0.13611610620441938,0.023569580828378216,0.03190403400369684,0.017809707796277607,0.0,0.0038909487860088465,-0.0063924099265107595,0.005992515861706064,0.3444886588621717,0.5197327172741314,0.05285713523289983,0.05853548832791209,0.9414645116720879,0.004192907895376147,20.0,-0.006348205466362833,0.12106151209242041,0.02996799920463724,-0.010590366578404068,5.0,0
0.03206245811117828,0.13628068956791559,0.023493999148578484,0.032003289335382414,0.0197009134857052,0.0,-0.012321696242830953,-0.01035267747998074,-0.02453107340925368,0.3608038822527841,0.43605576082281317,0.05216708833168098,0.057960333187162684,0.9420396668128372,0.0012758188110031815,18.0,-0.031800961359444054,0.12988532282262022,0.04192043886426325,-0.011339859506466455,8.0,0
0.03218042533051164,0.13654607941511399,0.021929050997727267,0.03190487379529757,0.016584747193922278,0.0,0.001975659408983026,-0.017399447401863156,-0.02268629397587906,0.348585643082601,0.43564180774405026,0.05236792917793187,0.05819857331065605,0.941801426689344,-0.0019961777673856078,127.0,-0.032434272934104974,0.12329575170031469,0.0400275999647511,-0.011339859506466455,13.0,0
0.03264957233154094,0.13524997588136148,0.02191497285892346,0.0319013394543168,0.018483778732173474,0.0,0.006124690483599592,-0.008146505501080637,-0.020069058827476158,0.25121967489554314,0.4585561897553402,0.0526571351134368,0.058342636638959944,0.9416573633610401,0.00041974277666695424,146.0,-0.03127987819866656,0.026797213522757966,0.03414806614173695,-0.011339859506466455,18.0,0
0.02958894646028434,0.12053652699094261,0.021838208532616515,0.028026242595063578,0.015003896965244873,0.0,0.0031618406842613012,0.006466266834102252,-0.02996007602619039,0.15883200204631137,0.29663794925983056,0.05275101329192895,0.058385164108478625,0.9416148358915214,0.0012536116344481053,121.0,-0.01914037050566334,-0.24158479899238305,0.031094196202291445,-0.011339859506466455,13.0,0
0.03019095392286853,0.10641974929288053,0.022119141722622446,0.028128446870715095,0.015337571113310605,0.0,0.005273965859600327,0.008013781651362413,-0.025984220071893716,0.0984834848165482,0.32460981875906547,0.0534660029454975,0.05918416425864301,0.940815835741357,-0.00847765633567907,100.0,-0.01335827666086477,-0.3066563685226801,0.025984220071893716,-0.011339859506466455,5.0,0
0.031095772406925255,0.08438476185188835,0.022224321983436525,0.028186712649868446,0.018719063355232848,0.0,-0.011301462379043255,-0.007241022517761481,-0.029175413231535954,0.03420296610753771,0.2240404942932841,0.05263103743257464,0.05835415297941196,0.941645847020588,0.004962328544118036,149.0,-0.032066160393935395,-0.2140051374386699,0.029175413231535954,-0.011387731152226984,5.0,0
0.031343097206008495,0.05938728763816563,0.022258822823098847,0.028265576709223257,0.014284634254233864,0.0,0.0028068634324140357,0.007965359334347949,-0.025675264318147206,-0.01158617822837631,0.6148783072767546,0.0526825012504571,0.05848234401648782,0.9415176559835122,0.0015919842072185404,60.0,-0.03628455967574411,-0.2818983238525848,0.025675264318147206,-0.011387731152226984,7.0,0
0.031355000255283046,0.05641057014149722,0.02272940466322057,0.02955494628835199,0.014637421115515078,0.0,-0.0023680716731580365,0.003595661907122364,-0.027797094955784134,0.010789229249748135,0.4488750015641566,0.052318697764136134,0.05811177562076116,0.9418882243792389,0.004675956883427352,164.0,-0.040322396446825955,-0.28926153219279743,0.027797094955784134,-0.011387731152226984,5.0,0
0.029859475927508518,0.05646592067418898,0.02015582356003588,0.029823734990426398,0.013681778137089482,0.0,-0.003834594233586191,-0.006338588819853985,-0.02077089308996384,0.00972741779049199,0.44832373703944617,0.05202931612168259,0.05779510812997231,0.9422048918700276,0.001924691505726508,163.0,-0.050991213828850385,-0.31210113396885786,0.024839127914561023,-0.011387731152226984,5.0,0
0.0308578729194443,0.05651606123719361,0.021157520867677033,0.028566367664003164,0.01533823730995264,0.0,0.007234097357006245,-0.002304898394221957,-0.011723463910793009,0.006687379513462352,0.25944226390459135,0.0527200613122188,0.05850860918218994,0.9414913908178101,-0.00632264990146605,166.0,-0.04804380478734596,-0.31238499897687577,0.017784719227151843,-0.011387731152226984,5.0,0
0.03271673820016001,0.05650227237398432,0.020638064175645336,0.025833114877534865,0.018829512940119676,0.0,0.01225268233654366,0.004621204818436312,0.006365648470016088,0.013375739185229447,0.54896818030431,0.0534943015258567,0.05931809827927524,0.9406819017207247,-0.0030625862325896996,157.0,-0.045872999746556654,-0.2842284361508673,0.005749947405743095,-0.011387731152226984,10.0,0
0.03501445660615008,0.05680818073788041,0.02054946290674375,0.024687883839061005,0.01708261459114667,0.0,0.014860302630378373,0.031204296513083995,0.013539939837516153,0.02071912561541322,0.5199413120772802,0.054210868840662445,0.06006571878272438,0.9399342812172756,0.0006107834041181683,153.0,-0.03407600686185156,-0.21606125055036096,0.0,-0.011387731152226984,10.0,0
0.03643659955414237,0.05652340517427095,0.021561356016068237,0.024628416258765364,0.01755798570888522,0.0,0.010894276440654925,0.03952072846612067,0.024189789254401364,0.0022682688445335624,0.29613820812596026,0.055113555105030416,0.06095635864586278,0.9390436413541372,-0.006202391117036966,95.0,-0.02081090508509686,-0.24703610252003966,0.0,-0.011387731152226984,5.0,0
0.03633754497995819,0.054972557298383955,0.022867628018157764,0.024425970136486237,0.016805786164639482,0.0,-0.0007956591363852391,0.04115916382415565,0.025638035194023977,-0.01487975917050249,0.43188226005802866,0.054666520807083764,0.06044402082916498,0.9395559791708351,0.007445917361325344,29.0,-0.024366828642039824,-0.22900149106626785,0.0007956591363852391,-0.011387731152226984,0.0,0
0.03633216198175958,0.052771717128983875,0.021528381775216838,0.026795556319463735,0.01328827707613207,0.0,0.002984392530262536,0.04828614345633281,0.02948822743929837,0.0093153905869553,0.24710558112995096,0.05515256647277057,0.061005360894435035,0.938994639105565,-0.006055210886681779,100.0,0.0021418291607416145,-0.24885205728142298,0.0,-0.011387731152226984,5.0,0
0.03667658417960871,0.05004195500090905,0.023072133080392177,0.02861722668064788,0.013353970069864884,0.0,0.006381357182146918,0.047398647975769544,0.034068592655437734,0.02760667414541765,0.2917159690004069,0.05493387885551025,0.06073729561262674,0.9392627043873732,0.010027692527870672,48.0,0.005288306286503001,-0.2516698647891827,0.0,-0.011387731152226984,0.0,0
0.03647909990510873,0.04988863666613461,0.023140864827012796,0.02827525522551956,0.013488147976892703,0.0,0.0010900074396452256,0.0358483989136314,0.029892325099554827,0.020721402056982356,0.4725334266157079,0.054863163476497445,0.06064594011995877,0.9393540598800413,0.00232757645261211,48.0,0.03671074103477018,-0.26293386373344807,0.0,-0.011387731152226984,5.0,0
0.03522751885421952,0.04822574411035026,0.023064445541085776,0.029779156572339694,0.009636057207368503,0.0,0.0011683671330811785,0.021873303596429392,0.03944254947495879,0.04624115317538059,0.5498911157577133,0.05470563947591821,0.060525174289292744,0.9394748257107072,0.003927285352078862,57.0,0.05252565019105543,-0.37035709324435556,0.0,-0.011387731152226984,7.0,0
0.0340339252201703,0.04384182424908826,0.02403096446389919,0.028767008000187763,0.006902415273296094,0.0,0.006849265820125622,0.01778436129829226,0.05539489283003059,0.01280716294475975,0.5894125087901362,0.05539226818748711,0.061192453652161916,0.938807546347838,-0.0059498380729011,30.0,0.05572728383003703,-0.2992103413447706,0.0,-0.011387731152226984,5.0,0
0.03337849163916675,0.04432185243741882,0.024075543268412374,0.029176058813275892,0.006686068956078052,0.0,-0.00038396704366509604,0.01820370872954799,0.04541223835459895,0.021625386365737964,0.4606928689875313,0.055419475293010376,0.061268470593013165,0.9387315294069869,-0.0008970611676775549,142.0,0.051110102848801464,-0.3038755912559632,0.00038396704366509604,-0.011387731152226984,10.0,0
0.03386664150623452,0.046450833377175024,0.023564167977449035,0.03020324683862697,0.01049269500244642,0.0,-0.005837498109946482,0.009247954447861811,0.042710327828420006,0.03412524402501901,0.5062974642849754,0.05518184589229753,0.061128992132490775,0.9388710078675092,-0.0013219198754965832,137.0,0.054834027700976264,-0.3483612724794622,0.006219223746719901,-0.011387731152226984,10.0,0
0.03156254359162841,0.04633867828577083,0.025118406053875605,0.02990265968551084,0.009716692276323201,0.0,-0.0032787714619922944,-0.00043969030452018496,0.051279208525780835,0.036272108604889546,0.3904105797415579,0.05454013683967737,0.060437527906309324,0.9395624720936906,0.008635679458895462,130.0,0.057400529156189255,-0.401790698931128,0.009477603795375706,-0.010481867738678739,5.0,0
0.031679459537440224,0.0460228898917414,0.027834853922829382,0.029739005888458684,0.010900360529960955,0.0,0.005289798399161863,0.003753683239270598,0.052912209044018874,0.039801526649413124,0.2938786841343167,0.05415690215390654,0.059976191079452505,0.9400238089205475,0.01212697574869058,98.0,0.051059813695557725,-0.40213892284578756,0.004237940009598511,-0.010481867738678739,5.0,0
0.03168960743297726,0.047069832657561345,0.029608848578775975,0.02911759314399839,0.010890887870402658,0.0,0.00012444786329783136,0.0027070682577664935,0.04896178513423687,0.03567480120082118,0.20044022637035752,0.053570399928003595,0.05925248072323075,0.9407475192767691,0.011150184582497646,20.0,0.05524770526997729,-0.36156208932677597,0.004114019548879659,-0.010481867738678739,0.0,0
0.028103789278704577,0.04294000149330633,0.03302771768768958,0.02945521891299231,0.009001978348007731,0.0,0.002881947678732963,-0.0012439282592358511,0.06510878503070312,0.009935203166837683,0.24110958653394687,0.05441003830078605,0.06013936862945434,0.9398606313705457,-0.012711691979716713,160.0,0.038980523236273955,-0.20635966241574158,0.0012439282592358511,-0.005537062528492438,5.0,0
0.028239389324538674,0.04348753135246945,0.03289521679145203,0.029489442978073585,0.010418946488405247,0.0,0.005586721952375701,0.004721624203578639,0.06894737572115116,-0.002678123488295728,0.36846071678641223,0.054631051578231594,0.06030610187826203,0.939693898121738,0.0012600238568675048,33.0,0.04469692131079668,-0.21913612590094694,0.0,-0.005537062528492438,0.0,0
0.028567128721002512,0.03746496355373655,0.03368716854591576,0.03159051144862376,0.008789505244663097,0.0,-0.0029561895694989204,0.0076335354767220615,0.05929948317481828,0.034867317472422554,0.2356124687304429,0.054807730196828684,0.06058894733101337,0.9394110526689866,-0.006077433218618175,120.0,0.03804033953106776,-0.23031594043847628,0.0029561895694989204,-0.005537062528492438,5.0,0
0.028812012271637568,0.036607368677305775,0.03368011994355682,0.031884796169130133,0.008151421119842038,0.0,0.006294467822808379,0.01731158453428812,0.062607414332346,0.03964719540165334,0.2836263745273094,0.05510244537378798,0.06086057820140118,0.9391394217985988,0.0005849828997443232,81.0,0.03077161541295532,-0.2445441196140128,0.0,-0.005537062528492438,5.0,0
0.02868720611341146,0.03655853732833321,0.032307610497774954,0.0326597893824451,0.007744020245921465,0.0,0.0031983407164135115,0.015195116096419497,0.06041341076572724,0.029318558020611788,0.22825023102671965,0.05534957944300238,0.06109560564100568,0.9389043943589943,-0.0014373170440824593,102.0,0.03285939533320315,-0.2627736906349347,0.0,-0.005537062528492438,5.0,0
0.028054654194066633,0.038292008934628946,0.0333182667986478,0.032878647417463554,0.013873450006300822,0.0,-0.009932549776519856,0.004986571641428168,0.06188161692427477,0.037687323584155774,0.24749614148078614,0.055278355986405764,0.06115238531846771,0.9388476146815323,-0.008183791195143642,113.0,0.03090078194753749,-0.3461595308108017,0.009932549776519856,-0.005537062528492438,5.0,0
0.02953555482645433,0.035693553700512755,0.03385381112518514,0.03256667935687872,0.017259115018243905,0.0,0.0119471734014419,0.014070821429060612,0.07156037709537977,0.021229897467107142,0.34206242017521826,0.05621781672913775,0.06211616868617222,0.9378838313138278,-0.005613259970423391,14.0,0.044047781180602395,-0.37223661049899637,0.0,-0.005537062528492438,0.0,0
0.02986365298844457,0.03609772311229843,0.03384965612745765,0.03213261173004132,0.017673223606660484,0.0,-0.003980619956609425,0.004422760196011927,0.06982833264327641,0.02477556288400133,0.35316024163531945,0.05574618520197855,0.061658836379767955,0.9383411636202321,0.00463149187877549,23.0,0.040090212894403045,-0.3897828501167869,0.003980619956609425,-0.005558966386945923,0.0,0
0.033237345380614,0.036262999684044096,0.033788836056811204,0.03138165405732542,0.021886503616240796,0.0,-0.01332423282667726,-0.006022015166176251,0.05963696866429633,0.023460166422842307,0.5972464576530938,0.0550323662887006,0.06092274047429509,0.939077259525705,0.0002421738855225085,78.0,0.03762736247399687,-0.2999234192217478,0.0172518140761903,-0.009318292026533849,10.0,0
0.034481710366051924,0.03631365818899639,0.03321530389636823,0.033007354644681804,0.02110798758011424,0.0,-0.008397290287538705,-0.020533954352112603,0.04319233452894963,0.030524275433399858,0.4177620008113999,0.05473032650918487,0.06066662323514914,0.939333376764851,-0.0024920569386674973,77.0,0.030962506843083586,-0.30685586015277194,0.02550423587294459,-0.009702260853172683,5.0,0
0.03408623825012073,0.03636877687090593,0.03306549361733538,0.03305918931227473,0.020076694383476677,0.0,-0.00820296934514162,-0.03166554780473141,0.022111452843487558,0.024641444959388647,0.379951467617029,0.05421810167030321,0.060135307276202594,0.9398646927237974,0.0016290784694884637,54.0,0.028617855049466626,-0.30724026153060074,0.03349799475304918,-0.009702260853172683,10.0,0
0.030977230345096765,0.03884889658800412,0.03351663319179849,0.03247197839758098,0.019940956483480436,0.0,0.0005261317217617771,-0.02143644511376087,0.007674864660129442,0.033996200881431925,0.3139957983560927,0.05451061644113482,0.060551618887944435,0.9394483811120556,-0.004963756919314021,148.0,0.021318721703404826,-0.3834697215225968,0.0329894873889424,-0.009702260853172683,13.0,0
0.029106826556436687,0.03772778383084345,0.03308838565543483,0.032925770657127984,0.011217015849333883,0.0,-0.0021337004326627733,-0.03505279813809006,-0.005311621799007606,0.045096535577344915,0.659175877155138,0.054158143933198864,0.06019062536930943,0.9398093746306906,0.004460860224461267,71.0,0.01874968044347668,-0.330593448638982,0.03505279813809006,-0.009702260853172683,22.0,0
0.029200695111775567,0.041680031698681716,0.03224948275996096,0.03387026377394192,0.011509772079291195,0.0,-0.002646712762587086,-0.033760503991806225,-0.007154309479706039,0.031391080040878365,0.4969877245943446,0.0540840487933954,0.060021900308449935,0.93997809969155,-0.0010349512275812862,22.0,0.0183003032760883,-0.2641459167853003,0.037606736212480674,-0.009702260853172683,13.0,0
0.029522326247272076,0.041812988548452536,0.03224549052928659,0.03261074609205322,0.011636811659228523,0.0,0.005173180287699106,-0.015646213847341012,-0.004987647158119705,0.018128845084632642,0.3084634293032958,0.05397610568357078,0.05983712779748259,0.9401628722025175,0.0069396620739569535,14.0,0.02435350340739306,-0.3064597859030687,0.032628102351240675,-0.009702260853172683,8.0,0
0.028936016354285398,0.04463525981183996,0.03247310730788589,0.02943876847932264,0.010532858825437415,0.0,0.0028792076830820227,-0.0044521505766365425,-0.008450233173053084,0.0007303877864270877,0.4893501214979304,0.05467943810480229,0.060509458953780335,0.9394905410462197,-0.010079432310865194,137.0,0.025330471930568442,-0.3384432921827466,0.02984283775113273,-0.009702260853172683,10.0,0
0.029056409865605447,0.0450825190075643,0.03252579438831756,0.030741928922661203,0.00686203239512013,0.0,0.0026841158639548173,0.0064761078587092505,-0.0068713163676964555,0.008659109613158043,0.3871940712645615,0.05465837100721846,0.060509654583820745,0.9394903454161793,0.002884586509015337,80.0,0.022815609109133297,-0.3173822445501718,0.027238823521411156,-0.009702260853172683,5.0,0
0.029254772384848773,0.0449410644633736,0.03225088567163956,0.028611053640029867,0.007139946133728344,0.0,0.003452180438211835,0.009419557340103312,-0.004605842771201114,0.008005062725094035,0.20026332271215797,0.054909501271625874,0.060824726654443675,0.9391752733455564,-0.0013825805618332776,61.0,0.03465504052238069,-0.30060367266583343,0.023880676416919842,-0.009702260853172683,2.0,0
0.028890703066529164,0.043989690863796886,0.03240195343488336,0.028827764320300098,0.006421480999950174,0.0,0.005143903173610747,0.0167814207620132,-0.006291803194397578,0.02040627277443706,0.3694345400042631,0.05554582663414832,0.06151835764755036,0.9384816423524496,-0.006667663759012374,112.0,0.04875455587197171,-0.24677409241934561,0.01885961313051806,-0.009702260853172683,5.0,0
0.05949489425670561,0.043948535249280836,0.03268597090922862,0.029970733712612944,0.04481653204104215,0.0,0.05288860964639833,0.07339855407281265,0.046665926950556484,0.006630234801068812,0.36123098455828495,0.05857635949272242,0.06452206129212174,0.9354779387078783,-0.004471245699403596,147.0,0.0941973695028724,-0.24930850714856784,0.0,-0.009702260853172683,22.0,0
0.08324163842067507,0.04327774570571895,0.032725820985166736,0.028720883019356245,0.0628273495872561,0.0,0.06234163621695783,0.1344472759611921,0.11844571817511804,-0.02207617441263606,0.6105586833013577,0.06192624594709061,0.06776173506011436,0.9322382649398857,0.0013000062503256721,108.0,0.16621490145666998,-0.36158613538258944,0.0,-0.009702260853172683,35.0,1
0.10098816197906975,0.043270311450172,0.03167143028501726,0.03144097025730184,0.06919584399154857,0.0,0.06418309179469137,0.20379363771987852,0.19414635536353922,-0.022543460276748358,0.28536859795219427,0.06536043465255346,0.07114537033961806,0.9288546296603819,0.004280954364783271,101.0,0.2553812353305273,-0.2903520896356779,0.0,-0.009702260853172683,30.0,1
0.11515215213006297,0.04382884330077459,0.02851127715578226,0.03032343441474825,0.09999798268929531,0.0,-0.04884514350759843,0.14192909473323206,0.12984147165864493,-0.02941974612890409,0.21398727805555984,0.06246070321972886,0.06822620240745712,0.9317737975925429,-0.001453430726175386,7.0,0.18962387979364909,-0.17489559383503708,0.04884514350759843,-0.01281548036915365,28.0,1
0.12699836888720287,0.04387988251268319,0.025251496938877918,0.030267544252256154,0.12005156522571091,0.0,-0.04938578155020514,0.08179946695701615,0.07390972178269817,-0.005508998782468805,0.6080855393063445,0.05956100976472119,0.06541130322981518,0.9345886967701849,-8.789510065774434e-05,152.0,0.12649025883419074,-0.2856472809735755,0.0958186694707489,-0.043517006905460245,55.0,2
0.13301998570937285,0.043907711672051576,0.022186622231129213,0.03164253029224532,0.12915194140097994,0.0,-0.037096997602252116,0.03633713683808202,0.03109932111366352,-0.005790879310209106,0.8183886681632417,0.05757935913557903,0.06342549494111269,0.9365745050588873,-0.0017245646257702065,21.0,0.09823294515735698,-0.24196822432907353,0.12936108212139366,-0.04708292162179648,72.0,2
0.13318609012769084,0.043528426027491345,0.022043559674044425,0.03116279256138181,0.11920546988239926,0.0,-0.006472800707450343,-0.022091108544341043,0.018733838002113073,0.00792172493746478,0.5184323738993106,0.057336427061685846,0.06322929699608969,0.9367707030039103,-0.0019243673045491105,120.0,0.08897286269069511,-0.24557817239069363,0.1349965543249721,-0.04708292162179648,65.0,2
0.1616622574586663,0.042109487528604786,0.025202145566833742,0.030466086441067172,0.11865961805019286,0.0,-0.09238168543368977,-0.16451733641631505,-0.0726370502817568,-0.010178752351178188,0.7462834572298618,0.05171296127923524,0.05753511816275813,0.942464881837242,0.011717783028789187,146.0,-0.017644906647989976,-0.1276572443049004,0.21490703054238028,-0.04930468584381414,100.0,3
0.16141047591798646,0.04415575242564136,0.0258290560732693,0.02869271133306089,0.07307343663189284,0.0,-0.003977499798790883,-0.2180297376704301,-0.08210330742375066,0.006375067314350394,0.8388700031473946,0.05125834505549641,0.057131094199028426,0.9428689058009716,0.004985051682821334,104.0,-0.024636168877339392,-0.12029851447121638,0.2180297376704301,-0.04930468584381414,92.0,3
0.16144626301421228,0.04572613501238805,0.027839234903963752,0.02902690072464019,0.08188101924626147,0.0,0.004069582247983348,-0.1745271032699926,-0.0813061472931907,-0.0025965494997879017,0.8140690635654599,0.0509626120686658,0.056706487488322785,0.9432935125116771,0.009763964486107723,69.0,-0.02580471820166572,-0.1250590176125784,0.2148474453724028,-0.04930468584381414,89.0,3
0.16129682861447903,0.04374082219609504,0.02639732734813583,0.02903303628339323,0.08205475280448832,0.0,-0.004201578027886073,-0.13529106551239328,-0.07598831918529986,-0.019981608240875075,0.8901306700899196,0.0508246900169054,0.056552815136723444,0.9434471848632766,-0.0012610412182987754,137.0,-0.01880898231956933,-0.11623739537901202,0.21814632509446474,-0.04930468584381414,100.0,3
0.16063342562457197,0.0444415240417733,0.025710161507193317,0.029100686434548422,0.08283976404742666,0.0,8.863297625099412e-05,-0.10189751817094987,-0.08681638428425031,-0.012061937684488759,0.5599452379389014,0.050663379017487395,0.056414102255756486,0.9435858977442435,0.003227441606514623,137.0,-0.0214686203863089,-0.11104823089810215,0.21807702707626508,-0.04930468584381414,85.0,3
0.16101791639423454,0.04865161627089655,0.025365957099318527,0.02821337374835104,0.08575757164573862,0.0,0.008185085449684307,-0.08864746930921356,-0.07566246190759136,0.0016374398912155604,0.5470290724392097,0.05103713546126418,0.05690301790118572,0.9430969820988143,0.0002672330951885763,1.0,-0.011117512823007464,-0.07034040641808115,0.21167692072781313,-0.04930468584381414,80.0,3
0.1606677745616667,0.05141155485580054,0.026177205470832486,0.027735556577809187,0.011695182087814103,0.0,-0.004444278803915058,-0.0003482616045691488,-0.0673435438669784,-0.01142709314116541,0.5611667114073,0.05048144618292176,0.05620866119938692,0.943791338800613,0.006847810088773006,161.0,-0.011722740018019715,-0.06816794503100233,0.21518044827965954,-0.04930468584381414,85.0,3
0.1607799626733873,0.05311503964625408,0.025964670217168435,0.027116124671126157,0.012159312632705472,0.0,0.006700688371064137,0.010368835011975877,-0.053143071104466776,-0.03130048924112798,0.5633782346554641,0.05068334269445634,0.05630750092620912,0.9436924990737909,0.002439916734182454,65.0,-0.012246109880557028,-0.07655252638175275,0.2099216170360633,-0.04930468584381414,82.0,3
0.1607938691565837,0.05356280448319095,0.027587375154853887,0.027661174590368768,0.01254164012052107,0.0,0.005646842663639185,0.011955990719958577,-0.03992081891063235,-0.023603684508889246,0.8346614443371028,0.050446432056273895,0.056045579282378195,0.9439544207176218,0.010053181647431693,17.0,-0.018692073371960646,-0.07091368619489595,0.20546016871552347,-0.04930468584381414,87.0,3
0.16090838627968776,0.05482271750987661,0.02670341892084408,0.027864309536720918,0.014499706356636936,0.0,-0.0076663053653582836,0.008435045608976668,-0.04778207114618685,-0.020088136801477294,0.8150951290857353,0.049973806257220935,0.055673099566694535,0.9443269004333054,0.001996245202063965,17.0,-0.04047392741528507,-0.08750129055096859,0.21155135368709052,-0.04930468584381414,87.0,3
0.16117834551449853,0.055815086804832104,0.02668862239304809,0.028106444671304732,0.015564439199533063,0.0,0.00808431527657643,0.016497457258639967,-0.03803148856827416,-0.01276085099047484,0.850727699892732,0.05041338577406859,0.0561762660928591,0.9438237339071408,-0.001168577205236785,55.0,-0.043141101483553816,-0.07394046625787326,0.20517728625090706,-0.04930468584381414,97.0,3
0.16130842700430026,0.053889080438554476,0.02730003107017716,0.029290734058038788,0.014873254956999763,0.0,0.005820644829920051,0.014113522093840944,-0.029864541626547912,0.013210321799677998,0.5787042409127381,0.05092066864487384,0.056759439911787404,0.9432405600882126,-0.004541562257041448,2.0,-0.03680519093298806,-0.07313104994538754,0.20055090553142038,-0.04930468584381414,80.0,3
0.16120705304132776,0.05515706868019339,0.026853283753212474,0.0292462354760288,0.013121229771566016,0.0,0.0009326560388875731,0.019590686470891096,-0.03395725223258204,0.006040257768334242,0.48366329812834685,0.05109189593181735,0.05686943441198105,0.9431305655880189,-0.0023938159498316006,48.0,-0.03877553259810635,-0.06985836646777048,0.19980529450568107,-0.04930468584381414,70.0,2
0.16123690034068017,0.05286267121508217,0.02435108310236103,0.029454367011059968,0.01485038801439519,0.0,-0.006105629396116779,0.006620394035180007,-0.04261206991524622,0.025012620190142897,0.40618524165676767,0.05053253589060092,0.05630097645945636,0.9436990235405436,0.005192021129553178,134.0,-0.05070222116152904,-0.06700972106855321,0.2046909868221642,-0.04930468584381414,80.0,3
0.16127486862051016,0.05282646603664331,0.0245676478502419,0.027937034699485906,0.015427031688252905,0.0,-0.006891531494289214,-0.005930118331551406,-0.05175513806451235,0.024656712814716444,0.8242379573070271,0.050295837910337926,0.056113981043972305,0.9438860189560276,-0.0019067791636602483,40.0,-0.05827082850491373,-0.07316540355706236,0.21017188393417133,-0.04930468584381414,87.0,3
0.16120721754224376,0.05211004170688621,0.0243850932462865,0.03036948325405487,0.014220076815505337,0.0,-0.004280807666909096,-0.0025386973663232997,-0.0590626773583997,0.017483566200283213,0.4439566271402642,0.050024251774681124,0.05585160182897052,0.9441483981710295,0.0013249529435167004,81.0,-0.06339648672404184,-0.08028442090699356,0.2135529861889663,-0.04930468584381414,80.0,3
0.16118161197260336,0.05214066984297008,0.022982976157779687,0.036759447451699706,0.012348895385441983,0.0,0.004540542406226492,-0.006045126590477369,-0.0596274966477144,0.018071487685357917,0.6766815966618751,0.04997767625411107,0.05579551114076262,0.9442044888592375,0.005227526286362184,138.0,-0.06554413536822995,-0.07997586172535141,0.2099820901725071,-0.04930468584381414,92.0,3
0.151144843055926,0.0522971079098163,0.022648282278581774,0.03568422704876613,0.01096487360422728,0.0,-0.007673057455191727,-0.019379642257425125,-0.11371728922191296,0.03389241148716196,0.7641059080516746,0.04922094215481691,0.05504913266914244,0.9449508673308575,0.00791838947577535,156.0,-0.07235808498320156,-0.03851129277689287,0.21604394298524393,-0.04930468584381414,92.0,3
0.1352642363294418,0.058637996846224866,0.0240114694036034,0.036017393054650314,0.012225703363084229,0.0,0.003679023605340275,-0.016689007748440916,-0.16265791016179595,0.017608476946611638,0.5290871768654404,0.049661632578775976,0.05534886918303257,0.9446511308169674,-0.005236224236911225,136.0,-0.06347832497265567,0.05316108240549468,0.21315975014593716,-0.04930468584381414,75.0,3
0.1140711449915211,0.06367863842990348,0.024090302120891416,0.03337906083481245,0.01370377052886147,0.0,-0.009988669962606153,-0.020530700171014743,-0.22101923771502394,-0.006905075132306849,0.6497643365458246,0.0492342734911912,0.05478967135246334,0.9452103286475366,-0.0007600651826403583,165.0,-0.06978296181908432,0.07070514930603343,0.22101923771502394,-0.04930468584381414,75.0,3
0.10718135742516274,0.06475016280956745,0.025330596157502334,0.03480038031724026,0.013214460886644951,0.0,-0.0015649871431624625,-0.015277309598325095,-0.18229753851502054,-0.013246241048131553,0.785541756066336,0.049472672875531774,0.05498339998024756,0.9450166000197524,-0.0062181209535004285,4.0,-0.07612584753691437,0.014710138022636307,0.18229753851502054,-0.047542463958012184,67.0,2
0.09879387223812208,0.06360943333676874,0.025248098628878942,0.036704097952380825,0.013399148513780289,0.0,0.0009957656128673491,-0.010059009623622104,-0.13896017375747696,-0.023388233058296487,0.5408456088559037,0.049440346100676894,0.054948369991723894,0.9450516300082761,0.0015946802414428941,44.0,-0.07532095975606931,0.10106545759244956,0.13896017375747696,-0.033030748456305214,60.0,2
0.09667504209241735,0.06360899416361591,0.025005335364182854,0.036430241718490894,0.02410258742191619,0.0,0.020267047224059306,0.005438933064915615,-0.08766453227871797,-0.02338094536587381,0.6226525094466122,0.050377259578276226,0.05585255109297559,0.9441474489070244,0.0003155226399614033,93.0,-0.05929151860466941,0.06819153407233709,0.08766453227871797,-0.009641328086493988,50.0,2
0.0969166727299704,0.06491230570922246,0.024648098931028997,0.035861313997457435,0.02548469068361014,0.0,-0.011083851654987873,0.0019830707536973666,-0.09189876494582946,-0.04456400770021447,0.213182575731848,0.0497672260906451,0.055148771329732754,0.9448512286702673,0.0016858106776298613,101.0,-0.07488654351880583,0.0870579973088789,0.09189876494582946,-0.010919574401130614,40.0,1
0.036696887282552784,0.06820470533421165,0.023902110798621833,0.03520735833242759,0.02767626951008803,0.0,0.012192680614234801,0.010482341927536498,0.012731242447205771,-0.019674507043306953,0.598815968942148,0.05066555915457435,0.05618726699955411,0.9438127330004458,-0.006462224151083244,77.0,-0.060830567732337935,0.1742192068367727,0.00638160570655488,-0.009641328086493988,10.0,0
0.03640791512769431,0.06662643652341607,0.023803348422348096,0.036670702300830145,0.024613632691850854,0.0,0.0013243343442484819,0.022029271482165932,0.01812201733215526,-0.03517689655861766,0.6608910645673552,0.05082807287005727,0.05634666603706701,0.943653333962933,-0.0019305197169042492,27.0,-0.06546916765175588,0.20743479633211673,0.0050657227419150415,-0.009641328086493988,12.0,0
0.036357865930381796,0.06578111185790261,0.024031620587283507,0.03670183395938222,0.0239597331831136,0.0,0.003463187677199651,0.02717626831457421,0.017507135978690372,-0.020745564414507662,0.3995404576700208,0.051452378829362766,0.057033441182171414,0.9429665588178285,-0.00889589143331458,51.0,-0.06522244909106566,0.22989985889671083,0.0016200786132913002,-0.009641328086493988,2.0,0
0.03600432008675257,0.0667700652733894,0.024261140813206163,0.0369746291205579,0.023949339965863917,0.0,0.0010668753734883391,0.02724923791251321,0.02289044329590139,-0.005164804208018303,0.22186253073069334,0.05129746525930153,0.05692030471593134,0.9430796952840687,0.003970812694597371,69.0,-0.05483728220086043,0.22178369318826677,0.0005549316617785968,-0.009641328086493988,2.0,0
0.03609209260784419,0.07140823131883303,0.02425592939516693,0.03731533125505702,0.016771588062843578,0.0,0.003738148779860366,0.010607224062772666,0.026623167291633512,0.013899277690077037,0.42535970826186453,0.051594175584743954,0.05737796864197799,0.942622031358022,-0.002373991142212839,95.0,-0.06250454411507114,0.2368759854621721,0.0,-0.009641328086493988,5.0,0
0.035416197097808404,0.06837514524466907,0.024528850534873543,0.037401096286165524,0.010388116653202743,0.0,-0.0011541670587780753,0.020754708257856767,0.01711311489277516,-0.007424792787828041,0.6922521482326867,0.05170460289498112,0.05750383431538308,0.9424961656846168,-0.0032238316132956833,88.0,-0.059844167418511035,0.1910838102588915,0.0011541670587780753,-0.009641328086493988,17.0,0
0.036662083869237104,0.06613999669909429,0.02353888080509637,0.037818184577898595,0.010263143447514018,0.0,0.012044224507395191,0.020604996376978314,0.03395865412862819,0.012424600401599897,0.5077737889222435,0.05218865995093795,0.05798624812552499,0.942013751874475,0.002019834689979066,21.0,-0.03567178585232502,0.16088281834292945,0.0,-0.009641328086493988,5.0,0
0.03656771267440337,0.06606474483005842,0.02381554610513995,0.03985441594346878,0.012098433199254847,0.0,-0.003620501407999728,0.015564947012440442,0.023358002300094317,0.012748161487103397,0.5266077847045401,0.05179743375537838,0.05748562772969582,0.9425143722703042,0.004183508494605105,114.0,-0.03102638478146467,0.22905927504603046,0.003620501407999728,-0.009641328086493988,10.0,0
0.03722176817798151,0.06585167867355565,0.021315421069427472,0.03874478836299401,0.013637505392306749,0.0,0.009388454191404405,0.02156167220119613,0.027165510001600137,0.006343542486682644,0.6810951410820913,0.052395152661300744,0.058092705715772436,0.9419072942842276,-0.002608412644968263,58.0,-0.013839778314421068,0.2123972150887515,0.0,-0.009641328086493988,14.0,0
0.03670356648304243,0.06447236805474237,0.02117539137158172,0.03917233665689128,0.01579146018431344,0.0,-0.005147939214123514,0.015219621995836501,0.0297722730955977,-0.028060157965894634,0.3290319458127904,0.052116634331198376,0.05772650865318908,0.9422734913468109,0.0005253481744855059,69.0,-0.019432378921826705,0.3347860878333322,0.005147939214123514,-0.009641328086493988,2.0,0
0.03605780099487182,0.06349647986151682,0.021317311954894464,0.03969933847956015,0.015927932160379493,0.0,-0.0003918774617741232,0.011042353566852407,0.021113723278787088,-0.04333717561099264,0.6988953629419863,0.05200025043952852,0.05756933682759513,0.9424306631724049,0.0018966369041573874,69.0,-0.01772075161499797,0.3122374612925919,0.005537799314545039,-0.009641328086493988,14.0,0
0.036847645479443025,0.06359354051917906,0.02088238448642365,0.0395177499444431,0.018573154010784566,0.0,-0.008615212115846267,0.0034902045706914986,0.006458375220084273,-0.042802800812885546,0.40793078955701534,0.05164361084405216,0.057275441211401316,0.9427245587885987,-0.0013741403139465379,126.0,-0.02359904282206371,0.23717625181877472,0.014105302114641512,-0.00978265128559217,5.0,0
0.037005804665503586,0.06281790413940687,0.021330670722763283,0.03945397519729044,0.014603668942158773,0.0,0.003822540461967587,-0.0046619879964638995,0.009364213453534756,-0.02595437719695725,0.6607721337873751,0.05208677816738808,0.05777072122960371,0.9422292787703963,-0.0049383410304556456,124.0,-0.024911021737248695,0.25067616752893696,0.010336679740735419,-0.00978265128559217,17.0,0
0.03803627991010028,0.06393608672769012,0.0206782122270012,0.03976084697868093,0.01807374688355027,0.0,0.011970483591540002,0.010912700198694657,0.02772167890230035,-0.017743378748395048,0.6070679425586489,0.05286566737254244,0.05863347139816395,0.941366528601836,-0.0036263359143539385,135.0,-0.016071669132498703,0.3093390677244076,0.0,-0.00978265128559217,10.0,0
0.037188432207658155,0.0636601035799275,0.02131504496221694,0.040145620114044225,0.016089108485959843,0.0,-0.0005314692835143801,0.0009777969568818836,0.034303410929030116,-0.02086354322532868,0.6974526895141064,0.052608211310738666,0.058369254801331844,0.9416307451986682,0.004370734363948836,73.0,-0.019227104904197892,0.3393304262754365,0.0005314692835143801,-0.00978265128559217,17.0,0
0.036859736098627895,0.06532843572461287,0.021313685410148817,0.03687169423175893,0.015201125669358686,0.0,-0.0015064291929793646,0.004641729336618707,0.03718529684715719,-0.009370862994926085,0.3118659937207561,0.05246015320233534,0.058296953122723955,0.9417030468772761,0.0013075546159180254,119.0,-0.024073643701402466,0.32270730893343424,0.0020370978556498867,-0.00978265128559217,5.0,0
0.038112832552774346,0.06613605590227542,0.02113205378516668,0.03542441561296876,0.017678643394462772,0.0,-0.008960423368819194,-0.003969964169928182,0.0232455874934939,-0.024859149949746542,0.3206861042558603,0.052339444592581406,0.058145777216632805,0.9418542227833672,-0.006136520086596492,27.0,-0.03776798534456295,0.3480668998828986,0.010979267965238744,-0.009834432973538108,0.0,0
0.03719853826447864,0.06726115634561639,0.018845546498777208,0.035449887743454686,0.015567789874739888,0.0,-0.0017705973164011022,0.002906721862832535,0.029331954832150557,-0.019317503156074042,0.45937642643526777,0.05238295619734208,0.05829240249028718,0.9417075975097128,-0.002594445317947674,99.0,-0.08772088478085414,0.3681460984749691,0.012730425419244547,-0.009834432973538108,10.0,0
0.03954725312484175,0.061032899306311617,0.0191508442136827,0.03516829071908981,0.019046178807683303,0.0,-0.012822196785316518,-0.013722829871739568,0.012408981409015918,0.0033167053014105325,0.36222103713548504,0.05154902086631502,0.05739938339319648,0.9426006166068035,0.00386388482646621,159.0,-0.15226734773600714,0.45283472154380977,0.025389390184674714,-0.010919574401130614,5.0,0
0.0389189762498396,0.05583546953219177,0.019190457898691397,0.03479147393530874,0.011111613438422341,0.0,-0.007326645857731579,-0.032530016971979415,0.015131230165906931,0.02392026992333162,0.6999403446592343,0.05118403194402718,0.0570094363363729,0.9429905636636271,0.0001561710169882861,49.0,-0.20923230050607633,0.3990486807350921,0.032530016971979415,-0.010765337412062571,22.0,0
0.03887045213924129,0.053833506894908505,0.018711923806759328,0.03392334636074954,0.012379035122860057,0.0,0.001953606119209923,-0.030124502657313083,0.01870866270872753,0.03497266425939568,0.5936763382397665,0.05150255898601956,0.05733098406836086,0.9426690159316391,-0.004319969742727718,42.0,-0.1669994189670018,0.3943279792695929,0.030639961692983955,-0.010765337412062571,13.0,0
0.04011582494562941,0.05772369092109602,0.01933459606974521,0.03255536021943635,0.019255866522117703,0.0,0.010928987451139287,-0.01804550059360415,0.028817655656424628,0.05733541805611644,0.3848676316987464,0.0523658307477579,0.05836148640300266,0.9416385135969972,-0.006425258320050234,156.0,-0.11414702453835224,0.445620210318466,0.02004583799869068,-0.010765337412062571,12.0,0
0.04163944757265075,0.05842765600677373,0.019412039342335173,0.030668879813267255,0.029217383376814926,0.0,0.02330451432084623,0.013923657333602226,0.031880579021589014,0.0526074275203578,0.6616220633878092,0.0534700051853144,0.05939816530522747,0.9406018346947725,0.0010060607902599595,138.0,-0.058578749305831256,0.37516225362297295,0.0,-0.010765337412062571,29.0,1
0.040173958783243285,0.0554309505119098,0.02213774093024455,0.030965879411706546,0.02974607161670128,0.0,-0.004678468873892362,0.010970067951540702,0.038564249931476724,0.07626506415068392,0.6473139587663821,0.05274073314420233,0.058650843597076445,0.9413491564029235,0.009306237263573644,146.0,-0.056878521954117744,0.29474138000287875,0.004678468873892362,-0.008908641680873255,17.0,0
0.04009507205918089,0.05271080609219938,0.021314126004326764,0.03072421870245693,0.025815240101070065,0.0,0.011889299164986822,0.0362771429877785,0.03825296421155811,0.060542601635134946,0.6708621405416897,0.05338238390680119,0.0593250795392311,0.940674920460769,-0.0009308490854946125,71.0,0.05147121442046551,0.23555714831725252,0.0,-0.008908641680873255,21.0,0
0.04009686654158647,0.05248650739165482,0.021686974923573972,0.0325476181399551,0.022115289879376155,0.0,0.0020924167233842047,0.046109943697550414,0.039049373306537884,0.0645086833407338,0.6534293558226101,0.05374019358536274,0.0597179330837854,0.9402820669162146,-0.004697057505833376,137.0,0.057879044058564026,0.23556506331898514,0.0,-0.008908641680873255,24.0,0
0.04013932185651279,0.053829880562208776,0.020364580016524556,0.033002115471041205,0.023060573095453073,0.0,-0.0011342880728257686,0.04288596526217551,0.034288855576023375,0.051718160289413874,0.4226581294761964,0.05394813562228795,0.059898524982866574,0.9401014750171334,-0.004865495732739837,166.0,0.052396291211836865,0.24412307572184597,0.0011342880728257686,-0.008908641680873255,12.0,0
0.04019439201093191,0.05511487079748616,0.020797883416729075,0.03296639451935607,0.022798493247480536,0.0,0.003638723044756389,0.0353652446904602,0.036946054061028945,0.025261941170844324,0.54729262087392,0.05384531416591596,0.05968092558999358,0.9403190744100065,0.005442559394594585,3.0,0.060682208912421626,0.22503165744300643,0.0,-0.008908641680873255,12.0,0
0.04014051296523222,0.05048094598841368,0.02338390657565856,0.03532951745619573,0.012523314500661256,0.0,0.0006057293522529773,0.01239893043670031,0.03371000094391865,-0.015134099074734585,0.401979154548718,0.054476610210677255,0.06029496938547422,0.9397050306145257,-0.010933953964652967,35.0,0.06123063523008323,0.2228768069223153,0.0,-0.008908641680873255,7.0,0
0.04005788025771952,0.052330139240948564,0.023350818418128194,0.035145314854579245,0.01034732849095344,0.0,0.001001878870785935,0.01817673971880676,0.03594130247853285,-0.001207591389667155,0.6209594594103771,0.05468205579363851,0.060595304572137694,0.9394046954278623,-0.002891208235596073,159.0,0.05366948501001912,0.212002554372771,0.0,-0.008908641680873255,17.0,0
0.038810653972084976,0.05308624754811873,0.02313488205240624,0.034865506008356424,0.0054060337745717064,0.0,-0.003228802483028239,0.002964700754252292,0.020307638365731597,-0.013082875972494351,0.6258481889918499,0.05455292339190108,0.06041482861029714,0.9395851713897029,-0.0006364672854054942,82.0,0.05495591256179092,0.22186004484914346,0.003228802483028239,-0.008908641680873255,10.0,0
0.04038069727499654,0.052979359177074206,0.022567652902307275,0.03486304633267866,0.011619239775535988,0.0,-0.011251737894294104,-0.010391069451753183,0.012493137075666683,-0.01268729720688752,0.616993194926078,0.05417427454077162,0.05997552873132624,0.9400244712686737,-0.0036429762586303567,46.0,0.036142954100309814,0.2633781594124252,0.014444210738070862,-0.010908040715472868,12.0,0
0.0412441730580266,0.054336179524908594,0.026027613445797657,0.034974712350874716,0.015094555535084398,0.0,-0.01242580119670909,-0.0215779408133085,-0.009388214726176505,-0.0004999151513706883,0.44272393615652883,0.052939734347215696,0.05874815913840437,0.9412518408615956,0.011223189743634154,34.0,0.017522259634382514,0.18509320098061283,0.026690531043705314,-0.012249691701346842,7.0,0
0.04131788980418628,0.05249177766998859,0.026055324720900063,0.034245205333506445,0.01602536646069841,0.0,0.0054485115803159,-0.01981362364917728,0.0011630716939911778,0.02270181681834624,0.4839336138097117,0.05316016876835025,0.059005475785654043,0.9409945242143459,0.0009462482866663244,55.0,0.03096997207769214,0.17322639302160628,0.021387443130865824,-0.012249691701346842,14.0,0
0.04137430340773923,0.052103509893673766,0.025939783292428364,0.033398797137270085,0.015541750291763936,0.0,-0.0021569172786103873,-0.022519892972656715,-0.000604713745965988,0.027923815440804266,0.2488039622061743,0.05302040106395329,0.058860835587326285,0.9411391644126738,0.0005903684529415494,148.0,0.020496241774125897,0.17444004429259505,0.02349822946384195,-0.012249691701346842,12.0,0
0.04073729826282396,0.051901073751427454,0.13220998028497816,0.03277481188464573,0.014636786301367602,0.0,-0.004755701157122349,-0.028142180063912777,0.0032859824867516687,0.011751587821792333,0.5384747241260932,0.06035669665813983,0.06699424318220652,0.9330057568177935,-0.12435304974700105,81.0,0.009765579814702009,0.22996925088484468,0.028142180063912777,-0.012249691701346842,17.0,0
0.04056647213381211,0.0611514021875674,0.17493971181316123,0.032745048471864324,0.015298729741540043,0.0,0.00016946250852990178,-0.024828851574397924,-0.0003651428425607402,-0.025928802610299995,0.23847650305878754,0.06824119273810238,0.07549754141650454,0.9245024585834954,-0.11413076697783744,67.0,0.008995651335455247,0.18791918231829102,0.02797748659981201,-0.012249691701346842,9.0,0
0.03930745528954935,0.06024212203932691,0.21636089013934773,0.03314438467669759,0.01570627311147443,0.0,0.006612360424931122,-0.007210056233664046,-0.005657952043156886,-0.04640790992226464,0.21010906393290818,0.07902992451816071,0.08729896615947805,0.9127010338405219,-0.12951250978643633,119.0,0.021906878929358452,0.10669587120830099,0.021550123400062522,-0.012249691701346842,5.0,0
0.03934395066151949,0.06001778881384219,0.2266103867042337,0.03285666272260534,0.009760570005853102,0.0,0.0015739027148389062,0.00686358529720335,-0.003563378937335469,-0.05144422127429112,0.5736332527904378,0.08626642981357313,0.09525938929141034,0.9047406107085897,-0.08183055518118308,18.0,0.030617795939711378,0.10773580611578881,0.020010138482948088,-0.012249691701346842,5.0,0
0.039644819802213425,0.05843997445351698,0.25444755795972596,0.032622412056121736,0.00992872298716777,0.0,-0.005242874034687677,-0.0038428474322040477,-0.0072921265043825725,-0.07722609507001144,0.5656216910706189,0.09857788673213161,0.10877315349547241,0.8912268465045277,-0.1269832368946205,158.0,0.029622010454062132,0.14218784852191868,0.025148101882153013,-0.012249691701346842,10.0,0
0.03987360057889661,0.05863083145957812,0.27402240882073214,0.03109484310489161,0.013694447650724305,0.0,0.010163945598461578,0.008457198430046211,0.011864436055903736,-0.07836360297640933,0.43010726436371083,0.11296988000544692,0.1243847969134709,0.8756152030865291,-0.11730477780482103,73.0,0.03538581933579611,0.06563578285511958,0.015239760223126208,-0.012249691701346842,5.0,0
0.041630005041867445,0.06262323468933831,0.27525871477143965,0.03146723247570429,0.015241649228127008,0.0,0.013078784450146862,0.02652845531828797,0.02691664877032867,-0.06896953375053128,0.6811415773060314,0.1135364931684422,0.12514886570128123,0.8748511342987187,0.006249344249677977,122.0,0.05703812152844337,0.21123664938442005,0.002360293312009535,-0.012249691701346842,24.0,0
0.03917965421256595,0.0649285932794986,0.27418228510448733,0.030758165855198978,0.014556690199280561,0.0,0.004146611683203858,0.03061042037709783,0.044568536676816525,-0.08194527417601553,0.4306482435762219,0.11451064126403397,0.12593258022507445,0.8740674197749256,-0.0046217233691417505,109.0,0.057530568228882105,0.17736731361282645,0.0,-0.010662974088809724,5.0,0
0.03846783812182613,0.06527784911755273,0.27416059561713074,0.030577306194218345,0.014774152980812541,0.0,0.008082417076882814,0.03211552379486882,0.0607831577845614,-0.07450798116954563,0.45918192061428004,0.11532657190041426,0.12677819458094666,0.8732218054190534,-1.5796935592997036e-05,111.0,0.07683411190111716,0.19122425026163914,0.0,-0.010350408315353138,10.0,0
0.039210192964933964,0.06560884617706592,0.274639321514417,0.030292993575413766,0.01471884975257287,0.0,0.010293174899905727,0.041100678214335044,0.06961238306177998,-0.0802039920489077,0.2289694540222461,0.11640677966210662,0.1277351068338456,0.8722648931661544,-0.0001559466275171935,136.0,0.08962340036556109,0.16696457019083105,0.0,-0.010350408315353138,5.0,0
0.03891732184391984,0.06027454536677914,0.27553492208956964,0.030313947619045666,0.006631999781944698,0.0,0.009370856373376264,0.05639523026322115,0.06796380406573128,-0.09870280532676856,0.29677664312376734,0.11720536685166615,0.12853061349279676,0.8714693865072032,0.00137618982178199,157.0,0.09874001722482287,0.10787817478739703,0.0,-0.010350408315353138,5.0,0
0.032937205405801064,0.06100598732920931,0.2770468847616308,0.030418850433572082,0.0074368006994190205,0.0,0.0051271981087117275,0.051127970381895906,0.04899318926051779,-0.1039804049098687,0.6440795155493935,0.11653360256307026,0.12756945057672178,0.8724305494232782,0.010500814910631394,97.0,0.08243569952384641,0.16096015924019916,0.0,-0.010350408315353138,10.0,0
0.03232653026510889,0.06303160176958536,0.27517694342895616,0.032646937969120736,0.005770183967241973,0.0,0.004997931380890376,0.042743616848866336,0.059191379138256665,-0.09632541338482364,0.4717559021408029,0.11757689632727007,0.12881800272668403,0.871181997273316,-0.004656655294090404,147.0,0.10003830020860992,0.21945764429033232,0.0,-0.010350408315353138,10.0,0
0.030930813287858447,0.06230164465570092,0.2752355270902571,0.033338673912747904,0.005670483293836671,0.0,0.004352455352896818,0.042957372659167076,0.05130221577002577,-0.10487937691232024,0.31428215650633534,0.11808253647573581,0.12927498691881842,0.8707250130811816,-0.00041172820005555365,22.0,0.0915176418054083,0.18432394661983953,0.0,-0.010350408315353138,0.0,0
0.03272854999194791,0.06694537525119489,0.27656080845911607,0.03265188688657497,0.015327020826452195,0.0,-0.008820592884630236,0.025469597293924423,0.03985330049019673,-0.08728358237657019,0.2361538443136048,0.11649500337903795,0.1278688886942423,0.8721311113057577,0.005502371234803611,1.0,0.08045892020507393,0.03907275525799615,0.008820592884630236,-0.010887066142844523,0.0,0
0.032846535310354835,0.06954008851896823,0.2771150201009743,0.031920631486754364,0.01404803009203222,0.0,0.005838357781197439,0.020947860801749794,0.0471120628221887,-0.06309457794202863,0.5263547039780123,0.11705829176792099,0.12861073160846323,0.8713892683915369,0.00012789527720247904,156.0,0.08301633711621065,0.06444752527479149,0.0030337328805355532,-0.010887066142844523,10.0,0
0.03510541775744196,0.06917023646794992,0.2759363715074892,0.03310060669136811,0.01735155622560389,0.0,-0.010910221782978333,0.00043416830930081767,0.031932919888924105,-0.06065783885409925,0.5917416374077906,0.11638567533365435,0.12786748464428146,0.8721325153557185,-0.0037899012840479245,154.0,0.07005876933449574,0.11497294452891517,0.01391085596495693,-0.011200510477596739,10.0,0
0.035905141556705676,0.0689457083748862,0.27670206192624736,0.030522256148927982,0.01719168910939253,0.0,-0.006367518268012299,-0.011006878196989648,0.024741352254640067,-0.05927949918590365,0.5664968968098623,0.11604015684284567,0.1274176112823687,0.8725823887176313,-0.0025259760442895456,81.0,0.05928538420641646,0.14058437002777976,0.02018979660348868,-0.011200510477596739,10.0,0
0.03715306875939233,0.06818819051937283,0.2778513128657033,0.03183331408926394,0.020068337124763472,0.0,0.010801483528918366,-0.0052957488730334045,0.034773361525455605,-0.08677686470695817,0.4155206843589243,0.11649593611365033,0.12761386156943402,0.872386138430566,0.005775520325418392,1.0,0.07196446390877023,0.0897569641076995,0.009606392830035107,-0.011200510477596739,0.0,0
0.03721105234788236,0.06847983231238058,0.277186485376043,0.03164201303367404,0.020878335361194593,0.0,0.006984648567403375,-0.0026888415405499516,0.04537620308283404,-0.0893311488391983,0.41917876584920366,0.11800495680884415,0.12905105466188901,0.870948945338111,-0.006558388106228146,139.0,0.06660532497118182,0.06017245602643799,0.0026888415405499516,-0.011200510477596739,5.0,0
0.03602883974485549,0.0699185759274836,0.27887376521287854,0.0299030502723417,0.02127972383223099,0.0,0.012319827666327807,0.018582360381769525,0.07029776770232934,-0.061929266580183495,0.44383223775424285,0.11824216250366575,0.12933984056060596,0.870660159439394,0.008666572406205105,149.0,0.0836691444260146,0.07067179688598886,0.0,-0.010596777448226118,5.0,0
0.03293503683116169,0.07201388133831929,0.2786723113743397,0.029961145059884384,0.021498039271097513,0.0,-0.002115970226078569,0.010527250796592526,0.0814711955689398,-0.05439800341259129,0.6296721768146104,0.11691803713968318,0.12813438712499484,0.8718656128750052,0.009226566541277407,167.0,0.07131811176476377,0.11918566564557564,0.002115970226078569,-0.008452631692137546,10.0,0
0.035052844122214356,0.07145866481771596,0.27861944158126606,0.030258099429220694,0.020558322004951255,0.0,-0.009264886383672583,0.01220824709674228,0.06564530701897683,-0.06851858071558199,0.493835220300635,0.11591574414752252,0.12705676335511298,0.872943236644887,0.0004686608940305439,71.0,0.06688472891140514,0.12669945892192616,0.011361252386015302,-0.00919824235881623,7.0,0
0.0350132553247364,0.07316495860491262,0.27880233418340616,0.02965272071890268,0.019068786344123585,0.0,-0.0018614268854344888,0.016798578978472256,0.06596087562511307,-0.055789216482568994,0.6867962071204157,0.11548425028421025,0.12675239980980615,0.8732476001901938,0.0019362694797696084,86.0,0.06531627443096064,0.09989720384895706,0.013201531130806254,-0.00919824235881623,17.0,0
0.03423769026875084,0.07305483541717696,0.25986054076351894,0.029694791591214305,0.016942804482017845,0.0,0.0009335175099329497,0.00687206621705211,0.07205433882707052,-0.050442761037720475,0.2811329486522395,0.1153067794976195,0.12653837122106504,0.873461628778935,0.0023756182765284095,151.0,0.07557709060930241,0.08844182448101295,0.012280337481341837,-0.00919824235881623,5.0,0
0.03419592143223998,0.0659522211395721,0.24028718812864827,0.030062111512643694,0.01571273341684492,0.0,0.0007452177050738766,0.0006333329321805553,0.07267147510216644,-0.021543179097689134,0.3157516283005654,0.11557775946657159,0.1267881499041078,0.8732118500958922,-0.001647405164776502,69.0,0.0722797967906138,0.06140886313210833,0.011544271301183339,-0.00919824235881623,2.0,0
0.03460090259655558,0.06536953643946768,0.2060702595171583,0.02922299657883262,0.013520142282590429,0.0,0.009400370877519371,-0.0022524208554057937,0.075642449235164,-0.014076641531972843,0.6680445059437095,0.11632910527860808,0.12748558608837976,0.8725144139116202,0.0018147060663441029,112.0,0.06955651584180764,0.07168909124483874,0.0022524208554057937,-0.00919824235881623,17.0,0
0.03505918414058929,0.06608678785861276,0.19065348197754897,0.02919342463664503,0.013630847929779547,0.0,-0.00284570395459289,-0.00298205480015414,0.07089600313700006,-0.0024724285031360424,0.5305609855788203,0.11726370871962324,0.12865051803224753,0.8713494819677525,-0.010555402292628796,148.0,0.06707999487534494,0.04401956626475955,0.005091715087063048,-0.00919824235881623,10.0,0
0.034063155532909076,0.06920822821603752,0.13499824268911276,0.029166719734444502,0.00978044322774672,0.0,0.0029787771920312543,0.00933925301683496,0.07974694092680056,-0.013984332482369721,0.3892364174054692,0.11860820721553182,0.12981020971080315,0.8701897902891969,-0.008449859861717035,166.0,0.07187328964084223,-0.0011670646088588635,0.0021281049798014587,-0.00919824235881623,5.0,0
0.03497432216560894,0.06815698147755382,0.030376432073382042,0.02876316880697255,0.012962677952982027,0.0,-0.007940413905088503,0.0031920502307821647,0.06039550111688321,-0.0055370766673857085,0.5588655722402907,0.118340644815879,0.129554752904602,0.8704452470953981,-0.00470521256537033,8.0,0.07297649573385247,0.057541272387754624,0.010051620850516857,-0.00919824235881623,5.0,0
0.033298925670852166,0.0632527212234622,0.02984119935188456,0.02831191317550687,0.013304703045778249,0.0,0.003783966370283384,0.006048930918928939,0.0506665605577967,-0.03763059501207343,0.344858435103243,0.11918293664410748,0.13034839262136624,0.8696516073786339,-0.0036688331809538116,69.0,0.07894698334306016,-0.07452636563296569,0.006305689475498669,-0.00919824235881623,2.0,0
0.03328259603034366,0.06103275669713868,0.029511911298267555,0.03195884799789162,0.013329530103669067,0.0,0.0001253890665339229,0.005425817335047864,0.0464590433618648,-0.007445378010301835,0.26309700340703907,0.11888981746323521,0.13013770147087309,0.8698622985291269,0.0024652470850661428,57.0,0.0930981916167244,-0.06633973288907802,0.006181091073481931,-0.00919824235881623,2.0,0
0.033529029082249154,0.06162041654456327,0.02952482375827089,0.032754470182578994,0.010680018907559473,0.0,-0.0060041031687320424,-0.00991800099058279,0.031836264260858595,-0.0019268155009984076,0.6985989430906892,0.11813916788318249,0.12948622275524696,0.870513777244753,0.0009235006790613182,57.0,0.09455453071925876,-0.11083980618654252,0.012148082333713459,-0.00919824235881623,14.0,0
0.0323680234624968,0.06192121302831331,0.029825726600202686,0.03429823205588826,0.010606131069287296,0.0,-0.001823873396746967,-0.008903417745669476,0.01946083685135915,0.02056148295035233,0.3903239481920925,0.11746809130877923,0.1289120438321589,0.8710879561678411,0.003955342976420245,77.0,0.09042793514273875,-0.08415222675252447,0.013949799166270475,-0.00919824235881623,5.0,0
0.031221608140219584,0.06228613347843395,0.029803817579026805,0.034117049349342635,0.009455960880708927,0.0,-0.0014028038227699182,-0.013233090583610763,0.008579479845493183,0.026324550168636256,0.29002085971655356,0.11732157441187964,0.12885750521569442,0.8711424947843056,-8.110944778942086e-05,12.0,0.07712637799842946,-0.09906963573463175,0.015333034157443077,-0.00919824235881623,0.0,0
0.030922312148259704,0.06013371596912297,0.02729459221117703,0.03406142301149297,0.00713543067343931,0.0,-0.002103591737369108,-0.007427408090359284,0.001323854611637446,0.04644031445735567,0.6875335525252099,0.11710051307723748,0.1286897071648541,0.8713102928351458,-2.369571598658814e-05,118.0,0.0503819037316966,-0.06371977190056796,0.01740437145084979,-0.00919824235881623,17.0,0
0.03377951059059868,0.059785897693452904,0.02689618947598118,0.03191092520933782,0.016092940346506848,0.0,0.014669496929405045,0.0033365407705186903,0.010960062799510306,0.02106198522184037,0.310346358413983,0.11836245016531277,0.12979173671438102,0.8702082632856191,0.0022466996607210014,125.0,0.07080018317031189,-0.17105646286954565,0.0029901878950012103,-0.00919824235881623,5.0,0
0.033561511423181124,0.05958234652804224,0.02733361870768231,0.031946062196079046,0.016133929316030672,0.0,-0.0007035606279770352,0.0025049295265128922,0.0058707834272170726,0.028778509801524393,0.6131009359994654,0.11878545298447571,0.1303009438390523,0.8696990561609477,-0.004213502776431851,32.0,0.057474183395365024,-0.16321055702449785,0.003691644744505069,-0.00919824235881623,5.0,0
0.03234865145425258,0.05627985066957951,0.026996198490319007,0.02896215327071723,0.014879327541732136,0.0,-0.0018896158243884493,0.006654638653409914,0.012904492234577312,0.003111411003755171,0.6520216806074806,0.1191415188478953,0.13066132980936745,0.8693386701906325,-0.004594390099226861,70.0,0.05327207933147206,-0.06998634966679514,0.005574284778566281,-0.009066215511884971,14.0,0
0.03607071773716102,0.05399632913556287,0.027161765307398913,0.03003187670898302,0.022341083869335965,0.0,-0.016881498617561858,-0.008530886096835586,-0.009974973865714205,-0.019670193165853493,0.44248977865146355,0.11775304572098981,0.12926024719786197,0.870739752802138,-0.0032095604147226215,79.0,0.03666714736106328,-0.06258481179384055,0.022361681115344877,-0.01066342147308247,5.0,0
0.03515515106516646,0.058974385866196646,0.027947433475782983,0.0283985070514546,0.02295854303100109,0.0,-0.007175306139459865,-0.014262183740011411,-0.006236526619550875,-0.03516217571844611,0.3132936004521597,0.11789154922368181,0.12918339049224936,0.8708166095077505,-0.007187881288749102,109.0,0.02549724276444597,-0.025422262345746318,0.029376535347009163,-0.009066215511884971,5.0,0
0.034652231231207066,0.05956795479415876,0.02797085644719719,0.028399463703801975,0.022959216077064977,0.0,-0.00204588982457146,-0.014205184880165622,-0.0019143284511420502,-0.009863037412476353,0.5224448188408441,0.1179890109875941,0.12946541453808183,0.8705345854619181,-0.002779752713337612,41.0,0.02277966072895723,-0.07364410161163429,0.03136232401683301,-0.009066215511884971,13.0,0
0.033186608141458365,0.058567720689339055,0.026910944491293793,0.02664683233879436,0.013419560918399348,0.0,-0.005484866541633655,-0.03378601102297894,-0.017995797376668864,-0.005528684811027564,0.23837540953237868,0.11759399364204193,0.12895919243175089,0.8710408075682491,-0.0013621929777090519,163.0,0.016151789780668988,0.04349765006544206,0.03667517239679887,-0.009066215511884971,13.0,0
0.034486317475712604,0.05724060682529595,0.02663659961801805,0.028392520097302244,0.020602039952179876,0.0,0.01144661204444519,-0.02203807883585127,-0.013644522615290429,0.0065203180387061795,0.4120905754812326,0.11942949145672813,0.13083748599162198,0.869162514008378,-0.005428557132094685,21.0,0.03111254383838387,0.08806296689152143,0.02564836682244298,-0.009066215511884971,0.0,0
0.031883498716103215,0.060006025387431834,0.02435929962548439,0.02897604145902828,0.020666000788201397,0.0,-0.0012459344750974473,-0.02140739122960009,-0.0268623451130864,0.015071804804616446,0.4612477643069167,0.11980931434121476,0.13153863415073988,0.8684613658492601,-0.0045293278907603835,152.0,0.04154705969254339,-0.013737627426903374,0.0268623451130864,-0.009066215511884971,10.0,0
0.03387806592017341,0.05777464771233093,0.02087862654500631,0.02865443312954169,0.018054807173178946,0.0,0.010676696704659766,0.006023936952562055,-0.014386921591629201,0.006417837603197586,0.5591879807490692,0.1213083347242167,0.13319151115950073,0.8668084888404992,-0.0032176981991609154,48.0,0.06591215427468397,0.06256292848271042,0.014386921591629201,-0.009066215511884971,5.0,0
0.032705266069823144,0.057567581519873755,0.022375127805032823,0.030689738429329393,0.01577234149731006,0.0,0.000603998561010209,0.013906664678731806,-0.004569058131352496,0.008167794469283484,0.6872665863344207,0.12072542497513702,0.13247718520510127,0.8675228147948987,0.005434053670252648,101.0,0.06077631166380414,0.025145016136415746,0.013779619792469793,-0.007825647740244208,17.0,0
0.03266316718022738,0.06396986462073247,0.023965875326062626,0.030588325750521585,0.01524307307647029,0.0,0.0004040456159849707,0.016395762970812723,-0.0023097311334701557,0.02613437746163376,0.27666204146156337,0.1199381328891439,0.13197450559224297,0.868025494407757,0.0065573520397449615,162.0,0.06349879260362065,0.04076827550603721,0.013381141771451908,-0.007825647740244208,5.0,0
0.03265071550226543,0.06497598778905721,0.023655315979418404,0.03062084486928954,0.013120675703475708,0.0,-0.0006248246752707606,0.021362732094404042,-0.003863023941178053,0.040339976559600976,0.4766523029914479,0.12036744521658749,0.13261224630070428,0.8673877536992957,-0.004268330466332715,147.0,0.06791296724993773,0.03840920753168067,0.01399760557916057,-0.007825647740244208,10.0,0
0.03263961539230315,0.06583202837317319,0.024998506074963456,0.031545950681764454,0.009999802373277647,0.0,0.00013100484507826992,0.009936187829164417,-0.004474408467616807,0.0333914842375318,0.5309115100781341,0.11977046535114876,0.13182939201346092,0.868170607986539,0.005229151292431838,130.0,0.06787190477099829,0.03849977163769993,0.013868434488232665,-0.007825647740244208,10.0,0
0.0343541822335218,0.06610395642926727,0.024707925216776137,0.0316792658250015,0.014484531033345825,0.0,0.014234258281233451,0.025589697936252598,0.0002930344181034267,0.029742629546617723,0.26625922394844986,0.12133987742999991,0.13331951928153604,0.866680480718464,-0.0005218977010467446,39.0,0.07595764949436297,0.007155288078719628,0.0,-0.007825647740244208,0.0,0
0.038873700542775134,0.06661771200401113,0.022895160163325975,0.031018892846486207,0.023437366592181128,0.0,-0.0186631873169408,-0.004183109618635669,-0.015574237569922357,0.03323485862207135,0.28886814253870097,0.11996931729425947,0.1321964517726813,0.8678035482273186,-0.005350855009120615,133.0,0.0542176143714641,-0.06837446243590947,0.0186631873169408,-0.015540335910690853,5.0,0
0.04150810604506006,0.06162072941583219,0.021408837019899107,0.031757644157404834,0.02720555086863533,0.0,-0.01611135360783755,-0.020818491890093223,-0.034311240779664916,0.07037719399158335,0.22367757321628368,0.11842434493343038,0.1308214872174384,0.8691785127825616,-0.0014743383807971388,12.0,0.042699483655554475,-0.07707522345776671,0.034473851714465806,-0.016765976866103212,15.0,0
0.04108878921123805,0.061167664698640205,0.02124499190316185,0.03179539038809799,0.02687818845128732,0.0,-0.004325588838650545,-0.02544779203976125,-0.030792504624966775,0.08094649293801684,0.6176222983868622,0.11841869442694021,0.13093391498974544,0.8690660850102545,-0.003829865599513848,114.0,0.027743267744447624,-0.10124329150213511,0.038650320844914966,-0.016765976866103212,25.0,1
0.04079770919621468,0.06276356957453808,0.021311438419673267,0.03183119896310067,0.027001960517501918,0.0,0.00021864355832082818,-0.024625274280978708,-0.034235015870968284,0.07340260624011347,0.5745829483328508,0.11894713783018253,0.13133246741519802,0.868667532584802,-0.004066808769875584,46.0,0.014696974182004868,-0.088532342846327,0.03844012793027391,-0.016765976866103212,20.0,0
0.04137780505852689,0.062467122911213806,0.021896365342047426,0.02911242750171582,0.028334226805995042,0.0,0.005751153782245807,-0.0191442410947923,-0.02880253047385803,0.06172263517354461,0.41970086301843423,0.12042572527190942,0.13288087559665604,0.8671191244033438,-0.007256236346214525,18.0,0.01631837487579037,-0.10204322606924154,0.032910049235164315,-0.016765976866103212,15.0,0
0.04136736497301816,0.0626496127309361,0.02181722650350158,0.02767135488597832,0.023103577316432547,0.0,0.003970602835655752,-0.029070119134323273,-0.019056605705344534,0.06336782837644439,0.4078463683316751,0.12078816879273228,0.13336447822917616,0.8666355217708238,0.00034647056061347305,20.0,0.012172967420363728,-0.07369856423175819,0.029070119134323273,-0.016765976866103212,7.0,0
0.041415189322051495,0.06536806709945488,0.021974575064735696,0.02754427366209314,0.01748903384154828,0.0,-0.0030327466457669007,-0.013605436975658252,-0.0202446087005684,0.07533819102345995,0.5073561175590602,0.12142071546119125,0.1344037535475308,0.8655962464524692,-0.008150310540921198,153.0,-0.0011777488762506213,-0.08426317646094499,0.03201470347379351,-0.016765976866103212,25.0,1
0.0423886079238977,0.06519046747054548,0.021900902878102882,0.030255452582814837,0.011313492160860054,0.0,0.008456008678101413,0.011024497189717328,-0.010571814969005982,0.06929833870455393,0.6772488889310111,0.12277163422010275,0.13581793573138803,0.864182064268612,-0.0036900560341042127,85.0,-0.0020830357969696687,-0.08372128645760811,0.02382941140609334,-0.016765976866103212,24.0,0
0.04323586207354416,0.06535785922682691,0.022355881710601103,0.03150355767402717,0.01036161701304796,0.0,0.00854783613652372,0.024096388830935744,-1.0775905239088424e-05,0.06226388566757075,0.4959553154611736,0.12342079506208214,0.13639616876345512,0.8636038312365448,0.0022210683282464215,113.0,0.0013130644406665122,-0.0960664107902988,0.015485265173498715,-0.016765976866103212,17.0,0
0.04062775304962011,0.06431177295661598,0.02490287942120219,0.03247065937696651,0.009926010586012517,0.0,0.00160411111125894,0.025514930993636015,-0.012887131276445859,0.07035382123157187,0.43495071228979953,0.12257696140062316,0.13541133201021094,0.8645886679897891,0.008342709762735361,162.0,-0.002068312245030932,-0.03476094589744769,0.013905994148165375,-0.016765976866103212,12.0,0
0.04146847825474326,0.06440845027289366,0.024775172460291223,0.03152375566102663,0.010468447824160315,0.0,0.007991831721445575,0.02779963996320178,-0.0042977544423711475,0.07385316960064865,0.575882961285561,0.12356470338575802,0.1364837077316652,0.8635162922683347,-0.001127773434126486,35.0,0.0015477977992914037,-0.022955399429185983,0.006025296791871347,-0.016765976866103212,12.0,0
0.041496467246894236,0.06854946565221337,0.024632588012173096,0.09251148817822415,0.010670850208540595,0.0,0.002328846814880062,0.026118917198715726,-8.946967816655578e-05,0.0551417280056138,0.31508377965447565,0.12385762411017481,0.13649493359925308,0.8635050664007469,-4.718179367041927e-05,44.0,0.012813867995643626,-0.04676814573215072,0.003710481970233741,-0.016765976866103212,7.0,0
0.038075948036562945,0.06836267593713727,0.025136197030391966,0.1222855191576241,0.011695661415865054,0.0,-0.004474449406327104,0.02463505855580521,0.012529496539120463,0.05685117281465199,0.2897794833889163,0.12299258242299149,0.135537928267671,0.8644620717323289,0.003145297587899399,77.0,0.0024295412728779736,-0.09575378409274336,0.008168329012711945,-0.014770946487580896,5.0,0
0.03756064057125403,0.06165697137439207,0.02419703775800699,0.13596157942883932,0.010929859582542325,0.0,0.005814489534292203,0.021951160498475897,0.025777103447997104,0.08460144781910445,0.4288803719153307,0.12379734506080506,0.13633483506137817,0.8636651649386219,-0.0014208494222043419,109.0,0.01937981723661788,-0.21987413688519333,0.0024013341419768107,-0.014517380547906964,5.0,0
0.03742439058203721,0.06083121045477125,0.025401051612853543,0.1504191585262339,0.009631758514125718,0.0,0.0010036556895351072,0.014306719960737957,0.028911670390903102,0.07515631028509055,0.40270325247786787,0.1231640658830769,0.13568226290987412,0.8643177370901259,0.005973127841074235,142.0,0.026941995506561702,-0.20950033477473903,0.0014000885651157735,-0.014517380547906964,5.0,0
0.03681823798114977,0.05904958550478417,0.028355767877167433,0.16671841816091096,0.009845814001888506,0.0,0.00011094595698740012,0.01279461809016107,0.034701020991460364,0.08730641880589345,0.6158019938334318,0.12465850430955362,0.13731900503959674,0.8626809949604033,-0.011861716778032466,83.0,0.01608075107226565,-0.2646421317691882,0.0012892979422940971,-0.014365817977610981,10.0,0
0.037029686133693736,0.05926651723798238,0.028014203121636647,0.17534197159807074,0.012690439913696616,0.0,0.012200441074080491,0.01702328023587821,0.03547218148310515,0.08457802479341019,0.5601002385040081,0.1258652527049256,0.1384581580331839,0.8615418419668162,0.0010097879637437485,162.0,0.02134365788535481,-0.2757632834566766,0.0,-0.014365817977610981,10.0,0
0.04241266344662843,0.05619786662940273,0.028093227169813204,0.17533451716853676,0.02425055821999161,0.0,-0.019714366600974982,-0.005343093121899524,0.01632477737025726,0.05321452366814011,0.2346929342108841,0.12431457667254334,0.1369267121232933,0.8630732878767066,-0.004938692082808703,156.0,-0.010976089546443291,-0.15650176943350813,0.019714366600974982,-0.018280412260575314,12.0,0
0.04273378189018042,0.05543644444610576,0.027985321212712022,0.17594431517450732,0.026048781711917317,0.0,-0.011409752163107243,-0.012272344494913896,-0.005885099736459435,0.04260818189148425,0.6342749412637192,0.1230638705456171,0.13570707089748313,0.8642929291025168,4.1975914085933814e-05,62.0,-0.020187352859621276,-0.193705609387834,0.03089918272711246,-0.018280412260575314,22.0,0
0.04368567595227869,0.055085818934498404,0.028093319455215572,0.17663906114652222,0.025201662407111955,0.0,-0.009546529230408692,-0.02735713717636826,-0.015969799515293495,0.05556074965774164,0.2790871694174593,0.12132166782419553,0.13398993915580507,0.8660100608441949,0.005778550536794821,92.0,-0.020465890704314572,-0.20487457789612248,0.04015073200642103,-0.018280412260575314,20.0,0
0.043725301005944475,0.04656949556478855,0.026729943508823385,0.17593663367171783,0.02458797010026682,0.0,-0.002861907679163441,-0.031113180023951265,-0.01918229819508415,0.02849456118460781,0.5627937480771859,0.12107745553213838,0.13381880222194284,0.8661811977780572,-0.0005658246834877893,29.0,-0.021447723377201612,-0.2614870431894604,0.04289773199733127,-0.018280412260575314,20.0,0
0.04374094474984408,0.04641193434531065,0.026561180941192787,0.17523451338406784,0.024207626429332246,0.0,-0.0019769103344724087,-0.03313585205946609,-0.02050927687300722,0.0278497852998932,0.40481581205689965,0.12120205605211659,0.13414049858635363,0.8658595014136464,-0.0029207159961808617,163.0,-0.024293072986608596,-0.2698044045951603,0.04478983736209272,-0.018280412260575314,20.0,0
0.045099994901719676,0.045413354928515955,0.025537557468522022,0.17716400802003077,0.014680188327100963,0.0,-0.012133056009256684,-0.05637945576598964,-0.032520237213694535,0.033229765654345926,0.32961555559019795,0.11995503832979672,0.13285333703714802,0.8671466629628519,-0.0003292361558955112,4.0,-0.03684913685655348,-0.22689374063404716,0.05637945576598964,-0.018280412260575314,15.0,0
0.04259665380304219,0.0452567116617471,0.025596332755648772,0.17817433793523327,0.009644083295349387,0.0,-0.007912313198398996,-0.04501882813320209,-0.05364588895213494,0.04696451663187563,0.555272675545165,0.11947058253183092,0.13251965231590876,0.8674803476840912,-0.003041442579074843,87.0,-0.05336857462588425,-0.20089846896664873,0.06384567705241284,-0.018280412260575314,37.0,1
0.03951137537701918,0.047917985386649146,0.025185384682088134,0.17983591207545466,0.008715279769946087,0.0,-0.0069047944761315705,-0.04066702537110548,-0.042306659382430147,0.014514826885936518,0.5521055319231942,0.11881564932899498,0.13164368261295356,0.8683563173870466,-0.00036673618892803776,74.0,-0.05722200298834076,-0.05043448730654573,0.07030963025030804,-0.015514608968050419,30.0,1
0.042307810723179184,0.0469984039202821,0.025249121736171783,0.17956690086032023,0.025744350172470454,0.0,0.020369466420679924,-0.011691003837611107,-0.006797114141012921,4.4058274027108687e-05,0.6709658274717355,0.12128618282897613,0.13407036891650725,0.8659296310834927,-0.0027781783757718304,35.0,-0.040875137500778674,-0.015209467170870858,0.05137233348206218,-0.012024560432334267,32.0,1
0.044586488531075844,0.0499217915777593,0.02537470236031752,0.18093346066533497,0.029869943678159937,0.0,0.014921390184593764,0.0059348329402016346,0.012402088827010183,0.012614271486969674,0.5467836088318975,0.1234144325366775,0.13646036726161068,0.8635396327383893,-0.00460575720779508,99.0,-0.018772307175521554,0.11256491243452785,0.03721748993004734,-0.012024560432334267,25.0,1
0.04474223609205374,0.04886680056158291,0.026242845549667243,0.18079364227318748,0.03002253273824989,0.0,-0.003256605636434538,0.004644992962426119,0.00888450837935122,0.01665571903384028,0.41740461459514544,0.12403707344525651,0.13705187460309193,0.862948125396908,-0.007714218587946932,133.0,-0.0256546687769899,0.13205400403701947,0.040352892879001734,-0.012024560432334267,20.0,0
0.04450814193927737,0.049472854694533136,0.02557875183335319,0.18120388670039797,0.02706144999598708,0.0,-0.0028645345033131192,0.01407093213343863,0.00024197845767260216,0.026733019822190278,0.2874544338914759,0.12346413961056664,0.13657173386200297,0.8634282661379971,0.002003185557128419,12.0,-0.028567521608086562,0.12480016197518388,0.04310183512835446,-0.012024560432334267,15.0,0
0.04521808623819312,0.04916590731001319,0.025579075330118727,0.18244269852511172,0.027589108986537113,0.0,-0.009240255364404256,0.01271356466681715,-0.012919816226185144,0.008264038769803294,0.29662838263880403,0.12278566717942828,0.1358443188073512,0.8641556811926489,-0.002528820749604097,12.0,-0.03173021408792175,0.13837532485198997,0.05194381852949827,-0.012024560432334267,15.0,0
0.047463540203958786,0.042998851563378626,0.025311028567873792,0.1805245701876448,0.031212595169773198,0.0,-0.015360623016156998,0.004090693248901778,-0.02512543524956333,-0.013442579015981958,0.5214429325799819,0.12202586300441044,0.13522997075304935,0.8647700292469507,-0.007372443669789482,94.0,-0.044861389345072854,0.16401795535122898,0.06650655213120397,-0.01487648796512195,37.0,1
0.04647088508964894,0.0463238267057749,0.026038567815900165,0.18233271707995966,0.022744010615391892,0.0,-0.000853957896049198,-0.016794136743173187,-0.03412538123998209,-0.03381854380712265,0.6451034602222008,0.12282876174105277,0.13588528035190897,0.864114719648091,-0.007031557784185341,31.0,-0.044336428992772195,0.1383708099694552,0.06730371623192172,-0.01487648796512195,32.0,1
0.045748111315965956,0.05169263855572491,0.025725802309561854,0.1854789016538766,0.011994625537653068,0.0,-0.008015133468178172,-0.039013911354517844,-0.0499875460072561,-0.010280359465739729,0.5109071359749489,0.12200936887377185,0.13537248079191758,0.8646275192080823,-0.0006575545949316971,54.0,-0.04999778325143628,0.0708305478392189,0.07477940143159664,-0.01487648796512195,34.0,1
0.045621054666186274,0.05497789960841441,0.023374454995272322,0.1852021563754151,0.012945679040422726,0.0,-0.0005926260177119127,-0.03644549969660847,-0.0520711313355503,0.010973778195657553,0.45871251729358264,0.12257435619296393,0.13626202496669787,0.8637379750333021,-0.005374788069235766,31.0,-0.06428721510676187,0.08218781763265003,0.07532771123043128,-0.01487648796512195,32.0,1
0.04554220462807326,0.05530580207396738,0.023448581033914607,0.18547624014255373,0.013612492600945554,0.0,-0.012881934411155978,-0.0461255392664906,-0.0717010974643942,-0.004143065473389473,0.5577835151860515,0.12121666709441875,0.134812507779237,0.865187492220763,-0.00013027708756669675,79.0,-0.07569069819661486,0.09076936546771953,0.08723927900617434,-0.014988819725406844,37.0,1
0.04529329194069253,0.05223309226908254,0.024444949470875145,0.1730576688799104,0.013587371407376415,0.0,-0.006102797219744358,-0.04310488646744884,-0.07950999763601455,0.0056885245862236524,0.6019254288230125,0.12005531992858835,0.13343845017997058,0.8665615498200294,0.0044240913630096655,44.0,-0.07959235358028158,0.16308559915676363,0.09280967259654732,-0.014988819725406844,32.0,1
0.04551040271788899,0.05548769569795235,0.030451081967011025,0.15813974916161186,0.012146911605297551,0.0,0.0013143982166243815,-0.026899718658116075,-0.07415747166723582,-0.009025603997498582,0.29239848512308136,0.11845736624809139,0.13139012266647598,0.868609877333524,0.014957983264581755,15.0,-0.06255713091271992,0.11537219607596805,0.09161726324806933,-0.014988819725406844,27.0,1
0.045049510598455876,0.055575883711241586,0.030530303766254884,0.14886659821384426,0.013766292308930818,0.0,0.00309486809096682,-0.02305383075283661,-0.07666085695288848,-0.004603934787229299,0.2376613983417375,0.11868896665808439,0.13164715506508964,0.8683528449349103,0.0007305086827819911,84.0,-0.05285984834497808,0.12883083219383454,0.08880593850171066,-0.014988819725406844,32.0,1
0.045354084134655005,0.055455187358766,0.0308245661095771,0.13302619426771406,0.01430266121729229,0.0,0.0035148067669949143,-0.011698686814217115,-0.074344537656006,-0.0063024218647872166,0.3483762242636247,0.11823665553883056,0.13113739977300812,0.8688626002269919,0.006903182350320112,10.0,-0.04758229203317743,0.12841025968709965,0.0856032674483109,-0.014988819725406844,27.0,1
0.04579281557537828,0.05596211837609553,0.029499963157076193,0.1054837711792878,0.01616661207805397,0.0,-0.01062490013278831,-0.021619475814064395,-0.08428112980716589,0.001808525574712177,0.48947937621145077,0.1181447510106117,0.13127176541230187,0.8687282345876982,-0.008694570021691737,46.0,-0.05250475007032798,0.1055960505384467,0.09531864141342053,-0.014988819725406844,32.0,1
0.04427896341935519,0.05614447426668435,0.029614484858626503,0.07896330233666118,0.014958999975402388,0.0,0.007103591417931009,-0.0018108531999807477,-0.08889215467860274,0.010554492224446132,0.3757758313089211,0.11937240676367458,0.13261929850640886,0.8673807014935911,-0.0041632742145766575,35.0,-0.05657317183868124,0.1532842053078811,0.08889215467860274,-0.014988819725406844,27.0,1
0.04132347772884591,0.057046910469098044,0.029300350564627587,0.0629578024989958,0.015081872922251556,0.0,-0.006413049200949061,-0.0021224449416069767,-0.07652949809834395,0.004879219920872514,0.5791744656019396,0.11872031118697937,0.13182668151923713,0.8681733184807628,-3.7016991356821794e-05,118.0,-0.06145404774679967,0.13254738442714134,0.07652949809834395,-0.012769602650871084,37.0,1
0.04126865439355303,0.05855341384772339,0.029388882941332076,0.03534226886067799,0.01592675326422474,0.0,0.005281159653877642,0.0018307012545888885,-0.06093803869789637,0.01757265736451101,0.2868801996296296,0.11910129997208174,0.13236040258202272,0.8676395974179772,0.0012575304425439956,93.0,-0.06646451199887446,0.17616136856652218,0.06093803869789637,-0.012769602650871084,32.0,1
0.040712449958497106,0.06124251239077592,0.029510122990874126,0.03479907016140136,0.015636827264896153,0.0,1.313565542840516e-05,-0.0012471473768672545,-0.05187439469843647,0.030920032240805386,0.5223282598274801,0.12010767992438268,0.1337443667202558,0.8662556332797442,-0.008617252762029317,68.0,-0.06701577053041874,0.20486669114200362,0.05476298260907037,-0.012769602650871084,22.0,0
0.0416332723543749,0.06129396280723186,0.030206828332319448,0.0341357594537184,0.017716816351757605,0.0,-0.011076357258452666,-0.015769072310349064,-0.05968507813291991,0.02246815023533928,0.559946532959733,0.11844024330631465,0.13199300490546173,0.8680069950945382,0.004230245842661283,132.0,-0.07772247936146148,0.2162997600709742,0.06523276550760655,-0.012769602650871084,37.0,1
0.04162956576272425,0.06058897479381291,0.030351908385670368,0.03356887628363219,0.015451770836371833,0.0,-0.0024786664675598732,-0.007665194298278063,-0.06015782148321512,0.0031402037941457577,0.6306228576172346,0.11797461550235941,0.131416720689339,0.868583279310661,0.0018442479564410627,146.0,-0.07943330493934614,0.21605595967529698,0.06754974170671652,-0.012769602650871084,37.0,1
0.04078223259013199,0.06041515224749212,0.03042423213723061,0.03428731588010145,0.013601872503876442,0.0,0.0030879403575102427,-0.011621957384782538,-0.04567678790722744,0.005884864918716663,0.6225857075202652,0.11819662934889452,0.13159252681048347,0.8684074731895164,0.0008694040498533269,78.0,-0.07671160514301932,0.19478127843125756,0.06467039092276183,-0.012611097838250481,37.0,1
0.04085976777671063,0.06008349011014108,0.030461826006104583,0.034584435362285934,0.013872562935892133,0.0,0.0051178932764181125,-0.00015146620519998965,-0.033142584869823674,-0.00614769130766418,0.27740302457612037,0.11856572495907743,0.13187753623952117,0.8681224637604789,0.0014411756456813977,134.0,-0.08501051039444535,0.2030900836154658,0.05988347380523066,-0.012611097838250481,20.0,0
0.04046658981453101,0.058086623436672036,0.03058533679013088,0.034351887759400124,0.01260410217560403,0.0,-0.001050609085578442,-0.00644901752174176,-0.02744306832506577,0.02380294492648998,0.6194907652556396,0.11884477747207117,0.13235205661158478,0.8676479433884152,-0.0034193424487452733,27.0,-0.06858870316345861,0.16780877616920375,0.06087116876915333,-0.012611097838250481,32.0,1
0.03693022351926768,0.05875739050615121,0.031029582558790115,0.03442502858873512,0.01788929488484298,0.0,0.012686724514638316,0.006142673740734071,-0.034765811841882974,0.03970653310682182,0.4409537864866947,0.11967031200491933,0.13325739586484878,0.8667426041351511,0.004031575186985395,83.0,-0.04132661879160164,0.2998409905853579,0.048956700003573314,-0.012611097838250481,13.0,0
0.034501451771358306,0.056824129019274396,0.03069960155561784,0.035488519926914125,0.01278849887384681,0.0,0.008361050965364995,0.02591852400424441,-0.04100497850203429,0.02976833796011475,0.2640197583823807,0.12052688153989835,0.13420783458899282,0.8657921654110071,8.387834469984802e-05,163.0,-0.029111437060755974,0.22782291630910367,0.04100497850203429,-0.012611097838250481,13.0,0
0.03446727167008299,0.0557319655606356,0.029625237180545202,0.03539458217540378,0.012537048259148196,0.0,-0.0019935822550774455,0.026417417474046627,-0.039789787970944415,0.0373676029187715,0.6259899885014791,0.12063622386166292,0.13431131159572413,0.8656886884042759,-0.002612065491799358,91.0,-0.03125879229623366,0.2234356013181261,0.039789787970944415,-0.012611097838250481,18.0,0
0.03529393059709906,0.05522976993684348,0.02960315446309066,0.035302733893019925,0.012545802107865133,0.0,0.00624413277284982,0.02964701553585705,-0.031018426767589848,0.029301311878963638,0.27851071702174984,0.12107990265319622,0.13473457319724386,0.8652654268027561,0.0017882651222589667,50.0,-0.0307839541009859,0.22404232508770847,0.031018426767589848,-0.012611097838250481,10.0,0
0.03814685522117278,0.05563083950984417,0.030222532557931066,0.03451335662644718,0.016163235963372328,0.0,0.016016264799181505,0.04081135335899067,-0.006317077348625823,0.05058950431069631,0.44904417292498544,0.12350999180955662,0.1373979367577871,0.8626020632422129,-0.006072682652448322,41.0,-0.019155278096380124,0.25880366883873,0.006317077348625823,-0.012611097838250481,0.0,0
0.0381583867756062,0.05594423749181497,0.029273865467053125,0.03415914411340861,0.015555164580944332,0.0,0.01623771143206823,0.0588241580505322,0.025571476023684887,0.05728011070403336,0.6759898548699433,0.12561740632562227,0.13963040635592724,0.8603695936440727,-0.0029227768355407345,17.0,-0.0001964536909472989,0.2978812597288871,0.0,-0.011008638689603013,12.0,0
0.03961121672944219,0.051723915402294124,0.02837465762015682,0.029250342259962005,0.02294757617698634,0.0,-0.009877471193485303,0.03523195036735932,0.01630930867136895,0.08050509266649399,0.2432438505357835,0.12489852597730798,0.13901367755188318,0.8609863224481168,-0.0029831322546577466,124.0,-0.018372633944784153,0.290895621108935,0.009877471193485303,-0.011008638689603013,5.0,0
0.03948783264751091,0.04807421636087136,0.028370664450641004,0.026244427253647534,0.02558615524140771,0.0,-0.007437316437945247,0.01901258659493736,0.0169012943420654,0.06216282311069072,0.4938426694617499,0.12404763855803858,0.13823871118639544,0.8617612888136046,0.00023315266329359627,59.0,-0.03393110589369687,0.3943411590264359,0.01724132575255791,-0.011008638689603013,7.0,0
0.04104190266505463,0.04676020872339004,0.027850785248263243,0.025886638830338243,0.026009169371486136,0.0,0.012299333401343968,0.03360634139858212,0.03001891840722028,0.05762476725591685,0.386615399383344,0.12568392221256633,0.1400949847435417,0.8599050152564583,-0.0026072149519510324,12.0,-0.023615331971263556,0.4752022173710268,0.005154049164925831,-0.011008638689603013,7.0,0
0.039735602230604336,0.04591385067033835,0.027850550568418453,0.026386882452171495,0.028951120364267485,0.0,-0.008504459334998212,0.018456699445028438,0.03458664166189389,0.0624005285480717,0.6873380833987878,0.12473847492774347,0.13910545765616486,0.8608945423438352,0.00013784556500091014,53.0,-0.03959435596726585,0.4492774673268256,0.01361467609839035,-0.010512785791892859,14.0,0
0.04083165530072015,0.045844837328153115,0.02858748055479845,0.026031616954221543,0.027256517509169787,0.0,-0.010641477693491597,-0.008265073989484012,0.02986215086367524,0.06263290921277576,0.48853174819532114,0.12452394891589616,0.13884692755502723,0.8611530724449727,-0.007439864108533046,79.0,-0.052022186316916436,0.47228365854618387,0.024111273519876814,-0.010638991059386104,17.0,0
0.0411382722262399,0.04064997707276826,0.02301562122375565,0.022529308013684444,0.019332565924431323,0.0,-0.003862280587538607,-0.027880429603758767,0.024537883503612443,0.07946179961253858,0.4224387108474037,0.12496051967380074,0.13933463432449467,0.8606653656755054,-0.006803249690646681,3.0,-0.05143925556431646,0.5509036737996091,0.027880429603758767,-0.010638991059386104,7.0,0
0.04116258731147447,0.04543989036859547,0.023108331279148714,0.02349605758343425,0.019596295521001342,0.0,0.003537378522985016,-0.014709496144619543,0.024989853417795152,0.1019184080843084,0.22306635697419946,0.12513113774234869,0.13981800625297233,0.8601819937470278,0.0013816218428677589,105.0,-0.05358674711322856,0.5201054269851549,0.024441674713665682,-0.010638991059386104,12.0,0
0.041119829026057715,0.04728074577568617,0.02098649385634526,0.024032385171031692,0.01882528167613448,0.0,-0.0007357947786258037,-0.00805707432616843,0.020648289720076003,0.0885733793450881,0.23025859850228558,0.12519284476612705,0.13976164317481193,0.8602383568251881,-0.0010003572224753351,39.0,-0.055231335488556306,0.5131520563893871,0.0251594854356563,-0.010638991059386104,7.0,0
0.03992641919804069,0.048591461625045566,0.019627238116766466,0.024255954653725927,0.011532231021516777,0.0,-0.005198271697127322,-0.025202818693444054,0.0262464486312383,0.09728998874367059,0.5424559346966287,0.12515928113718544,0.1400283694217198,0.8599716305782802,-0.004506277299932825,129.0,-0.0602467615199941,0.49896087842710696,0.030226971291729163,-0.010526876718490653,18.0,0
0.03992525893780173,0.05125424714926625,0.01949660069854226,0.025561759114707594,0.010699406824495643,0.0,-0.005390341389191069,-0.022141147438933976,0.01351503323166249,0.0767982546214977,0.6015545640242868,0.12452754648185373,0.1392093570587189,0.8607906429412812,0.0005228509290746206,53.0,-0.07657850187145565,0.516226636328879,0.03545437898649653,-0.010526876718490653,15.0,0
0.039806048841417044,0.049089476675267016,0.019595950320839932,0.02536153796982215,0.008146930776210213,0.0,-0.005699901345053598,-0.01725700880872217,0.01424248448520976,0.09033083775705911,0.28778840096565034,0.12380226681429815,0.13849499697555454,0.8615050030244455,0.0008227976555341904,8.0,-0.06337698380246073,0.4950509257536704,0.04095219386907696,-0.010526876718490653,8.0,0
0.04019246411236569,0.04829304932926441,0.020376900288648563,0.024173018602670977,0.009004112604865977,0.0,-0.007056153664405117,-0.020407934950637946,0.0017951933053811642,0.08488282005895821,0.2888630921964168,0.12250581636782572,0.13727505905458362,0.8627249409454164,0.004203956563074357,58.0,-0.059252240951628725,0.452985537284111,0.04771938256064736,-0.010526876718490653,17.0,0
0.044202996006068286,0.04578281917018818,0.01854764167250075,0.029208699309058776,0.022178137071504223,0.0,0.01890595083576312,-0.0054060707341872,0.020721676129290573,0.05933539050928912,0.4402218507711413,0.12436742570451706,0.13902192136905772,0.8609780786309423,0.0013966020329250768,80.0,-0.032227642975489884,0.3740632914952899,0.02971561202548881,-0.010526876718490653,12.0,0
0.042491676979843136,0.04644554726098542,0.01801609373411586,0.029049404259731508,0.022396387282055633,0.0,0.0025323687668890107,-0.0021531816531690693,0.03476797964374842,0.05510621609975585,0.3560211005135724,0.12519611895375335,0.13980350727094984,0.8601964927290502,-0.004307534983644838,9.0,-0.026992228070732375,0.3416041255184047,0.02725849414638214,-0.009671519414712238,7.0,0
0.04267127303208103,0.04561203249356031,0.017710806578707373,0.03232437061500725,0.022594759240031476,0.0,0.007367363821956667,0.010450917300915628,0.04498165280311334,0.06811389703126983,0.36248461861940773,0.12603280790717972,0.14071095485421417,0.8592890451457857,-0.0003229665877314891,47.0,-0.01788216691945144,0.3354198929315682,0.020091953568040548,-0.009671519414712238,7.0,0
0.04301737896143609,0.047705110263983115,0.018758335568836444,0.03216682055430207,0.022154975638094432,0.0,-0.0038857317357729763,0.011979491039682258,0.037716727070331864,0.057449931052337304,0.4315694957350066,0.12505562871534637,0.13949841426401308,0.860501585735987,0.00457310051966571,82.0,-0.00968283977984191,0.3617599674220341,0.023899613362200513,-0.009671519414712238,12.0,0
0.042955923442642395,0.04847322827769215,0.018934147930062494,0.03223261634328781,0.020974791089084985,0.0,-0.0014173245567266637,0.0163382152160674,0.03096955352395702,0.07675481088428945,0.342722277445361,0.12459049325061435,0.13919994360881996,0.8608000563911801,0.00228831339432521,93.0,-0.0031994424019149478,0.35368788052702255,0.025283064410012657,-0.009671519414712238,12.0,0
0.04345124583347001,0.048663037464510235,0.018979274648285086,0.033835220277929734,0.020373291438560974,0.0,-0.005709780746617802,0.017716309509444722,0.026161037526188393,0.057609540142755204,0.48376339423211306,0.12443316215597927,0.1390090074415201,0.8609909925584799,-0.0036435356002483443,119.0,-0.0019999699391631746,0.38847862847667725,0.03084848440224667,-0.009671519414712238,25.0,1
0.04700345060645959,0.0479377775915936,0.01948690639072851,0.03398525406524834,0.021933711228952567,0.0,-0.021320542051893713,-0.022463216238298212,-0.008298713054691008,0.05220975365407262,0.6808697702099318,0.12144795883305161,0.13607820046778604,0.8639217995322139,0.005312085765871053,152.0,-0.04277601339998482,0.2730225012757678,0.051511320045205096,-0.010526876718490653,37.0,1
0.04727486249551649,0.048298475465219384,0.019762669937611697,0.034827488746745495,0.021560675026185624,0.0,-0.011089452261328422,-0.03574541193765464,-0.02742786234420307,0.03672068135718703,0.21851374471844998,0.12076834064436973,0.1353808724762051,0.8646191275237949,-0.004082470297202925,22.0,-0.06730816194045655,0.2836658455243917,0.062029539981974205,-0.011022256076152898,27.0,1
0.04907989972983515,0.04811872167262083,0.01969105374791619,0.03542119082141332,0.016705389126590173,0.0,-0.014576360703007224,-0.05675000054383503,-0.039689967592388097,0.03910593854763361,0.2423485441428077,0.1194020512249747,0.13404783220804473,0.8659521677919553,-0.0015272917200101616,87.0,-0.07790050016825774,0.2876776215744889,0.07570173573596256,-0.014053324436755403,32.0,1
0.05092369883280515,0.0482018184901593,0.02153747533541859,0.035417402645486276,0.016826894816355714,0.0,-0.018103533673378257,-0.07021325681591233,-0.06292618591407556,0.03667583093024279,0.4532222901292868,0.11862259796681908,0.1334220544430787,0.8665779455569214,-0.009478106180407788,35.0,-0.09199274139212592,0.29735106698375763,0.09243480048731165,-0.017574457727822602,32.0,1
0.04760140208590198,0.0480861542942315,0.020897507278074403,0.03536963232635775,0.012847461514470731,0.0,-0.009613556604578766,-0.07784482112156241,-0.08656462097585062,0.036169510885627934,0.6570626114472755,0.117615958682038,0.13261816475439972,0.8673818352456003,-0.00018261387327731955,28.0,-0.09233486291811752,0.1914698979716936,0.10115972990517269,-0.017574457727822602,39.0,1
0.045634204310004076,0.048014730887343614,0.020952882034968298,0.03492697071628765,0.025570808889843224,0.0,0.010978039076754124,-0.0623676906255306,-0.09129222629631145,0.035618356784828845,0.5147357669587269,0.1186261906197797,0.1337074420962373,0.8662925579037627,0.0009612878399123459,150.0,-0.0680552272485115,0.1803914793292937,0.09129222629631145,-0.017574457727822602,37.0,1
0.04535249241142259,0.050193697870322795,0.020847527414036112,0.03455034866692041,0.02393260659412767,0.0,-0.0002627852559058836,-0.04219312481185341,-0.08246812665307902,0.018402464803709436,0.5134422915125616,0.11881886353402404,0.1337231747116057,0.8662768252883943,-0.0016477054509050155,165.0,-0.06750381611484468,0.1562952782123702,0.08682446972190733,-0.017574457727822602,37.0,1
0.04722774317774902,0.05296712402575109,0.020797066705202313,0.034507397439398686,0.028193801167965642,0.0,0.010694187375461827,-0.021094634297772696,-0.06570723795957199,-0.0037591833776619873,0.6038908535502288,0.12004685780279592,0.13469082897299686,0.8653091710270032,-0.0006592976740655204,23.0,-0.04991648098666545,0.05296152346670116,0.07705879949442669,-0.017574457727822602,32.0,1
0.045152549067043544,0.05240946326854625,0.02101677988042117,0.03500428761437864,0.025802003900756612,0.0,0.0034616363607052644,-0.0031759530240150075,-0.07386391267596364,-0.031787452748314515,0.2211328332422689,0.12093936580960765,0.13543642338412812,0.8645635766158719,-0.004151599635324764,91.0,-0.04606230903660115,-0.07868913046132912,0.07386391267596364,-0.017574457727822602,32.0,1
0.04576030565987581,0.05301544623985087,0.02126190432467888,0.034631164507157766,0.017400246164884756,0.0,0.006510668914275218,0.021812454489358955,-0.059838582700073036,-0.0374062231581925,0.2675388047280933,0.1214148112487672,0.13573264890642,0.86426735109358,0.0019236747978304738,143.0,-0.02732155665558218,-0.11534588906873977,0.059838582700073036,-0.017574457727822602,20.0,0
0.04527437499832618,0.05380662130511917,0.020066797453899,0.03529285852940617,0.015632286009792065,0.0,-0.007229533447196288,0.024272125227230573,-0.05659630170079789,-0.012773501084867278,0.3674655798453891,0.1210072047630717,0.13557221915952405,0.864427780840476,-0.003198844202079105,9.0,-0.02842423813683795,-0.17981085020292256,0.06046589060867241,-0.017574457727822602,27.0,1
0.04572271878185521,0.053762604915240965,0.019096198122975912,0.0361560992124159,0.013744856758536799,0.0,0.0043876392521203875,0.01759506343799593,-0.048783120113821334,-0.006699621919253979,0.48650894789688626,0.12119894010475771,0.1357571560175738,0.8642428439824261,0.0022333498534804048,76.0,-0.025442271128504574,-0.17332462791441283,0.05634355387160105,-0.017574457727822602,25.0,1
0.046096932518900645,0.049988462237711064,0.019113816527003977,0.03598027608649641,0.013488288599836628,0.0,0.0060682645751981784,0.0240392019170867,-0.04638418452312424,-0.01651731070103148,0.40377831464159053,0.12163622191042849,0.13636002533472596,0.863639974665274,0.0015132467890639754,12.0,-0.022553465077465924,-0.1934651695734828,0.05061719688840268,-0.017574457727822602,15.0,0
0.04615166319109249,0.049996796391266134,0.019111044263109493,0.03548034136902656,0.013096660893723603,0.0,-0.00459770347757799,0.008545399834763294,-0.05006967349991858,-0.016565185538371403,0.42398203191690187,0.12117665132963161,0.13577544593982535,0.8642245540601746,-0.0001263942990520119,114.0,-0.030455236904458505,-0.17873085624139104,0.05498217750382161,-0.017574457727822602,20.0,0
0.0464988790699012,0.0472029330972426,0.018580609094982152,0.03563331633260846,0.013330370585011993,0.0,0.00467954301811939,0.009769476682601667,-0.040637406254495335,-0.03468320882458421,0.4279960022853232,0.12154528803366828,0.13607464810450368,0.8639253518954964,0.001110714195168175,90.0,-0.015457545219022411,-0.16911753758782636,0.05055992595056123,-0.017574457727822602,20.0,0
0.046747065839724634,0.04589921472013613,0.0186153025788325,0.03529225735892013,0.012767541001542817,0.0,0.004734074178819431,0.007987129816638096,-0.030871780618956825,-0.027043564254720882,0.34372491095529567,0.121937966928546,0.1363712553515011,0.8636287446484989,0.0009972083632676847,83.0,-0.017773980528280133,-0.20549529166802064,0.046065206211667376,-0.017574457727822602,20.0,0
0.04663926967848118,0.04888145135093629,0.018598785553159004,0.03507594177816494,0.010995670532162001,0.0,-0.0043774691908469105,0.010882909013004153,-0.02958282739387692,-0.04585240776333239,0.24801592899295705,0.12164433344920922,0.13583892415800647,0.8641610758419936,-0.0011743904156969775,93.0,-0.01576167586885309,-0.16533885036780643,0.0502410263815527,-0.017574457727822602,20.0,0
0.04692544841487761,0.050663058636994926,0.019594700483507817,0.03515438544097534,0.014207461563245741,0.0,-0.009026381267045587,-0.0026178585731755984,-0.0315083569256836,-0.03972346519159212,0.6991504019614674,0.12159563313592121,0.13613079710952578,0.8638692028904743,-0.007744003739616805,21.0,-0.029769727211718985,-0.1884131464285094,0.0588139129892307,-0.017574457727822602,27.0,1
0.04275967109278197,0.05182183009191476,0.021761573800533368,0.03208426048960152,0.0142162821816423,0.0,-0.00952273617151272,-0.018074250807461646,-0.05853042482855334,-0.04822570224891825,0.6863703612076031,0.11967186063091946,0.1339274099895965,0.8660725900104035,0.007765642634269415,156.0,-0.03902159720626984,-0.14189410977755623,0.06777657978413267,-0.017574457727822602,44.0,1
0.042590755276873185,0.05310443257837891,0.02491396679617329,0.034252847020705864,0.014469695246949707,0.0,0.0008066399512615658,-0.012743075674757381,-0.06015104200314721,-0.055459440425654406,0.4896376456163493,0.11847547220189775,0.1323677258528099,0.86763227414719,0.011047998578812066,62.0,-0.027474392563314468,-0.14614506236250865,0.06702461112988485,-0.017574457727822602,34.0,1
0.04175095306889337,0.05288582706578934,0.02493973377674357,0.03364682972610614,0.013656193468601493,0.0,0.0027738644604137566,-0.014615706967698018,-0.06443666385625733,-0.0570016936373601,0.6883498833490711,0.11861878420440466,0.13254325845419287,0.8674567415458072,0.0011794912948317334,165.0,-0.022353478694517086,-0.1701131097641795,0.06443666385625733,-0.017574457727822602,44.0,1
0.04188840318883268,0.05394161025634797,0.024741217290558774,0.034130267346967134,0.011399234976551098,0.0,-0.006350694860011217,-0.02548699876864722,-0.06675178893523262,-0.032981409852107235,0.28874000229123326,0.11838368575719056,0.1325506641969017,0.8674493358030984,-0.003804549720636983,27.0,-0.03155272086962733,-0.19464903019318178,0.06675178893523262,-0.017574457727822602,27.0,1
0.041981521809005926,0.05300832605519166,0.024617030269807674,0.033870416331366685,0.01214164812530966,0.0,0.00031711867445476674,-0.0208919471616478,-0.06513082546120186,-0.03652511702831207,0.5114814163059858,0.1182666232347901,0.1325588772482741,0.8674411227517259,0.001125739846883062,39.0,-0.036178344522425035,-0.19092641368538865,0.06513082546120186,-0.017574457727822602,32.0,1
0.0424968332728905,0.053286079334449905,0.025385531893009274,0.03156421203016634,0.012391747692429884,0.0,0.004769754629989065,-0.007261001292362278,-0.0552775709512307,-0.023642832661044173,0.45020345451347293,0.11954808784589992,0.1340206271805095,0.8659793728194904,-0.006646937360516675,156.0,-0.030562652033054,-0.17030305616186617,0.0552775709512307,-0.017574457727822602,25.0,1
0.03836880254837328,0.05637377861210704,0.024772749663912758,0.03156111441252892,0.00942562079601044,0.0,0.00516077721948877,0.007456041605673561,-0.02971506827141766,-0.011429947780368144,0.6668023138767688,0.11972875149872764,0.13442369415398842,0.8655763058460116,0.002749854691501258,20.0,-0.037767184501123624,-0.050344469220384776,0.02971506827141766,-0.014053324436755403,12.0,0
0.039359588226469906,0.05641250686947152,0.02621136914577321,0.0305332185080228,0.014113080652959735,0.0,0.012852946226139328,0.019582384049053988,-0.006223612411276362,-0.011765539402367632,0.4848767337646811,0.12012073728670085,0.13457385969076643,0.8654261403092336,0.008111289707959836,85.0,-0.033480774370979266,-0.11913091882458837,0.006223612411276362,-0.013831940088242954,10.0,0
0.03786520570694766,0.05962947832311433,0.026291214737082912,0.032323713011316084,0.01557205157990791,0.0,0.010582103400952883,0.027521504878158746,0.019148102430424155,-0.03067476169225929,0.2287978748441497,0.1209705313216161,0.1350833108239415,0.8649166891760586,0.002501549259015448,38.0,-0.021301852726883203,-0.20654078440601736,0.0,-0.00959993353961886,0.0,0
0.03391162381202403,0.0601687573695677,0.023823787605474676,0.03322400054694314,0.01678653647456657,0.0,-0.008042990975793217,0.025771520610477095,0.0295903265867268,-0.02264695478577829,0.5669205683702505,0.11977020003006975,0.1339547031215823,0.8660452968784177,0.0027762874090584305,84.0,-0.03519786571940335,-0.26646821056291536,0.008042990975793217,-0.009448282935842649,10.0,0
0.03421184071184731,0.05864095963521048,0.02645096822672777,0.033445483886523075,0.01812986039136817,0.0,0.013942729547592184,0.039743853307438015,0.0540790749074676,-0.03869588544082619,0.3026640650205855,0.12240280978673472,0.13664142882140218,0.8633585711785978,-0.009447556992733872,99.0,-0.03716688069047258,-0.21051658740811285,0.0,-0.00887887272335773,5.0,0
0.033551583601197636,0.05869175645829362,0.02651799845612007,0.03383486017053308,0.0206896543118014,0.0,-0.004226448326962942,0.030434509863833257,0.038226374455548516,-0.03839258303551893,0.2682033244794797,0.1221203732604598,0.13650010114249617,0.8634998988575039,-0.0015198213088820456,106.0,-0.0565556226680464,-0.2866099980178374,0.004226448326962942,-0.00887887272335773,5.0,0
0.03419211938471825,0.06238068349911892,0.027425426178372354,0.03524290151522361,0.02095542305339208,0.0,0.0086687083015312,0.03403064426052111,0.047501724055277694,-0.0018009006341278696,0.6284157449521636,0.1237705723634117,0.13856527844596106,0.8614347215540389,-0.006167700140049963,49.0,-0.03888378079343158,-0.196947959878678,0.0,-0.00887887272335773,7.0,0
0.0330199228066912,0.0611607835674446,0.029033935949629632,0.0352820119059934,0.019669702843842323,0.0,0.0006553231076199048,0.021577981572729873,0.037097263675992996,0.02927345107569481,0.6088423832941683,0.12277897030760024,0.1376432318206162,0.8623567681793838,0.008465452282533857,82.0,-0.031047533015586458,-0.13631267879124984,0.0,-0.00887887272335773,10.0,0
0.03328363008483171,0.059202831644232234,0.02854993367039066,0.03547337247939656,0.018793000548882298,0.0,-0.003259860662164146,0.007585406737876508,0.030150464797357585,0.048453284519727524,0.5109027145953018,0.12245368188533995,0.13739305748939953,0.8626069425106005,-0.0002779080797130461,37.0,-0.04594047917753778,-0.1299589669330534,0.003259860662164146,-0.00887887272335773,5.0,0
0.036219528387122786,0.058623411066887114,0.028577631539345345,0.03636279098763305,0.02258316937185297,0.0,-0.014552851602360651,0.0009729825021939619,0.00859222788975736,0.05196917385421089,0.32839811619554427,0.12105788434067889,0.13594759440331258,0.8640524055966874,-0.0013136188147864554,96.0,-0.05176050154947479,-0.02619748739704917,0.01776527199606395,-0.009448282935842649,5.0,0
0.035429658407404724,0.0587557705115297,0.028380234367080655,0.03653373734230035,0.016876129524260132,0.0,-0.0012999726625383774,-0.014074744206665503,0.014616287955697856,0.05267341509155225,0.2758875869995314,0.12054241125983352,0.1355956998985938,0.8644043001014061,0.002921011075353251,145.0,-0.04280724158798644,0.004341885418589309,0.019042150290664885,-0.009448282935842649,5.0,0
0.03745667711614315,0.05979516311445532,0.02886471306487161,0.037439417227768855,0.019340676943022307,0.0,-0.012552858070836555,-0.02231880496001257,-0.0024967308014231366,0.06445401644467134,0.2012575544326073,0.11852854722763394,0.1337215939326716,0.8662784060673284,0.0055456117161701134,120.0,-0.051158052596666774,-0.05934696280695928,0.03135597495153918,-0.01209833978593798,13.0,0
0.037825836138250156,0.05924371803430927,0.029010585963195366,0.03723387875825057,0.018936008945229964,0.0,0.008030034350572509,-0.022937858080700382,-0.0005516622277939705,0.06083477697613355,0.5376190005317756,0.11893708893934841,0.13421844136006453,0.8657815586399354,0.0034556372342390194,162.0,-0.046910258348349776,-0.061875579442831466,0.023577730156923226,-0.01209833978593798,10.0,0
0.03943317407667768,0.05799841981444685,0.02937722513014188,0.03901972933511808,0.02415674054178589,0.0,0.012562817637670788,-0.011311115243524078,0.016678611766810878,0.07470928206507918,0.34828093649322067,0.12064112613999614,0.13600500049497988,0.8639949995050201,-0.003282669106914889,164.0,-0.03422615437870382,-0.08240281648816235,0.011311115243524078,-0.01209833978593798,5.0,0
0.03980872877599203,0.059223392868249146,0.029417930111028504,0.03867269641745834,0.024505867691423443,0.0,-0.006386271510542664,-0.014412272238192097,0.005480636222019436,0.06676253190587567,0.21999495512209188,0.11972372405947904,0.13490759903431876,0.8650924009656812,0.002162003215600865,157.0,-0.0353794888731632,-0.030015656298288777,0.01762515090103456,-0.01209833978593798,5.0,0
0.03962141371135429,0.05867676986999289,0.02952993963374383,0.04108242346175676,0.020676797917566225,0.0,0.0025688747067979206,0.0027118965778040295,0.00331382791062111,0.07641683597775197,0.5621936934373428,0.11961935371492295,0.13480983297894591,0.8651901670210541,0.003077514385626849,52.0,-0.027660256476601388,-0.01379910659131536,0.015101552998589804,-0.01209833978593798,7.0,0
0.039809604495365594,0.0556500947839786,0.029522395046250118,0.04180211655085059,0.021460523787223518,0.0,-0.005805877349004434,-0.0018121087393987074,0.001874385137248901,0.11450805069104028,0.33777327415713776,0.1191084285438758,0.13456963655392415,0.8654303634460758,-0.0010939100240998092,138.0,-0.0277638918686129,-0.09330351530221051,0.020819752583104933,-0.01209833978593798,5.0,0
0.03907632964941662,0.0558546907281131,0.027864970255743037,0.0418375169853259,0.017963447862750493,0.0,-0.005018919257256183,0.005803778914619812,0.005925929458027223,0.08916974471061466,0.222202875412218,0.11812809099695376,0.13341728912577028,0.8665827108742297,0.00396393025581972,109.0,-0.025769143768136323,-0.019296710683878213,0.025734179183190462,-0.01209833978593798,5.0,0
0.03818777834745432,0.05336698834322131,0.027265420666851687,0.04069039640163859,0.01739138979671927,0.0,0.006444399133032562,0.004221645605656192,0.02214210726298093,0.11271332530524684,0.35900003065749,0.11916343666544857,0.13461622813619514,0.8653837718638048,-0.0031849468677257204,76.0,-0.03768430451027408,-0.09306111654617279,0.01945562137217536,-0.011876378006580054,5.0,0
0.038204516997171485,0.05336468204713236,0.024729728322840767,0.03888971529151019,0.011664598185503009,0.0,-0.00021464055172034394,-0.008450555927028706,0.021099054825323878,0.15836230459030706,0.21533308638090654,0.11870338398541516,0.13449344826506404,0.865506551734936,0.003291153767030103,74.0,-0.040321117310848094,-0.10543297592272634,0.019666085958590315,-0.011876378006580054,5.0,0
0.040408607071959056,0.05337914596266249,0.025514976277057785,0.03529719346157388,0.017002540840838284,0.0,0.014406960919578223,0.012299477476706823,0.032944740298525184,0.16430514335418628,0.5592311980909043,0.11945554183708713,0.13526151964870362,0.8647384803512964,0.006161395947558387,54.0,-0.03361477271417991,-0.08106446882667127,0.005542453570858571,-0.011876378006580054,14.0,0
0.0399993038028105,0.05299836064328928,0.02500270960842932,0.0357728581198322,0.017797196353469085,0.0,-0.0038300582455374436,0.005838438592019763,0.03556505947920206,0.15885708860939018,0.20241474314447427,0.11871401185730358,0.13461191514416387,0.8653880848558362,0.002721979579937387,101.0,-0.03356076079985525,-0.0628048632158675,0.009351283896396438,-0.011876378006580054,5.0,0
0.04052407592983069,0.052939496025460296,0.025608526892093867,0.03581914398921292,0.01704614376714931,0.0,0.008293751150280923,0.020103206398766487,0.04382276269157796,0.15043837840701046,0.42542671074828564,0.12003245849451581,0.13601971078920294,0.8639802892107971,-0.0038046988919348055,6.0,-0.02416227547771673,-0.06954131271598851,0.0011350899676878575,-0.011876378006580054,7.0,0
0.040419681279620194,0.05308817166606408,0.02410208254019552,0.03607827622253706,0.01485803797779552,0.0,0.0008957781559823445,0.0261672431054937,0.03979821397574903,0.15438980045856965,0.3533461664582308,0.11975321189999773,0.13584827519112022,0.8641517248088798,0.0029629893958026637,167.0,-0.017679305572258403,-0.07188453248272171,0.0002403286005036425,-0.011876378006580054,12.0,0
0.040570890300656165,0.06116108497755805,0.02440039583357466,0.03604724192429221,0.014883733194672535,0.0,0.00661931168667528,0.02634558334277924,0.04130700895499387,0.17737240466866624,0.6800318451359917,0.11978749818379411,0.13641075051914603,0.863589249480854,0.004901880599830533,80.0,0.010364500092390504,-0.014476704443894024,0.0,-0.011876378006580054,24.0,0
0.0392255139293647,0.06141889959067483,0.023341091305281204,0.03637397074656164,0.016163137158153405,0.0,-0.003544729543468756,0.022927027453237634,0.02444867352428265,0.1760795005111079,0.3755651842777412,0.1189273206778761,0.1353548330138405,0.8646451669861596,0.004227784646806726,135.0,0.01807290204502132,0.0822440973012552,0.003544729543468756,-0.011876378006580054,5.0,0
0.03800574182786614,0.05695943436033262,0.02399053247575602,0.034116991691698816,0.011389318674279846,0.0,-0.00030459981421023186,0.008091903414883304,0.01341258983519574,0.1911829611139727,0.6692714215452281,0.11937911123875856,0.13574929243826656,0.8642507075617334,-0.003925681084844056,157.0,0.03281751790964149,0.22216766567106327,0.0038482496337186216,-0.011876378006580054,17.0,0
0.03701171615159408,0.057017034610746864,0.02389583175497002,0.034464435920657475,0.010304112626303303,0.0,-0.0008426891383960368,0.011115024755120743,0.020768630940051453,0.1885338672529813,0.43464588755290356,0.11921909356431819,0.1356588512905725,0.8643411487094275,0.0005212789548734038,10.0,0.05097350809905357,0.22839793812616535,0.0046876958939464876,-0.011627870086792471,0.0,0
0.03520236501711089,0.05889272663972483,0.020560860836920863,0.03450502155318414,0.010020814391468054,0.0,-0.006703806314822532,-0.003924496882591235,-1.6898194651529195e-05,0.17981068000313852,0.5572422022411359,0.11840587866894114,0.13465647902684458,0.8653435209731554,0.001105919432024878,105.0,0.05406126287408171,0.3694402078173065,0.011360076803433214,-0.011675500307434451,10.0,0
0.03531823189878642,0.060977616571411604,0.026313913544376698,0.0344320604644665,0.011511473104601187,0.0,0.005521058268496054,0.0006785080612592229,0.009771815176795522,0.15967038733034353,0.22809051978494393,0.11710131978457333,0.13293696114097062,0.8670630388590294,0.016251637140973673,66.0,0.048371730698402636,0.3194201544816715,0.005901738180903505,-0.011675500307434451,2.0,0
0.034698844164810005,0.060505886246649335,0.02455343726178468,0.03300737529357788,0.010870884010091147,0.0,0.005423917364762678,-0.0005098313563425129,0.006523475650523146,0.11982356384527375,0.6645172278188696,0.11717868735110375,0.1327621248819608,0.8672378751180393,0.004303828461355645,49.0,0.05433507604603331,0.21441007060658465,0.0005098313563425129,-0.011675500307434451,14.0,0
0.03499783698581204,0.05995969429444025,0.023669267508326076,0.033937042881226905,0.01092820121363449,0.0,0.004958607192638427,0.008019403944416862,0.010851995525391777,0.10578518500914644,0.39965843032916415,0.1177258812595798,0.1333169000533692,0.8666830999466308,-0.0003053863409741617,77.0,0.048351838540800926,0.2051651007712482,0.0,-0.011675500307434451,5.0,0
0.03674794062098351,0.06607264115518406,0.02405936294440316,0.03390683284797442,0.014767355039997439,0.0,0.01272961244746911,0.02116214609613751,0.02706784774441641,0.07438010857056311,0.6771051369825942,0.11829191640100352,0.13338835452879666,0.8666116454712034,0.00676003371651728,12.0,0.05803442073233226,0.04225932405733255,0.0,-0.011675500307434451,12.0,0
0.03453590008164644,0.066300073449537,0.02386345598440658,0.032857615797177525,0.015610041417363944,0.0,0.01200534325537229,0.03429313577084594,0.05474773709907309,0.07279807741237751,0.653500516405813,0.11958159896707903,0.13454143735490892,0.865458562645091,-0.0002086693433824994,124.0,0.06381037002243421,-0.07263848823556994,0.0,-0.006656176094180552,17.0,0
0.03474361480011485,0.06724085444652829,0.023918928934203103,0.03287064460525829,0.012757536066879708,0.0,-0.0029570299220662306,0.03819455523558653,0.05299768468404495,0.0435648925477443,0.4548985440240892,0.11918851392938067,0.13393939506223349,0.8660606049377665,0.0008895248827336719,54.0,0.06838860206007008,-0.018225838921331675,0.0029570299220662306,-0.006656176094180552,7.0,0
0.031317031831150276,0.06644534794447116,0.02487496363244173,0.031304306068039314,0.013078029121101136,0.0,0.003150913148814502,0.035747394394809257,0.06974393269362879,0.02471792802275062,0.5467665213264523,0.11844837900518243,0.1329921000409589,0.867007899959041,0.0091237743053113,25.0,0.06707307006723709,0.06486080115682116,0.0,-0.00629921238631193,5.0,0
0.03174489508698085,0.06595833923576382,0.025479007902537532,0.031212832259095432,0.016456642557554357,0.0,-0.004979240583919682,0.02503047832316157,0.05593820026931452,0.020132416662047185,0.42403424992464767,0.11704577030521011,0.13157418601164275,0.8684258139883573,0.007460888971852104,19.0,0.055355679049341196,0.02239503714231645,0.004979240583919682,-0.00629921238631193,0.0,0
0.029999395151499138,0.06608305951853088,0.024493617587250917,0.02864847381642081,0.016776245445143594,0.0,0.00029073761352986787,0.020269378161245535,0.04314041837516504,0.022349127552313643,0.242032225333134,0.1167640691893943,0.13133781006468398,0.8686621899353161,0.002585947247132056,148.0,0.060538552431513085,0.005111875287246275,0.004689950622914374,-0.00629921238631193,5.0,0
0.02960192303574553,0.06502801905721448,0.02531915168688555,0.02893836949889554,0.014468605923546509,0.0,-0.004785446834164241,0.002623919371369039,0.04482103617943121,0.034629073791595445,0.24996133624921352,0.11659335441049909,0.13123598038967063,0.8687640196103293,-0.0027899733712510406,70.0,0.05054732019584408,-0.045260506650654286,0.009452953947717802,-0.005687833635242196,2.0,0
0.03169732038212626,0.06520789932350762,0.03151480942194832,0.02852752054424264,0.015608152607740082,0.0,0.013417029948088102,0.004022519541030367,0.05612637498037382,0.03777591961000123,0.3224115149517124,0.11962825051312408,0.13455590164103806,0.8654440983589619,-0.013905263001051965,65.0,0.05962619603892688,-0.013271694307536767,0.0,-0.005687833635242196,2.0,0
0.030599846362873225,0.0636285553472784,0.03130962748311451,0.027301241544694575,0.01516383083914721,0.0,0.003074298956372824,0.010096069225892616,0.06555973230658382,0.0175858529435227,0.4845645604754662,0.11977170697361116,0.13461903924587615,0.8653809607541239,0.0015574926944850259,86.0,0.0675570016316702,0.04847126442129819,0.0,-0.005012967456255708,10.0,0
0.029928020838428594,0.06303136990552534,0.03192334972069202,0.10926061579808585,0.015339951704283164,0.0,-0.001678789629969522,0.005232928766730808,0.06913679291648409,0.024851967659519494,0.5619219495576794,0.12005351649050863,0.134948302641413,0.865051697358587,-0.00380723788890326,106.0,0.07547242213228864,0.01771671105537958,0.001678789629969522,-0.004950171521456366,10.0,0
0.030531716514937766,0.06334174895642367,0.03176290780471891,0.1434910730151014,0.01565511378536974,0.0,0.00989448472711528,0.0202593071760192,0.07280178767478608,0.0070564689206570564,0.6771719750359797,0.12035119827672304,0.13500157113959732,0.8649984288604028,0.006344361055996401,138.0,0.09655587992939889,-0.03260792722014035,0.0,-0.004950171521456366,17.0,0
0.03642451675457898,0.05793908954451658,0.03215667292934443,0.17152882206888034,0.024844268059165724,0.0,-0.017468623722428137,0.002145419871872659,0.0542877098128532,-0.01612039195066048,0.6178327340716943,0.11770270898469157,0.13231404983801476,0.8676859501619852,0.006734287148963295,119.0,0.07653218400385975,-0.015486889773668846,0.017468623722428137,-0.006445121455187105,10.0,0
0.03846672740787097,0.057170398098652736,0.03298195192446429,0.19979617893268095,0.02906466191173248,0.0,-0.016212222854542845,-0.009360934427606717,0.022464752773704657,-0.02884449681122025,0.5692079941263065,0.11666313937640399,0.13132500228060565,0.8686749977193943,-0.00548519691485668,67.0,0.05614958851823011,-0.0472460029544188,0.03339764135622082,-0.014785960373584796,15.0,0
0.038526496879926896,0.05921910183412939,0.034028599270763196,0.21116164278598684,0.026086913408752105,0.0,0.006619810132706033,-0.016005377225992663,0.03319045492554898,-0.05614380730041869,0.48269089908134466,0.11804972251584245,0.13249175387315631,0.8675082461268437,-0.0056733736245616635,54.0,0.06993593490831997,-0.06754380256248495,0.026998917268173182,-0.014785960373584796,7.0,0
0.03787914355328143,0.05905519697509378,0.033622891633796,0.2110534900245892,0.025639102147432185,0.0,0.0005938990996938109,-0.018438596902581865,0.025300478781265796,-0.05842922455048897,0.30820948077998794,0.11826546690847776,0.13273101482284375,0.8672689851771562,-0.001306875039194911,39.0,0.07023197835045847,-0.08611539259777384,0.026421052801137646,-0.014785960373584796,0.0,0
0.03789314345844535,0.06516699510958994,0.03358436952423521,0.21065644403250897,0.02607666557510193,0.0,0.002147187391032814,-0.014676850348522806,0.02658240095123681,-0.04162830073228675,0.32751494057830566,0.11827960494958789,0.13312034470598846,0.8668796552940116,0.001367567785300942,153.0,0.06743854700803231,-0.06424226022858913,0.024330596361537248,-0.014785960373584796,5.0,0
0.0391456669579238,0.05213156447343185,0.03367385554120998,0.2104856954589229,0.02294774077183052,0.0,-0.010672617953930262,-0.03474354315590954,0.008947540938678127,-0.09534691683005989,0.2664643026534553,0.11655203595133515,0.13105436813093663,0.8689456318690633,0.005547551642842306,122.0,0.050624146047351146,-0.10928191710850269,0.03474354315590954,-0.015381282119450956,13.0,0
0.038942811537664296,0.05218222718984953,0.03452429575556786,0.21096728472019627,0.019334613296869793,0.0,-8.969843157115523e-05,-0.01767017506300939,0.012445886772725054,-0.08708996487966138,0.5065861329887724,0.11723018635511157,0.13183129334744487,0.8681687066525551,-0.005871255673480726,126.0,0.03719884571943424,-0.11946053084145766,0.034830125146152385,-0.015381282119450956,18.0,0
0.04196954915745269,0.054945492948734485,0.036336113406717725,0.21183957336604792,0.019990281927750167,0.0,0.016594774490000696,0.015088203021015972,0.029560801976047244,-0.09999268723386033,0.377645469319998,0.12018192292902005,0.1345884179173592,0.8654115820826407,-0.009971769367696134,97.0,0.043369878723347154,-0.22667348884385455,0.018813348728410593,-0.015381282119450956,12.0,0
0.042260723933609974,0.0590710116960968,0.03640085421311566,0.2109372845028999,0.020039024617118123,0.0,0.006852936354814693,0.015323290464651876,0.037490598684100165,-0.0868891233430801,0.2736241734630322,0.12100006088472011,0.13568508054611608,0.8643149194538838,-0.0010563131049845826,7.0,0.05903785803194327,-0.15049043964208936,0.01208933905505263,-0.015381282119450956,7.0,0
0.04140884514999237,0.06409188740345637,0.03655384451384893,0.21111404265149658,0.019967377524237766,0.0,0.001486752260608778,0.016229287003365157,0.04604557712256051,-0.0548829962814789,0.5159586312925775,0.12137922356897572,0.1364305740719523,0.8635694259280476,-0.0021613304232204556,31.0,0.04602790084078392,-0.1708299982411282,0.010620560646613217,-0.015381282119450956,12.0,0
0.04156170359712928,0.06544060827719575,0.03161900481648002,0.21175543481164422,0.020772977226911637,0.0,-0.0034787950866152157,0.010524248627876683,0.03668301159551217,-0.03330769233705183,0.340996415550865,0.12101777190673814,0.1362781502626371,0.863721849737363,-0.0002815772657280527,41.0,0.04681328638174728,-0.18533303935173798,0.014062408979033896,-0.015381282119450956,7.0,0
0.04160416925940284,0.06736701320011161,0.03241447413798073,0.21176577374918984,0.017055173040456947,0.0,-0.0031168064870711024,0.01824194738350073,0.02787675269217193,-0.004275889661485276,0.562247414030002,0.11974986159594773,0.13517708026051564,0.8648229197394843,0.00754338481787703,8.0,0.034582081660098116,-0.19516738881440687,0.017135385658575298,-0.015381282119450956,12.0,0
0.04507638049318296,0.06738903823130153,0.032536032259957375,0.21159207167047514,0.02529403169131983,0.0,-0.017136302305617038,0.0008828231723019277,0.0052779673655431875,-0.007131576523063458,0.6958177803069909,0.11822523661500163,0.13368910951394342,0.8663108904860565,-0.002381040054867504,29.0,0.016187239369169003,-0.1698786695821878,0.033978050815423655,-0.01699769038795591,27.0,1
0.043308181687072365,0.06346076378686459,0.032205468518028996,0.21104870841946152,0.01845345672602607,0.0,0.0022060549944188487,-0.013283511882683102,-0.005168157953425526,0.008855427463256536,0.20168234286470016,0.1178298419127685,0.1330792847386917,0.8669207152613082,0.005441620060513826,111.0,0.021759798878388466,-0.0826800073029922,0.03184695326970679,-0.01699769038795591,20.0,0
0.04216717305901001,0.0651015874219004,0.03222022042814137,0.2103600350965539,0.01853976891826612,0.0,0.007027921412292869,-0.013112026420255024,-0.01006111407642895,0.0002545014180984795,0.3294164448175555,0.11869532913696534,0.13369902682896534,0.8663009731710347,-0.0008919838661581995,119.0,0.044135799794264026,-0.09034848364400243,0.025042849742214383,-0.01699769038795591,12.0,0
0.043803990864909444,0.06358391155784147,0.03235226427782468,0.2090766736444948,0.020185754086106792,0.0,-0.01268375243302353,-0.02707596616297658,-0.01971853219696607,0.01344652209825827,0.3180764822822156,0.11705369756534553,0.13203048754433766,0.8679695124556623,0.002683115689873263,94.0,0.03223411593527188,-0.09661903863289845,0.03740896486889026,-0.01699769038795591,20.0,0
0.043823745273495675,0.06413435304788626,0.03104324168170015,0.2100009173792426,0.020159023141399227,0.0,-0.0052864237320627595,-0.02884079098028796,-0.02796351794489616,0.02962038250516772,0.44423206612956034,0.11595013024884959,0.1310305080287921,0.868969491971208,0.004638361542113953,13.0,0.03983012903530671,-0.10296983222528995,0.04249762896127821,-0.01699769038795591,15.0,0
0.04440375412908677,0.06410778887828852,0.029722828131031814,0.2102941444311398,0.02042277216297345,0.0,-0.009307077678655431,-0.03487132586457235,-0.03219138505687808,0.029223830528447542,0.38247208566224855,0.11502395190009092,0.1302074265273113,0.8697925734726887,-0.00033403349180073194,52.0,0.021946087068178174,-0.10754679462852001,0.051409177906032354,-0.01699769038795591,17.0,0
0.04480794576499118,0.06405183206516343,0.030647820390999357,0.2107002913621384,0.01670021065904986,0.0,-0.007751857669457761,-0.025656216353009107,-0.039972815703678326,0.020404696350300823,0.37507870298269064,0.11515962074905428,0.13043707408056812,0.869562925919432,-0.007984752438212634,69.0,0.0014431586783966615,-0.10110371574659166,0.05876251894545872,-0.01699769038795591,17.0,0
0.04473914239159631,0.0669953149918231,0.030923682057018956,0.2105600335203447,0.016109047923017025,0.0,0.0005368196905702465,-0.02727904534475576,-0.03483872624572,0.04036985779397387,0.659227389016735,0.11575470362439445,0.13142480090232364,0.8685751990976763,-0.004983443149534293,96.0,0.00842080212420649,-0.08311462647452857,0.0582572441321259,-0.01699769038795591,32.0,1
0.04447936551929212,0.06884093300047754,0.02692072531992565,0.2109550533477497,0.013386506719796768,0.0,-0.01677674861617928,-0.05027274875952768,-0.063594771306494,0.017151594160814597,0.2150564269969658,0.11415638866634092,0.12962957660926167,0.8703704233907383,-0.0008267677355681825,41.0,-0.011037740307259587,-0.02917113754937515,0.07405662560842911,-0.017082369252201374,27.0,1
0.04479009517889561,0.06954836604425228,0.02799337429595921,0.21073619851978653,0.01720903903197394,0.0,0.005128603621477514,-0.03313854277897607,-0.061677005462293905,0.010459566005191264,0.45464879086855114,0.11558215490791574,0.1310116443751966,0.8689883556248034,-0.00768754527609018,156.0,-0.0001608011232897813,-0.04780703158675759,0.0693078290652414,-0.017082369252201374,37.0,1
0.0456239338442225,0.07036860108533455,0.02862929082161267,0.1915066484332203,0.020352749071949835,0.0,0.006274805495766401,-0.02190102958404784,-0.05420141432168813,0.02306998699209422,0.5301859668652715,0.11700725812124978,0.1327101222639731,0.8672898777360268,-0.0068724818293097005,128.0,0.011188066637056848,-0.016578041668397964,0.06346791671619322,-0.017082369252201374,37.0,1
0.0439055027475027,0.07361404014728708,0.02734031187791476,0.17225838645816186,0.01939307072549584,0.0,-0.0019483435556969908,-0.014635841646331095,-0.0652926029653627,0.00874225532319902,0.312199688327788,0.11716558871632436,0.13255786577967418,0.8674421342203259,-0.002708219909185537,126.0,0.002755766491604938,0.0173383610772063,0.0652926029653627,-0.017082369252201374,32.0,1
0.04479566052980581,0.07524148609916098,0.025927384904801013,0.14430738984984126,0.025103661893063393,0.0,-0.019953147872377282,-0.026752482170736933,-0.06765619476216307,-0.008903639457880178,0.6978323574877132,0.11572618620600383,0.13099745236530738,0.8690025476346925,-0.0051952631882771425,165.0,-0.017041384817600064,0.10435183936030798,0.07410948147164513,-0.017082369252201374,44.0,1
0.04303749158475747,0.07515774556537018,0.026297033066441825,0.09052052960782016,0.024610740489413196,0.0,-0.00800352389098719,-0.035059890782376445,-0.05987674292760162,-0.00649094820574189,0.24381712211713819,0.11448030616315796,0.12968484699657104,0.870315153003429,0.003748435089400208,151.0,-0.038757106380660204,0.09509390618335706,0.08151986835712532,-0.017082369252201374,32.0,1
0.043937397411444035,0.07264158269245037,0.026403867820780674,0.025007860122432047,0.02499276076810581,0.0,0.010218457620025663,-0.008566663311144465,-0.056515819406348526,0.02150683070395405,0.5662824700789897,0.11508872691875616,0.13033286069828304,0.869667139301717,0.003591460295267581,86.0,-0.02520115023738643,0.18286674179863305,0.07213441805709703,-0.017082369252201374,37.0,1
0.04793425750511533,0.07292126973265166,0.029638034026175875,0.025377327565997792,0.02992423441485847,0.0,-0.02232915834334089,-0.03565030262327374,-0.07813052452078371,0.028834329330879243,0.6382335650278322,0.11428936162275413,0.12989058863639705,0.870109411363603,-0.0130433186828499,138.0,-0.05480678541732517,0.1319300883654871,0.09285287555763624,-0.019530621037363246,42.0,1
0.04761301680714301,0.06911552884353951,0.029896993503465967,0.02537114572928381,0.027252696266450594,0.0,-0.00273377319624617,-0.0442835508055699,-0.08262049229502233,0.015549049374655037,0.27169721213568815,0.11365110256424388,0.12943707015046044,0.8705629298495395,0.002950807605445705,54.0,-0.058234342396760376,0.09725156976795946,0.09533281005148857,-0.019530621037363246,29.0,1
0.04744954938438918,0.06631751735101966,0.028817813038737313,0.025811195369032078,0.026589433817252643,0.0,-0.009489355205283535,-0.05150468894059676,-0.08152328118216078,0.04192130097656888,0.4865467684918396,0.11312184550893362,0.1290891361448116,0.8709108638551883,-0.0038819820110500905,12.0,-0.07330517313931541,0.045742205521754994,0.1039175183594757,-0.019530621037363246,32.0,1
0.04839054469144818,0.06758076127603715,0.02844385598965288,0.02582157319467864,0.02645270408017693,0.0,0.006691578235063932,-0.025717760772310517,-0.07529427770815193,0.0290418453662092,0.5623586723111709,0.11394195534444784,0.129734768102408,0.870265231897592,-0.0011270931503504656,42.0,-0.06378549499041666,0.0046826342838586785,0.0979213123285079,-0.019530621037363246,32.0,1
0.043979147512388767,0.06379712530024152,0.028365277773524242,0.024368364960034705,0.026191002480101585,0.0,-0.005397662324341636,-0.023158432484948935,-0.09529883869909994,0.04662096853363527,0.4941185519355736,0.11260087729245721,0.12821599426044497,0.871784005739555,0.007152555155901706,27.0,-0.06855514682238406,0.17720324149878144,0.10279042847454385,-0.019530621037363246,32.0,1
0.04324176563624162,0.06163559819489066,0.028427358926803575,0.02578275688702825,0.02308821134966518,0.0,0.003404051436169404,-0.029747695597409463,-0.09839781182459718,0.020982511429224145,0.3671434077054213,0.11287311759333103,0.12838565386691028,0.8716143461330896,0.0006878111622014531,40.0,-0.0645962060150066,0.09216139870862604,0.09973628094404768,-0.019530621037363246,27.0,1
0.04378608725122613,0.05810702387902701,0.028395470504487937,0.02541940278934231,0.01428537725510417,0.0,0.0047281073809045445,-0.0028957396003401223,-0.09547973740921867,0.007796934102422569,0.33540542475468105,0.11348912892844486,0.12916891415233303,0.8708310858476669,-0.0014137670609053379,6.0,-0.05383057989917616,0.07895467618409502,0.09547973740921867,-0.019530621037363246,27.0,1
0.04771020298478365,0.057231795548140306,0.028653480013025045,0.02605867122159774,0.0197721539448545,0.0,0.015207191480416061,0.015042311277121299,-0.07851888058746341,0.0031189497475338757,0.5749415374325773,0.11550574857766469,0.13136146029883028,0.8686385397011698,-0.0043681900927625555,1.0,-0.0447161779990078,0.13044905527516878,0.07851888058746341,-0.019530621037363246,32.0,1
0.04774241778237091,0.0543126337818277,0.026910258690975165,0.02576792400240822,0.01589881072657895,0.0,-0.001555802513895656,0.02317235177978964,-0.07707594755582085,-0.020371395681548166,0.45836090298813237,0.11526861342927906,0.13103089849052302,0.8689691015094769,0.0007638043668312429,88.0,-0.051347821992177356,0.13241814373727387,0.07707594755582085,-0.019530621037363246,37.0,1
0.045958436398096776,0.05757140700088319,0.027317016112537937,0.023390716587068525,0.015590564408130048,0.0,0.0031754204206174076,0.019598630157380195,-0.05800292909497638,-0.03823372991489619,0.4729219882247249,0.1152810382667363,0.13067626000359156,0.8693237399964084,0.0030223477226720068,101.0,-0.0530310992963024,0.0811562660837654,0.06663606054766132,-0.019476687983947583,37.0,1
0.04661196498573165,0.057253005445734625,0.027011123401647172,0.023691403362949188,0.01980904663089904,0.0,-0.01195341072752673,0.012878123037756177,-0.07131174435226108,-0.027900565156944387,0.6626775891733576,0.11355333558215931,0.1289362744512708,0.8710637255487292,0.004431382397672053,77.0,-0.07611135194693981,0.08103857924750385,0.07779294307419751,-0.019476687983947583,44.0,1
0.04730275669924027,0.05776693502013187,0.02704152205466758,0.024233251918721086,0.021052381243689328,0.0,0.009868057360923761,0.019403161659036477,-0.068692550937805,-0.029704862604278636,0.25120845901018524,0.11484615519542932,0.12997103439644142,0.8700289656035586,-0.0023370204842474897,15.0,-0.07806254142304779,0.054686892839323854,0.068692550937805,-0.019476687983947583,27.0,1
0.04637224272009928,0.05891752704719741,0.029752352155485856,0.023425517169773497,0.022553318360682095,0.0,-0.0060909035211744594,0.008426128331728833,-0.062473703311953385,-0.04177101824898438,0.3337723926915104,0.11307532817724517,0.12786257436790197,0.8721374256320981,0.010396490479013431,152.0,-0.080960345778699,0.07173048234270286,0.062473703311953385,-0.019476687983947583,32.0,1
0.04633244956072452,0.05758462744089142,0.029049649187388383,0.021108127470542037,0.01701687929707635,0.0,-0.004468524877783174,-0.011118164336567215,-0.061702826446278045,-0.05052825124292815,0.6448211100470485,0.11265313824198744,0.12747920372227753,0.8725207962777224,-0.0002602920350741775,123.0,-0.0879409162965929,0.08384034235592802,0.061702826446278045,-0.019476687983947583,37.0,1
0.045875962247554886,0.05731031751607324,0.031479086727479316,0.02169934828026426,0.01709431871227735,0.0,-8.164915080240571e-05,-0.009658129326683387,-0.052965312210056806,-0.05285045855511482,0.44634165657890523,0.1115576015556209,0.1262852944213702,0.8737147055786298,0.009715346274216488,130.0,-0.08345167050692319,0.10969812176769655,0.052965312210056806,-0.019476687983947583,20.0,0
0.04669448003906106,0.08961889463238862,0.030317531600521364,0.020803869220393345,0.01867818821371235,0.0,-0.012581085269530142,-0.0252130631925,-0.057574487936764895,0.014589548905039593,0.544469565083619,0.11010572335125775,0.12583120602252532,0.8741687939774747,0.0008384912260467817,67.0,-0.09524588924491327,-0.10276657258410746,0.058080129070419276,-0.019476687983947583,22.0,0
0.04680622564475096,0.12006349390319662,0.03158645066762124,0.025943315563681457,0.01717602242396358,0.0,0.0019698370493254538,-0.011476666348295346,-0.05622470041116634,0.07740372802543974,0.31151354411197507,0.1091503934702471,0.12601857312799697,0.873981426872003,0.009196781296406522,99.0,-0.0891046297110141,-0.02264383395443904,0.05622470041116634,-0.019476687983947583,20.0,0
0.04544706557201309,0.11849454556518879,0.03299956660354012,0.02602600240707889,0.015956468231738876,0.0,0.008031409155354174,-0.013274494880133134,-0.03241187204271253,0.09887378498682554,0.697474257226602,0.10895095985383438,0.12572230597196388,0.874277694028036,0.008934186050241726,94.0,-0.0939454177590349,-0.07678096283206556,0.043351709766796594,-0.01884733848195021,32.0,1
0.04514498763653827,0.11872695417374846,0.0319481631526022,0.02678307820085691,0.015788784119968355,0.0,0.0024949017537495314,-0.004750744492120987,-0.03494720796948933,0.13400166181393267,0.49663215870316146,0.1095602377752281,0.12674629900374146,0.8732537009962585,-0.0037093480604563087,73.0,-0.09446877429495712,-0.046898151050370436,0.04096496626977228,-0.01884733848195021,25.0,1
0.04574173052121404,0.11862059471035662,0.030676675218631048,0.02652538135662282,0.019196892839594297,0.0,-0.012790787855744494,-0.013070648221874941,-0.05323177993244239,0.13108152268323006,0.22741648681608911,0.10833187187263159,0.12570078145729402,0.874299218542706,-0.00035107627374880663,50.0,-0.10454795649493129,-0.06267031892752749,0.05323177993244239,-0.018878793869882362,17.0,0
0.04575946583320274,0.11603663430154566,0.030405712491357203,0.02705253417770202,0.019121942207921176,0.0,-0.0009104839128314394,-0.013888716370865094,-0.05224724920158176,0.1472080951617426,0.40234319251240214,0.10830782748504507,0.12553086655995793,0.8744691334400421,-0.0004324034038259492,141.0,-0.11412849326879322,-0.06624426014256152,0.05224724920158176,-0.018878793869882362,20.0,0
0.04266081081459299,0.11459400948809913,0.029625252681769694,0.027450028221409496,0.016525248975440943,0.0,0.006177644041193164,0.004845170902195888,-0.026977508410248183,0.1587207681034547,0.20034799315135465,0.1084474766177717,0.1254894062777022,0.8745105937222978,0.004311005155964402,100.0,-0.09280850760920961,-0.17255261457875828,0.029048693247870076,-0.012759332467812341,12.0,0
0.04434723537366296,0.1143415543336917,0.03017114138072206,0.02775631954422962,0.02184998970862925,0.0,-0.015118268009724206,-0.012291971568101984,-0.03395616833108873,0.16483491853666574,0.476054379075392,0.107412288883654,0.12461369888649015,0.8753863011135099,-0.004053668355897287,50.0,-0.09179972649672338,-0.16937442813784068,0.043727795327740716,-0.01476914598662725,22.0,0
0.043236145473832054,0.11438636738444495,0.03096131356593964,0.027689342357507807,0.019336530618495575,0.0,-0.00863790481999627,-0.028625207906145728,-0.05198798361370768,0.1677230329608196,0.5471631890063194,0.10715238313019271,0.12463465236198333,0.8753653476380168,-0.0054772243199124,17.0,-0.1055656595268437,-0.18017800696079714,0.05198798361370768,-0.01476914598662725,20.0,0
0.0389431279030814,0.11458993356260917,0.031131579671920012,0.027786386058932945,0.021513888394523457,0.0,0.007283344020390651,-0.023985411630798193,-0.023273812258739802,0.1585786920276277,0.6741968886425688,0.10610428546666156,0.12328489546102928,0.8767151045389707,0.016483815525545138,33.0,-0.09958594162014993,-0.20875353202142635,0.03666598664522123,-0.012759332467812341,20.0,0
0.03902475422948382,0.11450886160592973,0.03122949225269143,0.028313738362742265,0.019681126742018742,0.0,0.002307979278695086,-0.009057859488538504,-0.01833590145615781,0.14010513725182316,0.4036326943595925,0.10585079957511391,0.12292630984723726,0.8770736901527627,0.004489906438647328,156.0,-0.09944147254619937,-0.21010207311406764,0.03444263170393622,-0.012759332467812341,13.0,0
0.03817170594160498,0.11509494226745942,0.030786798762065755,0.02747641365288663,0.020207682310862233,0.0,0.0034697395406616915,-0.00471335588297341,-0.0054925482538718436,0.152576901350522,0.6872998159972972,0.10542894724271079,0.1226756662882051,0.877324333711795,0.006819292567151038,70.0,-0.08656805888032564,-0.20204738901012229,0.03109239912438213,-0.012759332467812341,22.0,0
0.04061738073494737,0.11385654454107916,0.030491303165090973,0.029350823538945518,0.024638621480453,0.0,0.015400089350752402,0.004409264458537811,0.0031105625552501643,0.16632015786455162,0.4137834657349545,0.10669247178363427,0.1238865371417726,0.8761134628582273,0.0017436315737378214,27.0,-0.07241792271376536,-0.18639682174453326,0.01617113549827447,-0.012759332467812341,7.0,0
0.04036612354288545,0.11731951697094396,0.030054821793250707,0.029330424372044122,0.0174240551373095,0.0,0.0039334331382389,0.02383870914733263,0.012521479928117083,0.1437565889169733,0.3463983974331918,0.10683955999275623,0.123576070789932,0.876423929210068,0.002547386863300574,55.0,-0.08397064126692651,-0.2185560626852939,0.012301310440287433,-0.012759332467812341,9.0,0
0.040564234169854066,0.1198559771654739,0.030062719309191216,0.03006445803803628,0.01067643694213381,0.0,0.00548662983568839,0.038425957741457246,0.014622981671237595,0.1894782500765986,0.6390509501735591,0.10679588766904015,0.12400262898154273,0.8759973710184573,0.004737597549181603,122.0,-0.08521369955216056,-0.17817180188804746,0.006882173341478788,-0.012759332467812341,17.0,0
0.04574617304129422,0.12036804709570707,0.029673111293423846,0.030004098947228025,0.018329458477677203,0.0,0.022482142819784744,0.05409466436057615,0.03255186436234783,0.1727101935985626,0.5266822480797435,0.10868914152778006,0.12574410644854744,0.8742558935514526,0.002337993717563749,67.0,-0.0660359165083683,-0.20381575558766102,0.0,-0.012759332467812341,19.0,0
0.04357529198747852,0.12099688900365077,0.028704665770383286,0.029069877071163472,0.020016809143239073,0.0,-0.0016443534736182736,0.04993812470198819,0.015412413119591616,0.15584058219115182,0.6150237199839295,0.10858155701335924,0.12554811233531873,0.8744518876646812,-0.00037700079479887895,165.0,-0.06431663289317367,-0.21197448233347552,0.0016443534736182736,-0.012759332467812341,17.0,0
0.04407772997178754,0.1204260769297332,0.02891830151517353,0.02930078566851437,0.023975671035484213,0.0,-0.006394155311480062,0.039617455472783544,0.010491834180789698,0.16714570375040558,0.4290313752643684,0.10803829454817147,0.12510218662952732,0.8748978133704727,-0.0007774751748284601,81.0,-0.06739278143611407,-0.21243619218745344,0.008027994533601049,-0.012759332467812341,12.0,0
0.044105647098174286,0.11739295717909141,0.02949754026403949,0.029167702260715165,0.021951376339648054,0.0,0.00359940532190346,0.027535324269944525,0.010918911311911857,0.19289160224428067,0.24697714330990073,0.10750063159275348,0.12444103488848836,0.8755589651115117,0.008213704137114778,70.0,-0.047717346621683684,-0.20703592180053587,0.004457485217946044,-0.012759332467812341,9.0,0
0.042313398149526144,0.11728593361573117,0.030228329469096295,0.03486477672782744,0.02195959456957933,0.0,0.0036911422941667215,0.02728733730904304,0.026925620590972407,0.20228869292028295,0.6955548641038265,0.10814641372947792,0.12529867226235863,0.8747013277376413,-0.0028686214384351185,26.0,-0.04630623673339807,-0.2288915257487858,0.0007827961359929054,-0.012759332467812341,19.0,0
0.04164821699940604,0.11445476144804774,0.029622414525130963,0.03621722847286607,0.023278705999195046,0.0,-0.0041918029314206365,0.01739905920406935,0.012628276843047632,0.22596284850141168,0.26073342296321844,0.10728058448125705,0.12438561463652133,0.8756143853634788,0.004284319162969104,146.0,-0.05693174264505513,-0.180192771448837,0.004971317740275982,-0.012759332467812341,12.0,0
0.04205403784999692,0.1122687251267594,0.028453113334353294,0.036253157918256555,0.011285084513923363,0.0,-0.008294892311571565,-0.013224973506545354,0.010382778357413476,0.2522940277596589,0.3294799301566994,0.10633935891810826,0.12357525466569247,0.8764247453343076,0.0012346726163898235,150.0,-0.05273957556919473,-0.21106917136874093,0.013224973506545354,-0.012759332467812341,12.0,0
0.045493437131850924,0.11359742566830308,0.02848276878371059,0.03674618496910343,0.02259880870743709,0.0,0.019140679083751076,0.007318959032752879,0.03434418358624699,0.23810955830173386,0.6173014836440726,0.10822252128075197,0.12527133896635761,0.8747286610336423,-0.00046463339146485586,92.0,-0.029477776059292363,-0.2672398280226242,0.0,-0.012759332467812341,17.0,0
0.04548308467510232,0.11926221503792389,0.027475315580157623,0.03622125476371639,0.020986484434267382,0.0,0.0027725020554066437,0.016612128759946734,0.03729659934770473,0.1995658938328368,0.6502133012679085,0.1079827165482948,0.12446855175759872,0.8755314482424013,0.0051846982059986285,146.0,-0.01764413889117666,-0.2647682167409152,0.0,-0.012759332467812341,24.0,0
0.043838457997777316,0.10211300574253344,0.027808480476876226,0.034911954226154326,0.02235262986583539,0.0,-0.0058618370983445686,0.0070282113656581595,0.0443552582149461,0.12811024280636057,0.24238667749358989,0.10757842283828876,0.12417515355986915,0.8758248464401309,-0.00156890025285282,67.0,-0.0157729610008473,-0.12067345022531528,0.0058618370983445686,-0.01216785540038226,9.0,0
0.04419977775460706,0.064254297834372,0.030205969498600767,0.02957193197184144,0.02306207332062521,0.0,0.00760732941533497,0.010957419013131296,0.050231228306946804,0.027222298244232095,0.6271800609752654,0.10947219619260568,0.12601946239276965,0.8739805376072304,-0.010407803739590138,33.0,-0.008817707867062518,-0.22205382853155725,0.0,-0.01216785540038226,12.0,0
0.04385525734287786,0.06716341169796043,0.029316461504384137,0.029629730270667332,0.02236784767763889,0.0,-0.0007908535411074813,0.014410107018659418,0.041039633973675854,0.0034919257215932885,0.32913549663888586,0.10886029896335882,0.12501329185985247,0.8749867081401476,0.005234561895928577,134.0,0.007297590565928786,-0.20296124627366607,0.0007908535411074813,-0.01216785540038226,12.0,0
0.04399310232720381,0.06357786044480003,0.02866750206099289,0.029736316980337022,0.01994810213110111,0.0,-0.0019628394691091075,0.020887131641979403,0.03641049792233457,-0.015901780806470044,0.45236537520410536,0.10850156730765036,0.12466248590693177,0.8753375140930681,0.0015216594990552668,122.0,0.00019084470968075252,-0.22306933738693133,0.0027521406916718185,-0.01216785540038226,17.0,0
0.041564049098264916,0.06286369126534744,0.028572502769727528,0.029474223655953924,0.010933307430696862,0.0,0.0047019584520992825,0.006423668066490491,0.05477506106449076,-0.02323116946348528,0.3988025592087452,0.10867404594853818,0.1248092359123076,0.8751907640876924,0.002572366234092405,78.0,-0.001372492864322692,-0.18148035602567125,0.0,-0.008586452943732564,12.0,0
0.04328850239110956,0.06262408192310495,0.02888204442838651,0.030331034904470103,0.014811082990531504,0.0,-0.010393781973212404,-0.006790555338845643,0.04476319913453495,-0.008457632964017997,0.5187104556556824,0.10696384346541851,0.12310669866633536,0.8768933013336646,0.0064754472818330105,44.0,-0.009822804087288889,-0.2140609345143996,0.010393781973212404,-0.010130400400229984,12.0,0
0.04308274238277802,0.06367552723959148,0.028865648839062417,0.03259056175876617,0.014164168394813222,0.0,0.002983631257425647,0.002046649630491643,0.0414467002699379,0.010194762276984176,0.4309702451826958,0.10722436872028429,0.12356846377404473,0.8764315362259553,1.7336953703700998e-05,18.0,0.01335106315458043,-0.196696176968975,0.0074411619285649,-0.010130400400229984,7.0,0
0.04160981680835449,0.06364774319397902,0.028565810513811178,0.03156993775357333,0.019405418025010158,0.0,0.015843407295425428,0.01023727509034138,0.07418660551339883,0.0041511094064154005,0.44026188917824605,0.10794870907548519,0.12410891420594539,0.8758910857940545,0.007361724631879924,25.0,0.03771134431758505,-0.19573656051815688,0.0,-0.008586452943732564,7.0,0
0.039870432475563544,0.06568628884680967,0.0273338283172965,0.03165402873629908,0.019268981311739035,0.0,0.003913964303501701,0.01499401933750779,0.0877871352816573,-0.025286990076727026,0.425511091810181,0.10845566285867676,0.12431120321200521,0.8756887967879948,-0.0008839188027420157,54.0,0.031235275517432468,-0.15544608487195566,0.0,-0.00800978176155784,2.0,0
0.04017102302723179,0.06648376559932019,0.02481638776993162,0.0318754082577271,0.019522533954714903,0.0,-0.002967347659617107,0.013972444344048813,0.07671719095720768,-0.015708610901018057,0.2664448654922623,0.10685054814872882,0.12266683188471707,0.8773331681152828,0.012204131381812328,51.0,0.051657877199111926,-0.1773396262857116,0.002967347659617107,-0.00800978176155784,9.0,0
0.0407738580337213,0.0669362604178645,0.026423945543952904,0.03141892356540092,0.0200889119557458,0.0,-0.004032345450120029,0.005157548142371587,0.06990617401141906,-0.006938556854656951,0.3265573625437834,0.10709570640733633,0.12313118897748311,0.8768688110225169,-0.005996210855586465,35.0,0.05028847983741085,-0.1939628679124128,0.0069877277389029544,-0.00800978176155784,7.0,0
0.04120008198325186,0.06550070493613443,0.025901017883229446,0.03100425002269626,0.016876162454057424,0.0,-0.0032451349828185485,0.012418533724825888,0.06274672970802422,-0.03683764907542197,0.5481687228494321,0.10678960655172114,0.12262195450763178,0.8773780454923682,0.00016886214068789814,167.0,0.0569095420134584,-0.17434749468672628,0.010210186601985577,-0.00800978176155784,17.0,0
0.03925593551637032,0.06984933531341328,0.026131863864892135,0.03060221178569053,0.017214483077887647,0.0,-0.0019716503219448706,0.007416638624613307,0.044564970891848986,-0.014701539658650776,0.32145194220993206,0.10670438767022941,0.12292470777879459,0.8770752922212054,-0.0013324887495302917,81.0,0.04781415557683115,-0.21494268942437553,0.012161706006229525,-0.00800978176155784,5.0,0
0.039471903753439196,0.06634921646345288,0.027645283103352774,0.03065622117570157,0.006516720844909988,0.0,-0.0029803274029023513,-0.011250946753175133,0.03737139426612066,-0.00039684887391057665,0.22011350464782242,0.10713777258573928,0.12330996101298716,0.8766900389870129,-0.006530951956363307,19.0,0.05036081935742672,-0.1872822855463428,0.015105787543455469,-0.00800978176155784,0.0,0
0.0397369329134912,0.05807459207491916,0.028242494335249425,0.03071125311327743,0.009833244828856214,0.0,0.00761046507934029,-0.007610284532710581,0.03956257798007888,-0.0214285343163489,0.42775541873322154,0.10840737586366811,0.12484900478077283,0.8751509952192271,-0.005196852591956036,63.0,0.054764082503986074,-0.2373644996532278,0.007610284532710581,-0.00800978176155784,2.0,0
0.036513582788563655,0.05868072043002683,0.028202848613669798,0.030585982285705315,0.015319482308297726,0.0,-0.013953330222426258,-0.0185451080653633,0.0025184549587925764,-0.008864431066138536,0.528302226410881,0.10704298011372267,0.12364892335925592,0.8763510766407441,-1.3631389730038473e-05,16.0,0.035152299725361706,-0.28258619187032624,0.021457425941965307,-0.010078948523966277,5.0,0
0.0370983875092726,0.059618165852689926,0.030343889513966254,0.0319198080553531,0.0178372156098099,0.0,0.007163738623746282,-0.00751216795469905,0.011363273848041302,-0.015278026557831304,0.4344896808261185,0.10875907641139246,0.12530570709403183,0.8746942929059681,-0.009273703928034735,29.0,0.02695082243856998,-0.31519171375964133,0.014447402709205656,-0.010078948523966277,0.0,0
0.03661287464975957,0.05961956904784469,0.03032612560243987,0.03206931255363681,0.017810453632611477,0.0,-0.0029956316107362657,-0.007263732687877785,0.014822534957069798,-0.02531710526608063,0.6119116632543418,0.1085164008973644,0.12497788546165235,0.8750221145383476,-0.0003425982544607085,151.0,0.025469884716768032,-0.29467932600896296,0.01739975522369319,-0.010078948523966277,10.0,0
0.03658147252626918,0.060161830615554024,0.029205991473672966,0.03206852114976961,0.01820087783121475,0.0,0.0031828202323033804,-0.0021365939050513156,0.01440129124726741,-0.019315685358837053,0.28942103829031596,0.10841145982900342,0.12492755427459408,0.8750724457254059,0.0036854977313306057,46.0,0.025477448981085192,-0.2855427164709599,0.014272315284352905,-0.010078948523966277,0.0,0
0.03762718434980565,0.06071292194141021,0.029909111745767752,0.027847353600751145,0.019857591539348032,0.0,-0.009060521596051216,-0.008221933496686486,0.0015135573909920426,-0.01666919662942442,0.6195868749185218,0.10818915184090548,0.12503666169906713,0.8749633383009328,-0.006254359382506308,134.0,0.028479931454016963,-0.34691688444181507,0.02320352225954459,-0.010193792916638226,10.0,0
0.03881986007400987,0.06117090080688178,0.02992520993313012,0.026666935473629787,0.021558881582158265,0.0,0.011008378389503472,-0.00487741097564046,0.0168008262772296,-0.02611328579153457,0.32229999992287034,0.10976993379249385,0.12653320094098386,0.8734667990590161,-0.004590369303411074,110.0,0.02964126860569804,-0.3644657132214258,0.012450577023043452,-0.010193792916638226,5.0,0
0.03877218161662822,0.06078120842291975,0.031105635951061705,0.02738641836900279,0.01777928361290131,0.0,0.010323490161384816,0.019622861774194925,0.035890358574360105,-0.04159255398205203,0.4548382340154305,0.11169699901123883,0.12844711096046588,0.8715528890395342,-0.008090471345673853,106.0,0.04664577857001925,-0.35486218427998917,0.0022556202710595887,-0.010193792916638226,10.0,0
0.035053345214421515,0.061834515151685004,0.031209515444232155,0.026613871665583592,0.017969185903482888,0.0,0.00796658957166565,0.020435644393051188,0.024532621778079258,-0.04744787564291327,0.2174784274474575,0.11285163367730719,0.12938066597278014,0.8706193340272198,-0.0029731530019326013,77.0,0.059719358230524565,-0.3651115370869982,0.0,-0.010193792916638226,5.0,0
0.03730139200943211,0.058069320135496316,0.03042281371223809,0.02695414183536241,0.02260767492370078,0.0,-0.01219297679426018,0.01102214616112547,0.009242392687646577,-0.004237824843590648,0.28713866919067094,0.11176502513487709,0.1286003990381875,0.8713996009618125,-0.0014773368037580468,94.0,0.04688370185243662,-0.44057732929874344,0.01219297679426018,-0.011923097571103013,5.0,0
0.037245839179095235,0.05892139124763832,0.030716986571700123,0.0272535697525588,0.02307192286321526,0.0,0.006893396023907778,0.01476171807629511,0.02219141977057946,0.0021222507183342332,0.3309011448045157,0.1129763954118434,0.1300637000734801,0.86993629992652,-0.004850371464861126,8.0,0.06753098413960587,-0.39018010031918154,0.0053836317881055555,-0.011923097571103013,0.0,0
0.03671792468265489,0.05745838700221847,0.02905373612174967,0.027418495788806438,0.019334684025970123,0.0,0.00341143368797736,0.02753349985269177,0.017934792723964303,0.013665931682059887,0.2726985078039005,0.11381876281853034,0.13095088548131484,0.8690491145186853,-0.0043717529854337845,53.0,0.06906690769886632,-0.3658986891567848,0.0019905640029738037,-0.011923097571103013,2.0,0
0.03907819132750099,0.05635008836703952,0.02818954028160602,0.026840716097063472,0.023299071755466878,0.0,-0.012922759587740067,0.003211202939202591,0.005575529089628056,0.017270830509581215,0.2684030959666924,0.11251214124508029,0.1294011734866178,0.8705988265133822,0.00027941977362322477,62.0,0.046843980736351834,-0.2626345614654231,0.01488760001065943,-0.012813292168718083,2.0,0
0.03901454177599771,0.05640789049741091,0.08716376854806873,0.026553985508856934,0.020742851844746765,0.0,-9.838246787122854e-05,-0.007137303731274817,0.007454068696797935,0.013288407497595304,0.6652149213004068,0.10493730360944117,0.12065785413919171,0.8793421458608083,0.07284970539707805,123.0,0.044135972971930205,-0.26112188437067824,0.014984517799700931,-0.012813292168718083,17.0,0
0.03886535929581262,0.05640393995989759,0.11188656846064345,0.0262615895008891,0.019000233118663695,0.0,0.003081148649965468,-0.011949538676524396,0.005828819123024745,0.011700653476442986,0.26819733791868433,0.09882661087341696,0.11358537881826308,0.8864146211817369,0.0653027588676485,83.0,0.06092315411091306,-0.26481328387514147,0.011949538676524396,-0.012813292168718083,5.0,0
0.037502696251024426,0.056400510885897946,0.12956166891517457,0.02560810787687637,0.01590903089022365,0.0,0.004651118627889606,0.00489870785488884,0.021120350572375535,0.011664211604795565,0.37790279749879685,0.09330782454553253,0.10725932349273723,0.8927406765072627,0.06397930759422898,134.0,0.06682896416537293,-0.2364253459486228,0.00735399877056786,-0.012813292168718083,5.0,0
0.0374492598246376,0.05899243716964986,0.15009766544562478,0.02295074586221028,0.01456542388271922,0.0,0.0015485307378367184,-0.00043556908131993436,0.019659299464460562,-0.02324244711897359,0.43055282871632017,0.08681457290310107,0.09949084953345108,0.9005091504665489,0.07728709747869687,26.0,0.06192081282681891,-0.24565884930063467,0.00581685592587338,-0.012813292168718083,0.0,0
0.03424350953795288,0.05971212891101681,0.16681469262394064,0.022924879665655734,0.01436741391733348,0.0,0.0024809670791422303,-0.001362468352270772,0.0062466648672183265,-0.012436305365670837,0.3591558186774396,0.08076494915088309,0.0926311857090409,0.9073688142909591,0.07783347479480789,110.0,0.08089668924289588,-0.24428720561794307,0.0033503202747873543,-0.012813292168718083,5.0,0
0.03603759009468016,0.056532266484679516,0.16681222702812384,0.0227745960522867,0.009680688231832268,0.0,0.01220587769653298,0.02406046643321438,0.01455784540039705,0.003888593089644439,0.47683091389937415,0.08174637700463923,0.09357151000506543,0.9064284899949345,-0.0008908418319613182,64.0,0.10362297222562845,-0.2311170706681593,0.0,-0.012813292168718083,7.0,0
0.03700613079541896,0.057006402760091994,0.16726578170046588,0.023595810331775147,0.00988881990852079,0.0,0.010161809003367618,0.03456855670879925,0.027917777860637635,0.006436818574269474,0.6540760204534448,0.08235457192278174,0.09429015241574083,0.9057098475842591,0.0017269304931431073,160.0,0.10677674231308075,-0.15455097118085515,0.0,-0.012813292168718083,17.0,0
0.043745860915784446,0.05693088383924912,0.16647934038800652,0.021836077872662323,0.028329787199973526,0.0,-0.023039840008455794,0.007627612227367206,0.008300532782600662,0.005806825265480655,0.5947291157995962,0.08054366437633874,0.09257367304076479,0.9074263269592353,0.0007430305178283785,21.0,0.0787869652831077,-0.17935426759409445,0.023039840008455794,-0.013798744627223329,17.0,0
0.04368933371842478,0.056793450749049804,0.16709868441169748,0.02177307626040607,0.02824360882052115,0.0,-0.0024887728036734886,0.0004665673418806869,0.009065656099250264,0.006416008505381145,0.6873831110302786,0.08080275817733273,0.0927509073548075,0.9072490926451925,-0.005335980197661586,34.0,0.07238122608016005,-0.18479314832157304,0.02547127188491525,-0.013798744627223329,19.0,0
0.043655344285321904,0.05172465362773106,0.16655929480840287,0.02231908033536965,0.02821983489974477,0.0,-0.0012435961030398243,-0.0023225431908031123,0.009801761950664439,-0.016514647882644375,0.5586900497581567,0.08027239203862584,0.09215673344374424,0.9078432665562557,0.005459490758771762,72.0,0.05480354807853362,-0.17820470429656596,0.026683192013499526,-0.013798744627223329,14.0,0
0.04583278864169971,0.051149775723304994,0.16540659356940066,0.02391139082947086,0.030539809488138576,0.0,-0.014105398319769246,-0.01882943298952751,-0.0014659356910631033,-0.01255052945356067,0.36960080561127473,0.07891779784820731,0.09069801060007143,0.9093019893999285,0.004026786538464116,46.0,0.03585067451437806,-0.15138872678058332,0.04041221328147548,-0.014082588105167798,15.0,0
0.045181374444375026,0.04953647532894334,0.16526742652311435,0.022661213783973694,0.026326546885964638,0.0,0.0008693791414369076,-0.02981834242021527,-0.0081462989591247,-0.022428544798035372,0.4387973689904301,0.07932516108664968,0.09118279031619167,0.9088172096838083,-0.004363506206587508,157.0,0.031093990433134773,-0.20262606052996532,0.03957796767532478,-0.014082588105167798,20.0,0
0.04408678502810793,0.04932615788148071,0.16551760705046104,0.023486908959825317,0.02643464931990713,0.0,0.01034925136975797,-0.029638318641742906,0.016299405525119583,-0.04049320805702841,0.43811396078474574,0.08027799114077329,0.09203584981438452,0.9079641501856155,-0.002342386915382162,96.0,0.018858909802582265,-0.18507887480429583,0.029638318641742906,-0.013928002509964869,12.0,0
0.044506044811746984,0.04831927358760406,0.16383802148071502,0.02155586128985245,0.018749795998065217,0.0,-0.008733429521774872,-0.015428534965224042,0.00025803914520700907,-0.034063629426073744,0.20622314234651096,0.07929729747246485,0.09094764599573643,0.9090523540042635,0.004298544514508893,143.0,0.011624245162718812,-0.1358467165220102,0.038112903996516206,-0.013928002509964869,20.0,0
0.044473660246739,0.04832503952700147,0.16416898966102997,0.021913947773571717,0.019392294391925986,0.0,0.0028507578667603555,-0.010158268935674406,0.006123508003972057,-0.03412322206139954,0.24162430328183243,0.07976654267610409,0.09138276231089731,0.9086172376891026,-0.003203723938974731,102.0,0.02103680887249063,-0.14828067260497577,0.035370796790649,-0.013928002509964869,20.0,0
0.044982383898680506,0.05136779067603076,0.16403831336481417,0.023960531425019457,0.02004859060659866,0.0,-0.007350519195926809,-0.016210683019983595,-0.004440708410812048,-0.062240651896871675,0.6823623951789657,0.0787922841716637,0.09009909504986763,0.9099009049501323,0.005771697592926628,142.0,0.009896630901287066,-0.08692610247189934,0.04246132226579092,-0.013928002509964869,32.0,1
0.04439217496070178,0.04962964849409205,0.16258852825339168,0.024576578137605398,0.016311179794929635,0.0,-0.005371659462529188,-0.007495594236250866,-0.0007346486034720154,-0.06900066259021571,0.6041519387163233,0.07778079393967482,0.08906556929074928,0.9109344307092507,0.007931790552633275,131.0,0.0007777968546964601,-0.047343378635703946,0.04760489396477957,-0.013928002509964869,25.0,1
0.044711735869914844,0.05544166623590796,0.16207222438855953,0.024335489150811608,0.02053038936982822,0.0,0.012237136995538134,0.0037771552243523712,0.000479837771207352,-0.039170343013822106,0.40655532921596427,0.0787010010528861,0.09024333350502428,0.9097566664949758,-0.0008113463745357655,130.0,0.01728872571947226,0.11117193235936902,0.03595030457834651,-0.013928002509964869,20.0,0
0.043636080808115145,0.05519479082982166,0.16087403765128352,0.026596058811471448,0.017794931735304276,0.0,-0.004320605263272887,-0.010797277268856648,-0.014021579208048777,-0.03650938917250636,0.3957287722497628,0.07840090418777594,0.08988977529562796,0.9101102247043721,-0.00011011414470230623,23.0,0.021365539860755664,0.14834470725547233,0.040115582766441935,-0.013928002509964869,15.0,0
0.04301780095692544,0.05363724112975582,0.1605057070729446,0.02757052836531688,0.016549137973019584,0.0,0.003881462609571653,0.00179135026578064,-0.01801759164783777,-0.01619560517835305,0.617223005563165,0.07869181931923735,0.09023895355325388,0.9097610464467462,-0.00019424273175915158,41.0,0.0060730113689932055,0.22106556630799185,0.0363898272914394,-0.013928002509964869,20.0,0
0.04386698059169895,0.051036648463629486,0.15969763567924103,0.027148018632085023,0.021229265756110244,0.0,-0.015063820149742769,-0.016104302860882047,-0.020871507044257696,-0.03637444446411929,0.48651243379163456,0.07707358321596683,0.08849949894121655,0.9115005010587834,0.006871453350992323,152.0,-0.011822017020697129,0.33905376693024414,0.050905477627583726,-0.01492005687524674,25.0,1
0.04610797184358627,0.056430010064286,0.15854054231221495,0.02678669449087201,0.025873991532355176,0.0,0.015423492244930679,0.006468873569035833,-0.012576626681908676,-0.07532736245561338,0.2517231064256782,0.07785475466369679,0.08888170941238767,0.9111182905876124,0.004385685888145086,165.0,0.00933569988667468,0.08285433433586795,0.036267125622066576,-0.01492005687524674,20.0,0
0.04627199195301228,0.05702381502035246,0.15875417130856134,0.02859170120681625,0.02498725168417634,0.0,0.005033261133857754,0.016997659332934244,-0.010980640953835871,-0.08500947617618763,0.39714276338659815,0.07869109727455678,0.08964918365308079,0.9103508163469193,-0.005904527817188302,2.0,0.0067572162506451105,0.061209432874268534,0.031416406402039104,-0.01492005687524674,15.0,0
0.04449790854298917,0.060088782012416894,0.15994283483845642,0.028251975916808447,0.022884095086436528,0.0,-0.0013891392270656572,0.0033072991225350924,0.0005756723209305371,-0.05194210243438579,0.4938874403329221,0.07918762908799022,0.0904504618644847,0.9095495381355152,-0.007753183511766142,85.0,0.0061544110883300345,-0.010716841675979395,0.03276190386659825,-0.01492005687524674,25.0,1
0.04473871258135895,0.06664058117690325,0.1462906546847254,0.030130995414300248,0.022436824046656423,0.0,0.004810852746661416,0.012508713273945253,0.0054882169545577095,-0.024028000565504585,0.23291943020346867,0.07981616157262898,0.09142233513619966,0.9085776648638003,-0.0037860347935407485,59.0,0.012983195197557848,0.03522322533312555,0.02810866381513932,-0.01492005687524674,9.0,0
0.04604250754330467,0.0666408796652105,0.133389777805557,0.031107628538510627,0.02535508078371298,0.0,-0.011346267462840058,-0.0028498822933253963,-0.008973820261524493,-0.02400574436764921,0.4792831508828048,0.07915563531899081,0.090797436428875,0.909202563571125,-0.0021917678084515196,10.0,-0.0031973079136467094,0.030093426758428608,0.03913600286030976,-0.01492005687524674,20.0,0
0.04686882191089297,0.06685357146504349,0.1185689511591566,0.030790414692122795,0.020736095598850188,0.0,0.009803061346786972,0.02232536694468348,-0.003891747473994552,-0.039548700829439586,0.3795908581806863,0.08035036634398961,0.09193439112719591,0.9080656088728041,-0.005862197028995555,32.0,0.017146408027391064,-0.010080273403633863,0.029716594150430427,-0.01492005687524674,7.0,0
0.04689456248331434,0.06437435956592716,0.0871158407706636,0.03089830885592016,0.016689079869945223,0.0,-0.0025420880225992698,0.004237673898729714,-0.007960146538197833,-0.008339833897702487,0.5763599034670761,0.07979783902971864,0.09144510397270854,0.9085548960272914,0.004456983485837266,128.0,0.011542662021687309,-0.006632766627664526,0.03218313997496745,-0.01492005687524674,25.0,1
0.04682296020706658,0.06457062879597869,0.02366981874164096,0.030869925401775966,0.016062237423652245,0.0,-0.001564994729666583,-0.0023553587663770834,-0.011963968547524692,-0.028047610682883667,0.42724901689088957,0.07968462492600409,0.09120155738163965,0.9087984426183603,0.00011049087533928864,35.0,-0.005792038582304693,-0.011276493436420985,0.03369776826018908,-0.01492005687524674,15.0,0
0.0450906886248562,0.06468151643231462,0.02412873742654927,0.03120432483640018,0.016382964507706703,0.0,-0.003906700199406007,-0.004870483838309741,-0.02769180403194312,-0.021248312097180647,0.3951175823229437,0.0790276492846787,0.09053525998710911,0.9094647400128909,0.0046477560502016626,88.0,-0.01353709163350119,-0.005557864293442881,0.03747282138161347,-0.01492005687524674,20.0,0
0.04369085566242326,0.0633490182192699,0.024644128911887823,0.03222830643652448,0.015391699993995736,0.0,-0.004630246056361123,-0.014220617804523264,-0.04192955905455165,-0.03272421564195148,0.306035154172197,0.07828543037307335,0.08974028678256579,0.9102597132174342,0.005174917974317807,32.0,-0.015182361309393478,-0.06228451711610276,0.04192955905455165,-0.01492005687524674,15.0,0
0.03843758919184231,0.06325786964678821,0.0254010201650252,0.06346887090761634,0.013182308775657858,0.0,0.005788651659764174,0.0028644843204670752,-0.013658472007764872,-0.04831262298995525,0.37064360983452216,0.07912589616232678,0.09052892409211731,0.9094710759078827,-0.005235698858769496,90.0,-0.005471311819824894,-0.016747481535340218,0.013658472007764872,-0.013691528691229866,5.0,0
0.03847363099746232,0.06295182835174995,0.02703085729975932,0.0764002610289251,0.008961080644871786,0.0,0.0021918693226588787,-0.004694409543610791,-0.009030241687142277,-0.029203742440848574,0.22416757993294767,0.0784258981610224,0.08978650797700027,0.9102134920229997,0.010888372712960762,15.0,-4.645065352075734e-05,-0.016271079087991323,0.009030241687142277,-0.013691528691229866,0.0,0
0.038871630141959164,0.0629430381873457,0.027858460617486026,0.07635874764289154,0.010255958526646911,0.0,0.005436224223713753,0.0032666870458380264,-0.0024024995180325125,-0.029866041929273578,0.4898462528439873,0.07814831176747888,0.08939966785070728,0.9106003321492927,0.008592795739791496,162.0,0.007375713704269585,-0.014534900841045043,0.0024024995180325125,-0.013691528691229866,10.0,0
0.03613394025108796,0.0665493997590648,0.027771442500155275,0.07618298573003025,0.010027605071422684,0.0,2.8192058435905143e-05,0.004867583671364499,0.011898861307053513,-0.002899242850627799,0.38204501237511157,0.07824146376489359,0.08974992029156251,0.9102500797084375,-0.0014077965787440184,48.0,0.01041548265051739,-0.04859105269868431,0.0009111589405727005,-0.01095434177168028,0.0,0
0.0363226182308437,0.06792841961879514,0.02791893681879536,0.07814918171608522,0.008895347851982368,0.0,0.004299475246976035,0.013146044829209832,0.015366756734473032,0.008754856619768664,0.48161649917254673,0.07893243342696692,0.0906545245732328,0.9093454754267671,-0.004984517037197665,57.0,0.007095275580957172,-0.02689201628765601,0.0,-0.01095434177168028,7.0,0
0.03512196270108649,0.06707602637771239,0.028370822850513643,0.07806873769707019,0.007914064341179403,0.0,-0.0033143809463375153,0.014485409951032351,0.0016352693194060207,0.02005133287036686,0.27989637651050203,0.07906868113360783,0.0908623424990274,0.9091376575009725,-0.004781347636883005,54.0,0.017961328762305388,0.016709192715368297,0.0033143809463375153,-0.01095434177168028,2.0,0
0.03824435769447716,0.06874288832758528,0.02816392610657962,0.07801977391528858,0.016810221074504427,0.0,0.018474260349433846,0.02728070736344672,0.02912755301314495,0.009820420840980454,0.5848023878706187,0.08022275753202902,0.09178795521019045,0.9082120447898095,0.0025435206179403834,1.0,0.029393108207233443,-0.11845818775379034,0.0,-0.01074690522280307,5.0,0
0.04051938976491042,0.06954120036821806,0.028174046581381035,0.07906642994285545,0.023117266710461343,0.0,-0.012621767076117146,0.0120962268820349,0.01324961543520482,0.0038003317609352776,0.31023992064831313,0.07956133681313748,0.09103962184432515,0.9089603781556749,-0.003265918157168001,42.0,0.019454257565343903,-0.047199538532417276,0.012621767076117146,-0.012430442134125582,7.0,0
0.04078038540579392,0.06679838762573691,0.02759295954207338,0.08012547680663774,0.02427559333980165,0.0,0.01044973117225138,0.017142943266238674,0.03141926866022558,0.03968425090898605,0.6803245647730309,0.08020860441698333,0.09181089189479683,0.9081891081052031,0.001312455468893412,122.0,0.026839036438812504,-0.07611332550104728,0.0023039299767299644,-0.012430442134125582,24.0,0
0.04131271878019898,0.06718472950938022,0.028165328429034273,0.08005682921896985,0.025123428445264745,0.0,0.011332650994206219,0.0286408697499851,0.04874146527634977,0.04417157995251165,0.5970601294992963,0.08027226482493517,0.0918677651246698,0.9081322348753302,0.009505715567605136,48.0,0.0479710088234813,-0.03676662594444961,0.0,-0.012430442134125582,12.0,0
0.04081191326209623,0.06514130612330961,0.028163258764693003,0.08069568818869954,0.02729407354110903,0.0,-0.006834386140659773,0.017237154878345814,0.028982165416759492,0.006536816411635702,0.361765559982415,0.0798417964467539,0.09129601432745735,0.9087039856725426,-0.0007733606743187305,46.0,0.029475909925625186,-0.07964140149808815,0.006834386140659773,-0.012430442134125582,7.0,0
0.04371024331261757,0.06489879544969493,0.028314566094255277,0.07994314576065856,0.029479909538852666,0.0,0.01847044979698725,0.03947118617287468,0.05253551934976925,0.012465595714641762,0.4827645692770033,0.08137926443619846,0.09285058879069798,0.9071494112093019,-0.0022502495171967335,17.0,0.03777730919592171,-0.08515485057774513,0.0,-0.012430442134125582,12.0,0
0.044089940212317984,0.0654202083623892,0.02835615045142187,0.0796581537990443,0.026689473458521677,0.0,0.008262088336998515,0.029048479415881585,0.05712845621216394,-0.0021912759422222923,0.2640664412010764,0.08184133984633651,0.09317674095120809,0.9068232590487919,0.0020031647360421244,36.0,0.03808154736882402,-0.10649202498159026,0.0,-0.012430442134125582,7.0,0
0.04062824955952986,0.06665049944482952,0.02747173070891728,0.0803823953850639,0.018610849131519606,0.0,0.008061638199168726,0.05060478482950939,0.08194892740990205,-0.011066295557314348,0.497860320252009,0.08234955240405645,0.0935080860475631,0.9064919139524369,0.001336546706934513,81.0,0.05936702274993921,-0.1710999638029108,0.0,-0.010669485264513015,17.0,0
0.03877703720623794,0.06309250927503036,0.02785587718723888,0.08038891678064201,0.01969808142868368,0.0,0.00032885425967766566,0.04008170645856979,0.06586536473628418,-0.0016867892569196262,0.618205836516327,0.08288490160275759,0.09388028421287269,0.9061197157871272,-0.005926286551100768,166.0,0.05246037395081951,-0.016296357874522965,0.0,-0.010669485264513015,10.0,0
0.03892759528884024,0.061952105568196886,0.029227541848805973,0.07971039076788149,0.020148222870819125,0.0,-0.001672244393367605,0.026707122167509992,0.05875399203757972,0.008652185213364465,0.2486780632414773,0.08359864568843188,0.09468923779742439,0.9053107622025756,-0.010030280661367002,53.0,0.047128194592574654,-0.0008615616188744688,0.001672244393367605,-0.010669485264513015,2.0,0
0.038949609832587766,0.058659912186034724,0.028056298413247055,0.0798777313916695,0.017632731077027813,0.0,-0.0016085208543309912,0.032109477055847484,0.05852139775809523,-0.011647476060845176,0.6808520667900523,0.08359914245801724,0.09470122245741051,0.9052987775425895,-0.00147352800249746,134.0,0.05913075922789727,0.033266986426194786,0.003278075407718326,-0.010669485264513015,17.0,0
0.038884130516230186,0.051475931354670344,0.02790965429050535,0.07905592880635205,0.010163806039821682,0.0,0.003294082571101978,0.016729872822618914,0.05692355107687933,-0.04252262039793378,0.3451457424475832,0.08408491837254697,0.09516138585247012,0.9048386141475299,-0.0027228244691397557,66.0,0.0627241768295708,0.0016959240206372015,0.0,-0.010669485264513015,2.0,0
0.037263351280286364,0.05307578509613027,0.028023512989696346,0.07891901924918536,0.012219846528458844,0.0,0.011607488107808758,0.02010336858613299,0.08146233958276199,-0.05700467966963591,0.4505718469960577,0.08526230250629876,0.09619666658172299,0.903803333418277,-0.003166224161517751,90.0,0.07175749092773852,-0.04190030497552556,0.0,-0.006503765128014975,10.0,0
0.0366927547307527,0.05276139609458048,0.027256763208075133,0.07896571593256582,0.011093339147528986,0.0,0.0015816739183751,0.013545998341428393,0.07265753276123343,-0.04398781703186579,0.29074976291197346,0.08540352684256924,0.09637714293188697,0.9036228570681131,-0.00024779557490718456,136.0,0.06848302051764867,-0.01952131363355925,0.0,-0.006503765128014975,5.0,0
0.037691659562560695,0.0515970674437949,0.02692579774843445,0.07898422765730076,0.014184593131053953,0.0,-0.007315020066282172,0.005801127040445,0.06752476329944793,-0.059877041268726096,0.36339205707763644,0.08466007233281074,0.09554230882662974,0.9044576911733703,0.002105174930508764,133.0,0.059027109750429366,0.03885973971569835,0.007315020066282172,-0.007242924977438812,5.0,0
0.03762764939894275,0.05185487384345577,0.027491409275087874,0.07897765125275813,0.014715365965314251,0.0,0.006854806143835023,0.014392010137186838,0.07652719799681676,-0.04103651704306832,0.6503080327632593,0.08561521893651239,0.09663797817990838,0.9033620218200916,-0.005044415056890744,75.0,0.06364766045942796,0.038729411684702064,0.0005103569669397765,-0.007242924977438812,17.0,0
0.03717166973581435,0.05177494344320669,0.027300513632934478,0.08123548225662788,0.014618715556117356,0.0,0.007650279338900092,0.023799194729253972,0.08901739625652781,-0.0418542878481022,0.31136456352783626,0.08590053610004154,0.09690575575016003,0.90309424424984,0.0036175130558978343,124.0,0.058860539932015093,0.06898188059140731,0.0,-0.007242924977438812,5.0,0
0.0362415888366375,0.05186305263768004,0.027093812128332614,0.08050058589268007,0.014655866010581931,0.0,0.0054601251099974145,0.026009506387215237,0.10005710254789653,-0.04730571961405107,0.6336778695676266,0.08676903373500197,0.0977644530422454,0.9022355469577545,-0.005007671183635816,143.0,0.05393219330323551,0.07656862450094296,0.0,-0.007242924977438812,10.0,0
0.036264392390301665,0.05281752685754639,0.02660847071939059,0.05756669751729879,0.012658470996806746,0.0,0.006206151933202113,0.02053127265774232,0.10051373341199824,-0.027509669122300164,0.5670039787719408,0.0873641330866852,0.09848976131388976,0.9015102386861102,-0.0013082855998875086,41.0,0.08548239739002965,0.09694590538743107,0.0,-0.007242924977438812,5.0,0
0.036723563535745664,0.05263017811413041,0.023443890253588937,0.031044367421366247,0.013603858704483966,0.0,-0.0021098899658925216,0.016769865588291466,0.09578994217022428,-0.0433822049937518,0.20538037696056605,0.08713864247926548,0.09815819802356218,0.9018418019764378,0.0007578471933229071,57.0,0.0858946941540875,0.12787512097991113,0.0021098899658925216,-0.007242924977438812,2.0,0
0.03830074018355885,0.05301539724470282,0.021587760088171263,0.03025884407047127,0.013709704920074646,0.0,-0.007457220706351481,0.016624214824340657,0.08173782535376521,-0.050806634272189795,0.6032600687425772,0.0862341308452584,0.09712837583792704,0.902871624162073,0.003700748333027227,153.0,0.07913895074971526,0.1559047125665486,0.009551376757102225,-0.007435890610341085,10.0,0
0.03949298408642834,0.047279307406559626,0.023076351339998996,0.030127280164701863,0.015301242879431439,0.0,-0.006964405018924194,0.0026709172762680892,0.07417388184086413,-0.07024687207371569,0.6672434201973716,0.08513203565061096,0.09597046104769436,0.9040295389523056,0.006492005620593998,152.0,0.08695532788054786,0.1923795117621125,0.01644926211980162,-0.007435890610341085,17.0,0
0.042512032768088744,0.045747971918254596,0.022754517877818597,0.03136946177679517,0.01720613827103533,0.0,-0.013166060580656455,-0.01804255749711265,0.055493176652020935,-0.07470797497963758,0.23104147611679976,0.08392345221250956,0.09484932982201577,0.9051506701779843,0.002069899876606557,158.0,0.07171268353252871,0.07095572950537028,0.02939875071888167,-0.011847085120652296,12.0,0
0.04212754730518547,0.045557489383801206,0.02222925787007646,0.03170340237460913,0.015743485863272066,0.0,0.0020367486723221347,-0.021385912332886472,0.06116003959445865,-0.07772198515181136,0.22243020928739865,0.08413286900079599,0.0950395051874809,0.9049604948125191,-0.0006040143022489725,78.0,0.06289532205018715,0.08450461422799582,0.02742187991305415,-0.011847085120652296,12.0,0
0.03891565144107763,0.04398809598390333,0.022151063411690437,0.03224896473296869,0.01238792769888642,0.0,-0.0005811875069457399,-0.027987130165977453,0.04130594942351195,-0.06170795800403191,0.4374543573362851,0.08392113256095715,0.09482263845011374,0.9051773615498863,0.0019737339214600824,163.0,0.07163664366824853,0.20870267912109355,0.027987130165977453,-0.011847085120652296,5.0,0
0.036501801118628344,0.043297446867564995,0.02200775340703397,0.03159045424106843,0.01216099722143572,0.0,-0.0034863929334778346,-0.029327937722244263,0.050940271031727276,-0.04722288860756316,0.21742807182762391,0.08349345358667173,0.0944139062378992,0.9055860937621008,0.0018748657798897254,71.0,0.06486482546826759,0.11846260466296385,0.0313759489666163,-0.007435890610341085,10.0,0
0.04338159355533171,0.04047589814492243,0.022309150208555478,0.03036085217839579,0.021239502230228576,0.0,-0.02374604502535859,-0.04525783719223265,0.015374208518588553,-0.06321166263188639,0.20335804945468827,0.08198953511983398,0.09293152814766668,0.9070684718523333,-0.003820060044801245,152.0,0.047276523566697995,0.04905248074119959,0.05437693929510027,-0.012309734599510708,25.0,1
0.04317453373003237,0.038883493708212626,0.01940435068135286,0.0309967610058836,0.021324881358425977,0.0,-0.01003362838230869,-0.04820870518418382,-0.006077456262122806,-0.06944538051490526,0.6689349896609195,0.08125035630534057,0.09223886047611882,0.9077611395238812,-0.00024011690067653017,31.0,0.04236778489085817,-0.07003486176970065,0.06386496967595456,-0.01269619575090429,39.0,1
0.0435868931842971,0.03767577164195318,0.019453499803509394,0.029715850367001674,0.025502853569335286,0.0,0.009294554168673363,-0.026545670766049977,0.010063776535652246,-0.05395528768281378,0.5028630137612761,0.08210338194407543,0.0931355038639099,0.9068644961360901,-0.00197536978125821,155.0,0.039337611988685316,-0.0881622752362172,0.05516401192741504,-0.01269619575090429,25.0,1
0.039812719989194244,0.04140269262367334,0.01949617465562317,0.031579652000075585,0.02450531597892922,0.0,-0.005312487129487123,-0.033685274595262285,-0.013522850934837752,-0.07375506598843391,0.6134344009357519,0.08161566305029014,0.0924178609367346,0.9075821390632655,0.0012918630732932537,107.0,0.038302238417980285,-0.0703979199788945,0.060183440953526894,-0.01269619575090429,30.0,1
0.03897930942403562,0.04496329074786687,0.02142380915271552,0.03191423419364419,0.025460743053938154,0.0,0.0030488570584953517,-0.03017546922276681,-0.018623442922301472,-0.04995362303262597,0.5132480806772568,0.08260461518661248,0.09368047883521764,0.9063195211647823,-0.009369971040318495,51.0,0.03744108474635603,0.007305759825388793,0.05731807460378724,-0.01269619575090429,15.0,0
0.03918268088253399,0.047391625752555934,0.02249951983030794,0.030852727285656897,0.02595760597997182,0.0,-0.011191799559357788,-0.03767450617760586,-0.03736720991369981,-0.019336879853259777,0.511299080764803,0.08240064450242116,0.0937752327622228,0.9062247672377772,-0.008018081039449981,85.0,0.04151951472347388,-0.036751986575743606,0.06786838176105113,-0.012869921427461656,30.0,1
0.04132320221035313,0.04285050567758971,0.024938447678801375,0.030853853620525784,0.02215847316139087,0.0,0.011917434498599534,-0.0025198465017745677,-0.026215329928404068,0.003317107257302975,0.6093370754832192,0.08433195830701835,0.09585858928076076,0.9041414107192391,-0.012232924421649936,31.0,0.03792335254046376,-0.002822116516888355,0.056759764256614866,-0.012869921427461656,20.0,0
0.04131864180921815,0.04455690668139173,0.023854597065501318,0.03116636530053601,0.01961900241700346,0.0,-0.0010754022600276685,0.0065063719877717485,-0.025633160679241908,0.017884646543992383,0.2869587596518465,0.08389249335276026,0.09551914503577032,0.9044808549642297,0.004101266989562566,125.0,0.03161478083989164,-0.0035324510440240212,0.057774126937882336,-0.012869921427461656,20.0,0
0.041455859380258184,0.04454664042082738,0.02390024634920819,0.032779816049225675,0.017665211924125387,0.0,0.0024712183594815425,-0.00029811431585312115,-0.021651593642615104,0.020379706593334213,0.2878557847361564,0.08429362365468988,0.09596885579864696,0.9040311442013531,-0.002527063561740869,137.0,0.035602722591823996,-0.002087424662712144,0.05544568106159271,-0.012869921427461656,20.0,0
0.04578802371980239,0.04499754730870954,0.023850551421716958,0.032223853059590815,0.023573686276198436,0.0,0.019273289887424844,0.024411603386229306,-0.006069689708011923,0.03547909867495859,0.5752825018836691,0.08579945830768686,0.09757424688900719,0.9024257531109928,-0.0003554403351559019,112.0,0.05050835307675258,0.09329257141167949,0.03724101185827364,-0.012869921427461656,25.0,1
0.046042615798067496,0.04285929002585726,0.026027852708194403,0.03126183378488788,0.02473060701214272,0.0,0.012559902866210818,0.03412521366273598,-0.005133917773270822,0.06458224951764864,0.2255693083497598,0.08772016963409146,0.09975806411995637,0.9002419358800436,-0.010809819008222619,143.0,0.075910200856455,0.26792881093624116,0.025148852483642143,-0.012869921427461656,12.0,0
0.0460561160090085,0.043459676057492534,0.02638453259388156,0.03146482530361601,0.019486418345781277,0.0,-0.002400212688096168,0.043319718368124184,-0.009089105883445848,0.055764043947402774,0.3796582213193377,0.08729655797219561,0.09924753305442496,0.9007524669455751,0.002710532746651818,49.0,0.0629080348692908,0.27099986015626876,0.027488702576916015,-0.012869921427461656,9.0,0
0.04573302894984576,0.04254506372356009,0.02624089262444266,0.03171663034302487,0.021239751909782528,0.0,-0.004732389318553383,0.026153209615956907,-0.006511090707296295,0.06951915185962074,0.25698773780740847,0.08682439389542297,0.098838925038086,0.901161074961914,0.0010218836285659112,32.0,0.060574012733320214,0.23656836145983948,0.03209100465301351,-0.012869921427461656,15.0,0
0.045200214170079744,0.04455319659911918,0.027392700672467952,0.03266246964481797,0.02165644763591934,0.0,-0.002554794831088901,0.024633491872985025,-0.01579578017037789,0.07890778338170854,0.38602501880808404,0.08599712161184976,0.09813442950043776,0.9018655704995623,0.007059500635536183,27.0,0.05952261102982617,0.19372863415660824,0.03456381355129044,-0.012869921427461656,15.0,0
0.04470031617003416,0.04571965934652827,0.028669526157478673,0.02751391996009149,0.021583039433336736,0.0,0.004272402564546596,0.026474496011300808,-0.01909506033091567,0.09076859501839832,0.5772280681185203,0.08562913484311892,0.0978282997101252,0.9021717002898748,0.008056904769337243,13.0,0.06822254337359271,0.2188833110642611,0.03043908151240089,-0.012869921427461656,20.0,0
0.04424704095050192,0.04716263378416456,0.02835801475334879,0.027503077234281588,0.014299196992339402,0.0,-0.0007588633759048252,0.006300814792529234,-0.025162169680378238,0.11793030719569443,0.3270980789780046,0.08538157837278403,0.09778934365072631,0.9022106563492737,0.001968282758716844,143.0,0.07237727907548111,0.2447635506727461,0.031174845784149773,-0.012869921427461656,20.0,0
0.1384910321111736,0.04864600016072816,0.028348586782840468,0.02792681760725765,0.12284645268053548,0.0,-0.13560155955264463,-0.1409447950038986,-0.1625490476296505,0.1258515604978017,0.7197382525085163,0.07461616083133846,0.0873907230213238,0.9126092769786762,0.00046700089335233874,148.0,-0.07837372585747317,-0.19752185034223985,0.1625490476296505,-0.022159047358653268,82.0,3
0.16124957988796487,0.04652446019332584,0.028399537308754764,0.028290312569063995,0.133942811369036,0.0,-0.09165809358967088,-0.21780672716412103,-0.23769983593160487,0.14500955417002742,0.4595547713733009,0.0681267561866642,0.08106734675168342,0.9189326532483165,0.0016165971080425257,63.0,-0.16467914729914082,-0.19152825416430522,0.23769983593160487,-0.08147128630502402,97.0,3
0.19227437917196277,0.047327969718799275,0.028051445906980697,0.02818176483392705,0.14477869826673598,0.0,-0.11783246065994185,-0.3066934888863481,-0.32247105716358915,0.14216986728755215,0.4215159654172759,0.06063937721776149,0.07355381563371138,0.9264461843662886,-0.0007451230192081277,74.0,-0.26709131476190545,0.041508523846924106,0.32247105716358915,-0.11390630559940121,95.0,3
0.2151879620573587,0.04711688607766355,0.026968900959656004,0.029910244546091508,0.13838423383649592,0.0,-0.11470200874473885,-0.3846450326971404,-0.3959783363839986,0.15050208663681774,0.5321761776066263,0.0541540415366822,0.06728628554383412,0.9327137144561659,-0.0018419322292637865,122.0,-0.3511757048776231,0.02056453037454404,0.3959783363839986,-0.1173628928726614,100.0,3
0.2467470786862498,0.04737678870474372,0.02678829581335625,0.029374397699309877,0.11668295110323018,0.0,-0.1435629103008432,-0.4752292147200483,-0.47579168587683934,0.15359975653964542,0.5707580691746508,0.04674694210581835,0.06013992916518281,0.9398600708348172,-0.0002424132791019674,5.0,-0.4467017012987447,-0.04556912032509128,0.4780769906587702,-0.13293619471873921,95.0,3
0.2484629969434684,0.04685207493549785,0.02685793155525472,0.029337975498053212,0.13008777422825946,0.0,0.014785300631576927,-0.4670658967242689,-0.46912237266160334,0.16899085170014597,0.4377816258632992,0.04735217901701168,0.06086922482493028,0.9391307751750697,0.0009742019569886711,157.0,-0.4366538759537747,-0.009683587693798635,0.47036020205912277,-0.13293619471873921,85.0,3
0.24883680822141155,0.048364592176852225,0.026943737859949156,0.029613927772426607,0.15012686384428148,0.0,0.0030220581078422674,-0.38159923006474156,-0.4672083777889989,0.15960589298899044,0.651230453987911,0.04771130201907949,0.06120060322928496,0.938799396770715,-0.004580353883396102,118.0,-0.4452009139886804,-0.0292812515436253,0.4687595998135196,-0.13293619471873921,97.0,3
0.25005715053676497,0.04839241297694099,0.02675446997817726,0.029917487362722903,0.16580656487028891,0.0,0.007994325487115863,-0.31375568761877876,-0.4610701469127922,0.1670534542492318,0.6385301897028779,0.04816824105072867,0.06181116661048489,0.9381888333895152,-0.0020801252025245704,129.0,-0.4336169141294408,-0.01480345481536465,0.4645126911425232,-0.13293619471873921,90.0,3
0.25069330561534425,0.04893085889339579,0.02919505228070197,0.028743821892373577,0.15694144378716696,0.0,-0.0057995418119895226,-0.22660449475535857,-0.4511629846514507,0.16437895552475157,0.4643675922142979,0.047413180863992065,0.060837369794434354,0.9391626302055657,0.01040740507192531,20.0,-0.44272504993476236,-0.033047667852671575,0.4676182721800319,-0.13293619471873921,85.0,3
0.2508809231686099,0.04890882250890578,0.029306081996803124,0.02795074092416256,0.13471487422132783,0.0,-0.006847364095568405,-0.13238277707908375,-0.4493965208286558,0.1716969952469888,0.8739493740786559,0.047247578636878736,0.060845396654138115,0.9391546033458619,-0.0031695466987344827,91.0,-0.4527427893910923,-0.025494039777638793,0.471263683708243,-0.13293619471873921,100.0,3
0.2502339761980948,0.05170742246435094,0.029336882441037066,0.029749474090987164,0.018407044948531293,0.0,0.0038609176183333244,0.016965556511346565,-0.4523607488400058,0.19703912906364612,0.4950781400547787,0.047527829370073216,0.06148700480314234,0.9385129951968576,-0.0025716938740753983,139.0,-0.4468494297941797,0.023102743281222072,0.46922227634921954,-0.13293619471873921,90.0,3
0.2515557040170753,0.04735847853425649,0.029435563767651912,0.02833067917442089,0.014752696165055342,0.0,0.008204981285515568,0.010371099416210517,-0.4449185157923546,0.20829259695680172,0.5429412537635523,0.04779596103913033,0.061566317668270594,0.9384336823317294,0.002312586171958945,88.0,-0.4524247999599831,0.017523273320203724,0.4648672550598963,-0.13293619471873921,90.0,3
0.2512993751019326,0.0480619520220426,0.02828361797614886,0.02921627560172723,0.014717092625191351,0.0,0.0004287848643950849,0.007758825521645121,-0.4463684487163572,0.18391525620908872,0.6739316530328421,0.04808077682028164,0.061866975993584365,0.9381330240064156,-0.005456247701325417,51.0,-0.45667897431167337,-0.02411226540453538,0.46463779823842377,-0.13293619471873921,94.0,3
0.25134001701600994,0.04703886184869699,0.02710772362250662,0.028749015228510692,0.015863897857166367,0.0,-0.010349429845495752,-0.010580644118440055,-0.44589680775380053,0.16461406269533368,0.5431470575243051,0.04772358724132538,0.061569753270269346,0.9384302467297306,-0.0024647393193817364,159.0,-0.4666020980523154,-0.04144493679922473,0.4701784917874854,-0.13293619471873921,90.0,3
0.2491618896264708,0.047806365444912395,0.025236910408153415,0.028911380486243553,0.01775994378764094,0.0,-0.010946113552517086,-0.015702466035311537,-0.4584163716325229,0.18150054535044957,0.5609152642304196,0.04762146667695155,0.06182123863634994,0.93817876136365,-0.008528780348276633,112.0,-0.4726141651339985,-0.0168674386332381,0.47597797817894544,-0.13293619471873921,90.0,3
0.24841841432171155,0.058356888362392036,0.024774386311086208,0.029378586622498995,0.01930483148539947,0.0,-0.011486045798156411,-0.020299788537050188,-0.46406067563081915,0.2148899231241794,0.6155320719635309,0.047106577608317955,0.06190564739204228,0.9380943526079577,-0.0007234587245200525,114.0,-0.4777984944466987,0.007171456564475293,0.4819969191208246,-0.13293619471873921,90.0,3
0.24715573370965552,0.05802990214303565,0.02528040128093109,0.026876454331061363,0.01958022257967387,0.0,-0.01423035172820359,-0.037955641149069144,-0.47298963840278446,0.22045829002145886,0.464899781852409,0.046726859175595506,0.06171477269626799,0.938285227303732,-0.005646080112029652,15.0,-0.484400252597535,0.018071972042932705,0.4893682851580283,-0.13293619471873921,85.0,3
0.24451800217982522,0.058359799451042416,0.027975475009290818,0.028076520759591488,0.014701853351799998,0.0,0.0009944383427525157,-0.04483604968810722,-0.48244063084780725,0.21065830591642828,0.7387884947340952,0.0473378631240315,0.06253419020955371,0.9374658097904462,-0.011988870634426376,8.0,-0.48558205562403545,0.0010359314975965446,0.488860493401764,-0.13293619471873921,92.0,3
0.24403216507445014,0.05888917830889239,0.025768929363620453,0.02773003054707673,0.020616603524106745,0.0,0.009329193306390142,-0.03633834408880497,-0.4840919741381762,0.19399279720201576,0.8927688530517204,0.04766930557582061,0.06280907697442027,0.9371909230255797,0.0018907579904925474,121.0,-0.48674060352152126,-0.03409861869197814,0.4840919741381762,-0.13293619471873921,100.0,3
0.24427306471959678,0.06463439628733642,0.025946673583521533,0.02748689047891038,0.02065347131967951,0.0,-9.539396045085934e-06,-0.026269986374523678,-0.48285563913262647,0.17328222347534786,0.7083353660689145,0.04750001740785168,0.06225336881240187,0.937746631187598,0.003891128225243388,4.0,-0.48755601898557693,-0.06104873247113051,0.48285563913262647,-0.13293619471873921,92.0,3
0.24346871871769993,0.06493612629705595,0.02592490438309086,0.028175940518516525,0.023774483260535634,0.0,-0.018188760142252045,-0.03340041926512999,-0.4898476141698241,0.16670649140963922,0.8524172295937786,0.04675119858379302,0.06154635322953498,0.9384536467704649,-0.0016055932768180123,70.0,-0.493169262628508,-0.0632135180181067,0.490716804042603,-0.13293619471873921,100.0,3
0.2435782661914847,0.06410118882122365,0.027116822653298685,0.026444948038596056,0.023042438850390458,0.0,-0.0014564909224471722,-0.023593209668735765,-0.48928587668644496,0.1494067899012282,0.4473312427022345,0.04620687373680272,0.06088399660426949,0.9391160033957305,0.010348675069624667,47.0,-0.49735300470821314,-0.08722378287399998,0.49145857039446983,-0.13293619471873921,80.0,3
0.24294716187142626,0.0646425430913248,0.027157784763251966,0.026533236903332404,0.020097264199697117,0.0,-0.0012284930251514102,-0.010714842854699409,-0.4920833099937407,0.15353567016895092,0.5327516618786927,0.04660868386548423,0.06168912093595346,0.9383108790640466,-0.010028401295337648,34.0,-0.5017820098324892,-0.08359865350579578,0.4920833099937407,-0.13293619471873921,85.0,3
0.24550159710588365,0.06978993895264253,0.028154297427174152,0.02650035393557198,0.02678316211241055,0.0,0.017362768648821997,0.005462016475163795,-0.48287204054319843,0.10374130260697013,0.6816317456211174,0.047835005245271976,0.06267195039700948,0.9373280496029905,-0.009145649762467498,166.0,-0.49588410200551825,-0.17334980301734293,0.48287204054319843,-0.13293619471873921,97.0,3
0.21854074861986353,0.06840968375985415,0.028127475597296496,0.026703279701386685,0.02710578368071268,0.0,-0.011728163814718605,-0.01551466080023589,-0.4087645533341908,0.08312035994401397,0.7000862795757357,0.047294516158002335,0.06212789770148607,0.9378721022985139,0.0001370586206656449,25.0,-0.5048693121146092,-0.09286389695176865,0.4087645533341908,-0.1173628928726614,92.0,3
0.20661089152634168,0.06826451934874304,0.028802140660994752,0.026392315701848943,0.026963530976289837,0.0,-0.0030851005344789354,-0.018542534534923282,-0.3511128114714105,0.07796301221837368,0.7495224925407087,0.04691513170257122,0.06171929903336158,0.9382807009666384,0.005080224199221544,91.0,-0.5053531897227767,-0.07571121450109833,0.3511128114714105,-0.1173628928726614,97.0,3
0.18093201590313138,0.06918729748773766,0.028793999139520285,0.026301826815294683,0.024881941682496984,0.0,0.014127086137607823,0.013761667430401166,-0.254048642249059,0.07365267623378824,0.768666474579583,0.047610235430304355,0.06220423820735704,0.9377957617926429,-0.001121167470371839,36.0,-0.49459636517561967,-0.24242433264273874,0.254048642249059,-0.10022502145436582,92.0,3
0.1473422747499636,0.07011080858085796,0.02882463528294936,0.024560182474423462,0.024541535780463006,0.0,0.0037811884958089265,0.01907917094651967,-0.15421479791045206,0.08164704632916192,0.8647342475724273,0.04790561916997478,0.06276223912497236,0.9372377608750276,-0.0028132675748550064,148.0,-0.4891274151720753,-0.22928959266748342,0.15421479791045206,-0.017594998880144777,75.0,3
0.04605560409748285,0.06957942044657667,0.029238025384997864,0.023651771993435357,0.024062843701089045,0.0,0.00471049163357366,0.025138910857011587,-0.007785537982372851,0.07144157136251471,0.510593334928612,0.04843290201431888,0.06341689889157584,0.9365831011084241,-0.006482852920505361,136.0,-0.47987292961712086,-0.3624773495511102,0.032919082558573225,-0.013855023541180842,25.0,1
0.04345080062908559,0.0692564294163249,0.03174167867138857,0.02492484397336253,0.019265846868880644,0.0,0.0010361144066275663,0.008687464958307195,-0.02122891502466719,0.06775734970044493,0.3717217810175161,0.04798360163001978,0.06292619912717463,0.9370738008728253,0.010250480744536765,154.0,-0.48039232870086707,-0.42526013150153386,0.03191707608763756,-0.013855023541180842,20.0,0
0.04343135139220013,0.06875624769838341,0.03164878750697109,0.02478367440687571,0.012785627016186669,0.0,0.002797884505507041,0.023513591049836607,-0.021447668578696094,0.07300865970677771,0.33466407515277463,0.04828697675890235,0.06325682404916565,0.9367431759508345,-0.0036102435510751087,107.0,-0.47863551592368625,-0.4218488112076153,0.029208491874777212,-0.013855023541180842,12.0,0
0.043145152071156566,0.0687181765899794,0.03201952988097481,0.024918881860478873,0.010303972630177455,0.0,0.00646999580655598,0.03332362696572377,-0.022927474888166863,0.05843043756287841,0.6363982458063986,0.04842456069606184,0.06328213567653503,0.9367178643234649,0.003356534800491437,12.0,-0.47342644758593255,-0.4625896331473643,0.022927474888166863,-0.013855023541180842,12.0,0
0.04322812088289497,0.07157161719538668,0.029578147098649733,0.024910804351440517,0.010203001274171111,0.0,-0.006488287685211351,0.012318022105112432,-0.02360435515307411,0.0442335732220451,0.2535692964410292,0.04809042763307131,0.0626523737895461,0.9373476262104539,0.0010191155630368198,110.0,-0.4641179284828911,-0.4175367136314861,0.029040155003325636,-0.013855023541180842,12.0,0
0.04351684289696901,0.0714956635597463,0.030419274101610782,0.025111753503884116,0.011249678755681952,0.0,0.007295803908023791,0.015862528182064434,-0.00969981808212317,0.043458828298704594,0.34635476402221566,0.0488321278976562,0.06364037921761204,0.9363596207823879,-0.008473487236111592,4.0,-0.4547372744120019,-0.3824448054981008,0.021956222371664728,-0.013855023541180842,7.0,0
0.04450502000282439,0.06869130025219518,0.031107591215700822,0.02361658304146385,0.016375883325508978,0.0,-0.011049028785536857,-7.191899372287669e-05,-0.024408352279439327,0.031723600542789415,0.5780324019346512,0.0480904206617841,0.06302749879220493,0.9369725012077951,0.004554648906038971,98.0,-0.4657277206043673,-0.46143491843719137,0.03276265622419541,-0.013855023541180842,25.0,1
0.04369438773517361,0.06773484747568775,0.03093463696998545,0.02503563441316362,0.016562185134102115,0.0,0.002784984154167646,0.001675014953434731,-0.02965302377994146,0.051097472940781125,0.3376335971625154,0.04840704071684277,0.06351404868037286,0.9364859513196271,-0.00401877585830373,84.0,-0.4613783602433691,-0.42881141312238347,0.03006891554846059,-0.013855023541180842,20.0,0
0.04375094434252678,0.06845903444724813,0.03090226450761976,0.03002378031077073,0.016413570212264573,0.0,0.0015606303720035344,0.00043914621874005023,-0.028555211639315195,0.045388018095489494,0.2671512383561045,0.04838620854672351,0.06331601099303183,0.9366839890069681,0.0020642003420537906,116.0,-0.46217751483346403,-0.4311175692446449,0.028555211639315195,-0.013855023541180842,12.0,0
0.04292642571500637,0.06911981728494829,0.031183815413116437,0.030922399832084106,0.015241643108899269,0.0,-0.00491986959278698,-0.010882470186261196,-0.023225534509173387,0.03580571763510052,0.3095794195205321,0.04803200676879409,0.06280985465542066,0.9371901453445793,0.0027739080283382764,112.0,-0.45876615056695774,-0.4238994555703448,0.023225534509173387,-0.013855023541180842,12.0,0
0.041693842868882086,0.0692481037029472,0.03015059381033183,0.030833508775932585,0.014369013663591527,0.0,-8.522086590394548e-05,-0.004507723359382364,-0.012499483285792366,0.0034779392992773214,0.21162622258632124,0.0481050729668192,0.06268112729782628,0.9373188727021737,-0.0013749012613809449,103.0,-0.46518588714316095,-0.38391371174947736,0.012499483285792366,-0.013855023541180842,12.0,0
0.04044429180369464,0.05496247984239523,0.03210632865506947,0.03045293811513256,0.01161148868099316,0.0,-0.0049706244180610926,-0.016630413251673627,-0.005990741601260541,-0.039061965344929894,0.6492370533753595,0.04742125605518349,0.0618235235223164,0.9381764764776835,0.009664422199484754,81.0,-0.46727134963706907,-0.28330484872056927,0.016630413251673627,-0.013855023541180842,17.0,0
0.0388398983910988,0.05757791053284207,0.03270438582348018,0.030576911363718314,0.00997422641623644,0.0,-0.008613097592256218,-0.01420822982640019,-0.0003265353359335441,-0.028530605286962236,0.3163282015506037,0.04665619082201789,0.06119921833382358,0.9388007816661764,0.007805314740791433,88.0,-0.47316172590824906,-0.3039396056506486,0.02510027147159363,-0.011626293560341342,5.0,0
0.038920894225543665,0.05823680940346264,0.029967638264322836,0.03032464277114979,0.008238409113954268,0.0,-0.002783371493719175,-0.01968222401042419,-0.004099359742750578,-0.02236201868079942,0.542407347923637,0.0465560338882489,0.061227314131036915,0.938772685868963,-0.0006270508677537846,15.0,-0.48456229289019315,-0.3122118802370179,0.027813779585214155,-0.011626293560341342,5.0,0
0.038570307212519604,0.0587036877039408,0.030242538389465848,0.031651921413674136,0.0075585202164275235,0.0,-0.008874417289755084,-0.029895946880422474,-0.02206078161375305,-0.02921301916351377,0.4032960509706066,0.045954018190105465,0.060442272632559746,0.9395577273674403,0.004650243677761359,125.0,-0.49547330842949633,-0.28348728058462125,0.03644136578852478,-0.011626293560341342,13.0,0
0.038727189788134324,0.05731533623950982,0.03081897001523026,0.0320476905814225,0.01038628875649492,0.0,0.002739375508524744,-0.02242894549071719,-0.019372484275834732,-0.024971729346144715,0.4948681627605841,0.04575876374154926,0.05989013589337065,0.9401098641066294,0.007154127185373218,65.0,-0.49287401013186627,-0.30827691780459354,0.03380181686493831,-0.011626293560341342,15.0,0
0.03556907074488139,0.05745141207733417,0.03221896231519059,0.0343334598762479,0.010507519870595458,0.0,-0.009247386225569875,-0.03138637650298138,-0.010441890557690622,-0.022176121317499072,0.5669003643842978,0.04489069910375944,0.05892860945966243,0.9410713905403376,0.010299090898824421,49.0,-0.49517456955040756,-0.34135782175193913,0.04273662463483212,-0.010778782401541809,15.0,0
0.03608337136242109,0.057744554905533804,0.0308217330497358,0.03434476224170731,0.014711893760496352,0.0,0.005930785931515432,-0.020774373642507355,-0.003121088157916155,-0.01874270143022124,0.2270582876602808,0.04522733644583456,0.05936819723089687,0.9406318027691031,-0.0019028723068716868,77.0,-0.49087986048879945,-0.31356123111802386,0.03705930047546141,-0.010778782401541809,13.0,0
0.03723193292080361,0.05472173612447965,0.030532696351050773,0.034426606945067696,0.015040786710244216,0.0,-0.009501310777787462,-0.021651691176992085,-0.011378229557649116,-0.03813227340717555,0.6121906824272113,0.04429356576175162,0.05823710156581826,0.9417628984341817,0.011862411770243409,27.0,-0.49786250268879323,-0.3047910809756324,0.0462084993222241,-0.010816871084374447,13.0,0
0.032643337058922396,0.04947448853395048,0.02921091649855392,0.03446997737163375,0.015027156386909777,0.0,-0.004513561749267328,-0.023349144530726368,-0.03263654287067182,-0.01797190387159661,0.22882104589414692,0.04434099664374952,0.0583026982351792,0.9416973017648208,-0.005318407641040594,135.0,-0.4997493093616334,-0.11059931790215112,0.05051349615645959,-0.010816871084374447,13.0,0
0.031134304981735906,0.049796370031120245,0.03061829846311962,0.03434491430805054,0.014135806522240947,0.0,-0.004987386950702688,-0.01951888167393521,-0.02603837729298828,-0.023677276030629756,0.28052539743670996,0.044447529371511266,0.05842178101523684,0.9415782189847631,-0.007059742859498583,71.0,-0.42415936496346357,-0.10044122153552991,0.055248952755597186,-0.009463222094954824,10.0,0
0.033203534450427806,0.04965881003805423,0.03047340468662046,0.03433788107141368,0.018850246084613314,0.0,0.010979616115345538,-0.011461553396231795,-0.012297491026245168,-0.029269318301000033,0.5232316634526717,0.04474853213920671,0.05862639012339482,0.9413736098766052,0.003728789567601222,96.0,-0.3590924958493863,-0.10077532458222994,0.044875948932282965,-0.009463222094954824,18.0,0
0.02990389277419729,0.04890013977134523,0.031286616877574294,0.034214670354178,0.017291837837881005,0.0,0.0028007208240361956,0.0005596281396517029,-0.02332873118409854,-0.02625293107522973,0.6612647544377874,0.04513372880070922,0.058927183784123954,0.941072816215876,-0.005717423810978405,77.0,-0.271450740950444,0.00021128762005462247,0.0422009131129198,-0.009463222094954824,25.0,1
0.029511739880009578,0.046100023170711935,0.03214446248879354,0.034857451913607534,0.016085608916912218,0.0,-0.001627473484834865,-0.0069582740229741594,-0.028591317113954063,-0.038313182636482535,0.4923326212642951,0.0446237208931008,0.05832405058943575,0.9416759494105642,0.009821841884301047,110.0,-0.17839691083368406,-0.061725783824473204,0.04375970573062757,-0.009463222094954824,18.0,0
0.029410209194478718,0.0464265389635372,0.033778468523270995,0.03543008882100178,0.013637766822812624,0.0,0.00418074220572457,0.006758906683569686,-0.029103507638738788,-0.0355539198331456,0.6750396124575588,0.045299101079425065,0.05922046498179734,0.9407795350182027,-0.011037793281451139,54.0,-0.03666245915696996,-0.051648973281333034,0.03976191157356112,-0.009463222094954824,22.0,0
0.03308183595905557,0.045762204693194426,0.03248957256708595,0.03582760464365142,0.021348924598243,0.0,-0.01695969089932063,-0.005828157181979613,-0.04655748756744295,-0.0397548984352089,0.24082941221286447,0.04457127757660316,0.05855027181903967,0.9414497281809604,-0.00018402497215295555,46.0,-0.06679803764477889,-0.11103661723163454,0.05604725274302804,-0.010816871084374447,8.0,0
0.03277635306604788,0.10011470018405697,0.03213269479794981,0.035587350883030604,0.0208827543330886,0.0,-0.0002521524888655472,-0.0010969239198472965,-0.04945740885752509,-0.1272048763848266,0.6196726518693727,0.0444614046177815,0.057117835846997644,0.9428821641530023,0.0035295094670053737,94.0,-0.06984433132228392,-0.10207692478275467,0.056285272777620354,-0.010816871084374447,18.0,0
0.03666094747892165,0.11021986188984648,0.03416472653240987,0.03451835666365395,0.024202104694562136,0.0,0.016545012510151984,0.00440199167623459,-0.03994223948025483,-0.1698803289314924,0.2967804504725703,0.04564560052952633,0.05775505305987087,0.9422449469401292,-0.009890425849566023,2.0,-0.061953939675761,-0.29864655331159673,0.040671500809711415,-0.010816871084374447,8.0,0
0.03642076755874294,0.12246548985815126,0.0345531406347408,0.03497975232917958,0.024111955130490186,0.0,0.0011813018878244622,0.0027799868540275582,-0.0325309036114117,-0.20662550987543762,0.29701993864633575,0.045461423093956045,0.05675014928347452,0.9432498507165255,0.005951400455746679,49.0,-0.055367387762191626,-0.3158656802642708,0.03953824424257412,-0.010816871084374447,10.0,0
0.03541061411848922,0.12149440192270311,0.03458714181137317,0.0358313989099435,0.023999261948986664,0.0,0.0006547229418265429,0.005072258367862201,-0.03890940789633273,-0.21328516002011963,0.45396329117760414,0.04588625330248336,0.05727651603067317,0.9427234839693269,-0.008638083306033606,104.0,-0.04823181180017835,-0.3598193261762726,0.03890940789633273,-0.010816871084374447,18.0,0
0.03454742026973542,0.12346598400524837,0.03439722054504371,0.03568290971350967,0.024057572696877704,0.0,0.004585932830423756,0.005477808722613442,-0.02371490892279056,-0.20630533197127449,0.2945108755433727,0.04599607112522014,0.05761068079312109,0.9423893192068789,0.0017266391198267666,87.0,-0.04754441935096759,-0.2684965350488087,0.02794331744272692,-0.009463222094954824,5.0,0
0.03534536743914708,0.12246774985003482,0.03395081100125937,0.03406848413037907,0.01415831839258496,0.0,0.007440127415797594,0.030434543075815165,-0.019182783856128066,-0.22577338421784712,0.6158040807738161,0.04628272326353773,0.05768440321601399,0.942315596783986,0.0010574871117444563,48.0,-0.048266980090218285,-0.29343290531441313,0.02071109186912329,-0.009463222094954824,5.0,0
0.03827367884102131,0.12324251774820873,0.033939693296323535,0.028963458102689816,0.024005228809185385,0.0,-0.016078584339444618,0.014122327837671981,-0.036456671171188226,-0.23722344597062447,0.3842278706607293,0.04553384062104913,0.056656095360468506,0.9433439046395315,0.0011273638772738798,106.0,-0.06397085484954522,-0.22600124419151144,0.036456671171188226,-0.015091993305196044,13.0,0
0.039935675983993,0.12436147871650123,0.03409572162721359,0.028481943635324917,0.021880660878955016,0.0,-0.013543587228207669,-0.01589456313373154,-0.04480707968945759,-0.22640770674143906,0.46191910092838323,0.04473137720553316,0.05587724197048882,0.9441227580295112,0.004703727540700213,44.0,-0.0669919458230482,-0.2530933840020592,0.04480707968945759,-0.015698334772759077,13.0,0
0.04006428607001869,0.12447358934591793,0.03412681763723196,0.028437455913558018,0.021999001159065595,0.0,0.001818672985021024,-0.015268062857637855,-0.04298833876735505,-0.21650469423363525,0.4873840817488313,0.0446064518052483,0.05567182201883905,0.944328177981161,0.004573346370262586,82.0,-0.05495049003124088,-0.24480091091234638,0.04298833876735505,-0.015698334772759077,25.0,1
0.04013038388140569,0.12859949843142274,0.03358310712435151,0.028072246688126072,0.021848129923243066,0.0,-0.005720517854506072,-0.02154185847883396,-0.0437095805527445,-0.19576237787326692,0.2691990032145146,0.044573444849209914,0.055958328571435206,0.9440416714285648,-0.004990328680530413,134.0,-0.04943846935141406,-0.2575121317815587,0.0437095805527445,-0.015698334772759077,20.0,0
0.04134998442600425,0.127583788638331,0.03338578942041855,0.02835418279255851,0.024757866552051387,0.0,0.01087130927490429,-0.015419955360700743,-0.024914948940782257,-0.20013486158312868,0.320665385217896,0.04528562805234085,0.056864872244517514,0.9431351277554825,-0.005641441803079225,105.0,-0.025233348665493656,-0.16771806428591002,0.024914948940782257,-0.015698334772759077,12.0,0
0.041337731083445926,0.12775360893198498,0.03336790975145872,0.027980941304327305,0.02229517695323879,0.0,-0.0024703318133111303,-0.025105533813110932,-0.024608856659497844,-0.19916147430848216,0.36186084369458027,0.04515907803540569,0.05684339295252405,0.943156607047476,0.00032807090767731116,35.0,-0.028607335845943355,-0.16687325019163876,0.025105533813110932,-0.015698334772759077,7.0,0
0.04309609086512924,0.1290956520658458,0.03468047120055188,0.02626793723378801,0.02202862207933006,0.0,-0.015572846771531187,-0.024604436115211327,-0.031200946405530977,-0.1842109764488598,0.201218978242731,0.044926305977036854,0.056853476679292136,0.9431465233207079,-0.009886924738136247,70.0,-0.052573410754489194,-0.20648376217480752,0.040287415953453046,-0.016002723704257604,17.0,0
0.043745794075699077,0.12879672873968612,0.03476395153783338,0.02579048018867606,0.02077154085870848,0.0,-0.010200904491068362,-0.021299233907524716,-0.04370322897571081,-0.17970208250429356,0.5581822163081692,0.044162667587428206,0.055861547128212764,0.9441384528717872,0.007527798713193467,50.0,-0.06222907313541038,-0.18968277481450072,0.050077352362188285,-0.016002723704257604,22.0,0
0.047571400973158956,0.1286444927546755,0.032862098024190635,0.024685072407728603,0.02552799067832497,0.0,-0.0221030774689156,-0.04466896749991389,-0.05611183214705278,-0.18127789032362115,0.4381315590380813,0.04328449874684544,0.05502521156229705,0.944974788437703,-0.0013034969087047962,57.0,-0.06596780909447238,-0.19171591547252187,0.07107356623240425,-0.016827524915339228,34.0,1
0.046820613309742326,0.1321576028841066,0.03596171829545626,0.024657157637289828,0.02604986103365709,0.0,-0.0018099870012962345,-0.04091162206062248,-0.06337517877437701,-0.1651878273721905,0.5555995139388585,0.04261881457539665,0.05449561096149057,0.9455043890385094,0.013567415837919105,75.0,-0.06629846741231464,-0.20398354263909027,0.07275491100268407,-0.016827524915339228,37.0,1
0.04630820641590633,0.13230293885798175,0.03378576495201666,0.025203292129503396,0.01917909673663012,0.0,-0.0014371163160435433,-0.052589535783861184,-0.05574960109492483,-0.17555577370607206,0.4719209887371732,0.04243647576153473,0.05410042675253682,0.9458995732474632,0.003095560387550546,19.0,-0.06649349889356852,-0.2020751002728311,0.07408747004905336,-0.016827524915339228,32.0,1
0.04626787635555439,0.13245489177885847,0.03356846538127685,0.02591421541383952,0.018894402273386235,0.0,-0.0033600658144962298,-0.05343456659344498,-0.05465547368676353,-0.17235424324853077,0.46753170562537943,0.04246112220447017,0.05416631975734782,0.9458336802426522,-0.0037908542139045345,151.0,-0.08550825084734041,-0.20206113043243398,0.07719859708815525,-0.016827524915339228,37.0,1
0.04745294105646976,0.13254421652785162,0.03336896082052165,0.025896730642277193,0.023231305259688275,0.0,0.008948813814774387,-0.02985602530209378,-0.04141492684497856,-0.1774448529722407,0.4974433353097526,0.043096005360284205,0.054722594157356294,0.9452774058426437,-0.006143834525180393,160.0,-0.06637492664721578,-0.20504516851058682,0.06894061914548455,-0.016827524915339228,37.0,1
0.047183744035536504,0.13330520102096424,0.034045220519527374,0.02710732970074706,0.02584313225447245,0.0,0.009934900158173485,-0.010120071162721875,-0.04240549985581731,-0.16900253945998317,0.24290694034180438,0.043186505409831405,0.05480927856067936,0.9451907214393206,0.007302636336920114,104.0,-0.054181509628122126,-0.18683830356944642,0.05969063715536412,-0.016827524915339228,20.0,0
0.046957972287333546,0.13444501957474736,0.03887711947111961,0.027024540093722352,0.013302782949050405,0.0,-0.0012903823907489563,0.010947659646332476,-0.04631217628379316,-0.14953083402802064,0.20310901647271934,0.04395953607624547,0.055940100595374555,0.9440598994046254,-0.01890629283037353,138.0,-0.0685605031568165,-0.18088805374766714,0.06090399579903521,-0.016827524915339228,32.0,1
0.049269936495917134,0.13418243339962124,0.03721338699104136,0.027579680276530984,0.022040114534050526,0.0,-0.017180405203243508,-0.004619204484439149,-0.06116899696846231,-0.16160603074450075,0.2570580604032081,0.04336422788322728,0.055253563283999434,0.9447464367160006,-0.0027998785473905582,107.0,-0.08801141189254857,-0.16315803746356314,0.07703804567595465,-0.017147298057655077,32.0,1
0.04941230121806453,0.1338076485081123,0.038086109248833176,0.031622743196669405,0.022641784912244195,0.0,0.005153315889038149,0.001950226202674005,-0.06025971611069387,-0.16597551731022933,0.31441994908426474,0.04305402995368438,0.0547969733109723,0.9452030266890277,0.012178545311836562,80.0,-0.08760945464129685,-0.16745611668621613,0.07228173117175885,-0.017147298057655077,32.0,1
0.04759853899351113,0.13550157469333138,0.03808809216539891,0.032395739730197666,0.02250268549878236,0.0,0.004645253169744925,0.00999819908832807,-0.03960640608371217,-0.1547273363974169,0.6866525107067082,0.0432633820435167,0.05520570686323495,0.9447942931367651,-0.0006127696182767241,50.0,-0.0843199188923216,-0.12373514354689466,0.06797224494285418,-0.017015132073673674,41.0,1
0.04776557100436595,0.10322034246195502,0.038112908939856145,0.03241573001603292,0.021167394826140225,0.0,0.002629623001295236,0.0036724358247011576,-0.03683806932085201,-0.06744496455056953,0.5965225750585856,0.04320947665442323,0.05511866747535605,0.944881332524644,0.0037539403325417397,97.0,-0.08447356272245386,-0.13337827701662983,0.06552136332031035,-0.017015132073673674,37.0,1
0.04523049039356681,0.0905084299237067,0.07506395469491643,0.03248051224440897,0.02043313630930571,0.0,0.00814675425989924,0.0018953779677543618,-0.044795299478994896,-0.02804300610838295,0.5865014751239237,0.04648284977845029,0.059030688502505556,0.9409693114974944,-0.06278905908036117,124.0,-0.08294831437986998,0.0397111584382755,0.05790839550615526,-0.017015132073673674,25.0,1
0.04569637473325234,0.0648904675048378,0.09190483842766074,0.03234222557856535,0.02232432492346914,0.0,-0.00936663875765504,-0.0062066406596978764,-0.05485885386857485,0.043029067642963915,0.2270806400235753,0.04872176290916341,0.062073096534930365,0.9379269034650696,-0.05434822306618651,109.0,-0.08560514939255542,0.11175043933741018,0.06673262724206873,-0.017015132073673674,32.0,1
0.049270511420112906,0.06848007311691129,0.12259088600770571,0.03187877923950514,0.01888777523527164,0.0,0.016638319442999327,0.027989690134606768,-0.0397619834195869,0.06806694573740883,0.2509708480577362,0.053926181911203866,0.06881534869095406,0.9311846513090459,-0.08201899469277867,5.0,-0.07712427608427971,0.22100063547892176,0.05120462656839354,-0.017015132073673674,15.0,0
0.04918676392288751,0.06815310350838134,0.13657799282785227,0.03129126293893736,0.021939298453589204,0.0,-0.007703866726510286,0.014840401400209598,-0.05150924402224282,0.0277076480908455,0.6151800097580484,0.057366576072027047,0.07306222578738432,0.9269377742126157,-0.0662465116040581,162.0,-0.07400261591436409,0.21645394635346057,0.05851401967604019,-0.017015132073673674,25.0,1
0.04896573570250397,0.06591283814026322,0.16826600777371323,0.03245416240342299,0.022142209588497334,0.0,0.006236747607212865,0.016448046336220934,-0.052642209241030274,0.04002909660343118,0.4399421328767774,0.06448817560709294,0.08192877837973381,0.9180712216202662,-0.10415223447446278,114.0,-0.07081516897557859,0.26248311527984564,0.052642209241030274,-0.017015132073673674,20.0,0
0.048315298216371316,0.06058679851255075,0.17112830021259892,0.032794913587928604,0.026714923711748075,0.0,-0.013584029168177351,1.0934671493914518e-05,-0.05024035454169785,0.06230790340051335,0.22289377523163034,0.06699018303628686,0.08529251460465795,0.914707485395342,-0.04930704117676462,43.0,-0.08486542962783548,0.1851202846665746,0.05024035454169785,-0.01693927143848666,15.0,0
0.047229697106533804,0.060586288920224926,0.1928243069899182,0.03392703712416559,0.025775165317291297,0.0,-0.007467557567043091,-0.015477368493034613,-0.044390356810356815,0.06229905329856162,0.2151074065928818,0.07424638711218459,0.09481206815609033,0.9051879318439096,-0.10300054775607326,39.0,-0.08720843424476929,0.1972220494681042,0.050954458192168935,-0.01693927143848666,15.0,0
0.04919214437908957,0.06035602435832176,0.20464069258321066,0.03409026658439129,0.027670781842366522,0.0,0.01255931212034823,0.006313331983307785,-0.03414513119367257,0.0690044606358261,0.401459827815544,0.082645896754933,0.105337083506724,0.8946629164932759,-0.09029522446526402,126.0,-0.07566562749401824,0.2007534154836805,0.03903509901617939,-0.01693927143848666,20.0,0
0.04899996954555409,0.05669502885380541,0.20624632746189575,0.03457154890532314,0.021827422248323358,0.0,-0.002028178595028018,-0.012163588941135466,-0.03055834909156562,0.05175917771825146,0.41698567030289546,0.08201224788520356,0.10473839171813418,0.8952616082818659,0.005689751296806055,44.0,-0.07293223702313345,0.24698923029016817,0.04098410745892799,-0.01693927143848666,15.0,0
0.048179570914168544,0.05958395162555081,0.2070994765379729,0.034817574809970525,0.022103723959062956,0.0,0.006982202053525689,0.002456475563576192,-0.03428806472466395,0.06330962048614659,0.6836791094798895,0.08241461498762996,0.10561719056676215,0.8943828094332379,0.0009679406555626687,1.0,-0.05834872828355296,0.2582211460599172,0.03428806472466395,-0.01693927143848666,27.0,1
0.04828175900134889,0.05924796034471759,0.20644051214279852,0.03451849786260491,0.021322853619600016,0.0,0.0020368041204162257,-0.0017276894009335742,-0.029924690778081478,0.05285369098796527,0.5562891205143599,0.08294808583951578,0.10624117710614893,0.893758822893851,-0.0045602035810767645,79.0,-0.05379713501164172,0.258510459787081,0.029924690778081478,-0.01693927143848666,17.0,0
0.04600092054279771,0.0598716549976163,0.20677163533674253,0.03564827977916871,0.01580212814090105,0.0,-0.0007566933182518328,0.01125382608176595,-0.015324540228055267,0.0317374238362228,0.5676046762600511,0.08341993427261116,0.10662499113629405,0.8933750088637059,-0.0061065775191826805,130.0,-0.04604734647524129,0.3120180900089165,0.015324540228055267,-0.016640948797983585,17.0,0
0.04632704515156948,0.058210104654566594,0.20571502498917357,0.03554626024976742,0.013858770747930899,0.0,0.01129914984702727,0.03037451560695253,0.006064220366437589,0.045836471566744696,0.5551778889333789,0.08419256188713754,0.1073772241856721,0.8926227758143279,0.0010486850730223542,36.0,-0.03790403462050681,0.26421977984284956,0.0,-0.016640948797983585,12.0,0
0.04039607341796624,0.060459080269599924,0.20589820184569932,0.035336774732058866,0.012145463232904826,0.0,-0.0018306335543780473,0.01573138988905466,0.026920590820096773,0.06397222437963371,0.3179653253816932,0.08401342379106165,0.10762386946473752,0.8923761305352625,1.9026523047774543e-05,60.0,-0.03070180500035277,0.2653414721922167,0.0018306335543780473,-0.012951420606599004,9.0,0
0.04308298948239256,0.05588457723396245,0.20517528473014585,0.03707425394786858,0.01970004627044275,0.0,-0.014335913771542644,0.0032046304264198707,0.014034134381980303,0.03531932843226363,0.33676487404559974,0.08213158877745373,0.10550003929552783,0.8944999607044721,0.009524328345027266,96.0,-0.05023046016779834,0.3217329101704285,0.016140303521137836,-0.01422313108103785,12.0,0
0.04359674359878434,0.053575614484417944,0.2082420587962013,0.03747978535506531,0.019129942941411807,0.0,-0.006437617067865559,-0.010164845870787913,0.008956158288333365,0.05999358606765657,0.20709609660524425,0.08022283375106615,0.10338799444187295,0.896612005558127,0.01757730605780789,137.0,-0.04729274505850905,0.2984232508156613,0.022474015495575185,-0.01422313108103785,12.0,0
0.04360555817618288,0.05349909864500567,0.21025485889954765,0.037411309180641804,0.019762737083329616,0.0,0.004611059988992677,-0.007621936324988243,0.017025789247375616,0.06235576470941451,0.28865084078644987,0.07983512686803962,0.10282408624502826,0.8971759137549717,0.009083635279549005,147.0,-0.03856023701559423,0.292552056824557,0.01796658454022616,-0.01422313108103785,12.0,0
0.04288960030428323,0.05147871994572979,0.21059974440171142,0.037250073586873975,0.020211035970068434,0.0,0.00333486666666461,-0.003558487164918222,0.01136690055954217,0.07355899105821827,0.5309940044700743,0.08030979625469357,0.10330837495642818,0.8966916250435719,-0.0028099757315109514,44.0,-0.03051878564056397,0.36101608576875355,0.014691634037458559,-0.01422313108103785,12.0,0
0.04360888978534504,0.051833808901145036,0.20925667254956315,0.037742126694949786,0.017828576596885932,0.0,-0.012614735726136767,-0.027121038682827673,-0.011214708759523125,0.06033058102377911,0.6210428009971405,0.07951810268823031,0.10246727344347728,0.8975327265565227,-0.0016593527048308107,130.0,-0.05314464328465545,0.3749454678649585,0.027121038682827673,-0.01422313108103785,17.0,0
0.04391988157235714,0.05181525913806747,0.20981102451544736,0.03789420932265694,0.01759068924397527,0.0,-0.005797361969924007,-0.03098726294343155,-0.01567690181066993,0.06021603058990859,0.4633077700134139,0.07978502674756277,0.10320585594635448,0.8967941440536455,-0.008913149833367731,154.0,-0.06126304665422363,0.3551433606004214,0.03276117017450701,-0.01422313108103785,25.0,1
0.040795283630607394,0.05068140536606905,0.21036596547646766,0.03697496448921344,0.014516840750787144,0.0,-0.004638941644432493,-0.02145410693892806,-0.0031162524998568845,0.06572654529885001,0.6110307274505017,0.07934140213632312,0.1025969780812598,0.8974030219187402,0.0014412625348458486,90.0,-0.06409463142860249,0.2960800501927515,0.03724813466229665,-0.013438635151871263,25.0,1
0.04051877656605551,0.05086126028067074,0.20855023465985933,0.03460867753180636,0.014178422518516361,0.0,-0.002879891872709995,-0.01795015244330262,-0.011083369686249147,0.0632316906427668,0.4965232938430159,0.07902557889581897,0.10219947607325462,0.8978005239267454,0.0013902475220780163,1.0,-0.07067520508609977,0.3106629330464704,0.040020755934719085,-0.013438635151871263,20.0,0
0.04146058663652409,0.05347813415822729,0.20943574902476647,0.032767388271703675,0.012936295461479471,0.0,-0.011072530647765554,-0.03328152635246387,-0.02655507749532016,0.024345363766475264,0.6804514160736244,0.07785451826484606,0.10046903213708201,0.899530967862918,0.005160904204051925,50.0,-0.06510973239616824,0.3559674987654,0.05065015553585072,-0.013438635151871263,29.0,1
0.041451339155635446,0.05360523988614652,0.20822987843579974,0.034181743868746256,0.00871981945173957,0.0,-0.005017996193092591,-0.04132955408740988,-0.03398008858938848,0.020453750101135124,0.5165677697372737,0.07791126760440083,0.10059480417644756,0.8994051958235524,-0.005290069348295682,119.0,-0.06956639705125592,0.3612754287028757,0.05541398944128487,-0.013438635151871263,25.0,1
0.04047804347394284,0.051935171022035986,0.2058509637917046,0.033752071395077715,0.006185074631017963,0.0,-0.005832007136235094,-0.03474407861288265,-0.04737472760247259,0.031087224910445483,0.31030121272368055,0.07737254326971066,0.0999792011467978,0.9000207988532022,0.001597825538996551,92.0,-0.09004786197077892,0.4527740873689788,0.06092282179565113,-0.013438635151871263,32.0,1
0.040549706756109555,0.05175120092780613,0.20405025319906775,0.03584197235369734,0.012825530296950365,0.0,0.006420063511251615,-0.022882369702939217,-0.03219372104893212,0.026959004260617227,0.6877177282952107,0.07783703801976584,0.1004705854142761,0.8995294145857239,-0.00011871364109568118,28.0,-0.08528646427899794,0.4710481098167196,0.05489388666961226,-0.013438635151871263,27.0,1
0.037179396515228634,0.04651464282371924,0.19385594069729176,0.03639649540630186,0.015935816592767167,0.0,0.006728986417534776,-0.01172279817253589,-0.04162708052284627,-0.004127377198594198,0.34026430347497283,0.07791362596794794,0.10026753083977777,0.8997324691602222,0.005368178589711909,74.0,-0.07973388865687794,0.2870439902940285,0.04853428046988299,-0.013438635151871263,13.0,0
0.036679089134135985,0.04624059248127754,0.1859617982606274,0.037104800767744896,0.015914252896154602,0.0,-0.001089942985113411,-0.009948723350827136,-0.03523926423222813,-0.003332076932286894,0.5461009917432369,0.07849539805195208,0.10068223671149015,0.8993177632885099,-0.008049267366377993,52.0,-0.08493336039396882,0.22827458470882972,0.04957132385646073,-0.013438635151871263,15.0,0
0.035847713702339704,0.046089176419455646,0.15743319607621226,0.03496204547601521,0.012484787156033796,0.0,-0.003096188421010401,-0.001963316888447932,-0.04418750653293268,0.006158210851192548,0.3882603303341928,0.0777080544792931,0.09983090111554396,0.900169098884456,0.0071633559479840165,107.0,-0.09450358780921692,0.25702250358918255,0.052514030118532604,-0.013438635151871263,13.0,0
0.03388085233956742,0.04632133787406416,0.15107219470620972,0.03800457792426202,0.011385953101987388,0.0,0.0012432494182898445,0.00431715127903824,-0.02982024309019761,0.016408430230521708,0.4379574589689512,0.07778352490424478,0.10004730605680885,0.8999526939431911,2.8178145499019297e-05,125.0,-0.07856241804652431,0.25064775632075753,0.05133606873763968,-0.012383404964381084,13.0,0
0.033722982998749255,0.04683890910200644,0.10520002477482195,0.03783219224152441,0.01180808238851515,0.0,-0.006545790197075273,0.003596081424204887,-0.028919234715367413,0.00130389191504459,0.2421819383128223,0.07736423701379999,0.09946048674588949,0.9005395132541105,-0.000459552045102676,64.0,-0.07202585637802661,0.30290537252224214,0.057545823799215724,-0.012383404964381084,10.0,0
0.03150503619661397,0.04676523813573502,0.03345867205017144,0.03853287389709712,0.01271029765513191,0.0,-0.00922106752593181,-0.012001161106109891,-0.04980740144488893,0.00016377916997255076,0.3812428244012813,0.07723932541284893,0.09956136454994641,0.9004386354500535,-0.0069603398509323604,90.0,-0.08225185238180986,0.27756264963530036,0.06623625739805959,-0.012383404964381084,25.0,1
0.031951711490175394,0.04653366806295253,0.033080908675961855,0.039166122040487764,0.00906961074627999,0.0,-0.007548241873749356,-0.026012762207025635,-0.055063184382339654,-0.013029323519464486,0.33004903799950613,0.07681757002938934,0.09905113378666963,0.9009488662133304,-0.001381944341789561,143.0,-0.0839388934634565,0.2949681885919181,0.07328453198015647,-0.012383404964381084,25.0,1
0.030586136411547282,0.03983332848273286,0.033089894334243586,0.03925891510977886,0.008324575259199002,0.0,-0.005070330040081739,-0.029893838551978018,-0.06637309757984985,-0.037855209929060614,0.4284472921404602,0.07635635108611633,0.09850994564244957,0.9014900543575505,0.001388874053545418,126.0,-0.09838535723871948,0.17390932995237038,0.0779832852562659,-0.012383404964381084,25.0,1
0.030802932505465768,0.03991408341478353,0.03268028953076605,0.03981945315584814,0.008810134564064223,0.0,-0.009355684485380697,-0.035985073863825476,-0.07698781133502332,-0.0362005902396278,0.5943525101625367,0.07582675095783777,0.09806099803740978,0.9019390019625902,-0.0017496632838352967,30.0,-0.10460866566522295,0.1541603096289888,0.08660938272965553,-0.012383404964381084,25.0,1
0.031056845236675738,0.03937069739773526,0.03173669934465396,0.03990335219775311,0.008960886448736967,0.0,0.0014242240038769237,-0.03581082829277308,-0.07497327367704273,-0.03330172854969193,0.5515046903783984,0.07588491419214612,0.09794488342081677,0.9020551165791832,0.0007085547661614663,83.0,-0.08914888295660517,0.15087271871566926,0.08530850988762315,-0.012383404964381084,30.0,1
0.028965346994035274,0.04080913615110451,0.03283900383226361,0.04031806164699382,0.01416406937062694,0.0,0.006076490948323658,-0.02356037257720245,-0.07975039532744661,-0.04672858901356921,0.370224803297004,0.07685211295081781,0.09877480034027798,0.9012251996597219,-0.006758420681656652,80.0,-0.07416979893258517,0.0330078315253851,0.07975039532744661,-0.012383404964381084,25.0,1
0.030308222296141527,0.04322795628212486,0.03285406805790729,0.0406423842741941,0.015768316471076106,0.0,-0.012776284733721052,-0.027064135981933204,-0.08984159979562421,-0.042550591906263105,0.3285360166398401,0.07593935009189781,0.09838960261818129,0.9016103973818187,-0.0004356534456439613,137.0,-0.06533959792224833,-0.17279537151026478,0.08984159979562421,-0.01275205238258341,25.0,1
0.02860594116846412,0.04323307204314135,0.03188862646624237,0.03960611836277054,0.01590008489123697,0.0,0.0003052216385583144,-0.01936510553000728,-0.0763220320562509,-0.04295947586011443,0.38261321433561724,0.07638843324736579,0.09890784481359177,0.9010921551864082,-0.005539108946493393,28.0,-0.06335901132845383,-0.18801985864918,0.07768008820509908,-0.012383404964381084,20.0,0
0.028459757291216227,0.04219965698592097,0.027108038627259856,0.03953317417213247,0.015808321085875803,0.0,-0.0016943312459987037,-0.016037611817512194,-0.07191237576835012,-0.04877230576872983,0.38949142488008004,0.07709023950405415,0.09990585650022585,0.9000941434997741,-0.010691516276598239,153.0,-0.0636002761002882,-0.16066256196992917,0.07924280365045996,-0.012383404964381084,25.0,1
0.02804152755909204,0.04551162912238671,0.025474316617883103,0.039760813894304116,0.01453083292314875,0.0,0.0028925822069100255,-0.0038719600725852375,-0.07349995331511278,-0.035625214479466635,0.35888617504582465,0.07789655813166559,0.10124425053946284,0.8987557494605372,-0.008056733257596224,105.0,-0.05772555878257222,-0.09072365293303632,0.07657943776741492,-0.012383404964381084,25.0,1
0.02745237641630471,0.047725117836720635,0.02545153469216973,0.04406004420416465,0.014386733524434548,0.0,-5.644583249312332e-06,-0.0052942665825607,-0.07658465009165256,-0.020707396853206227,0.6255737217396501,0.0780252503060184,0.10172168613137489,0.8982783138686251,-0.0019630437482400405,88.0,-0.06608827963408954,-0.047765989525790434,0.07658465009165256,-0.012383404964381084,30.0,1
0.02715482706429095,0.048863613399647364,0.025734091763287684,0.043539633154929556,0.014948133918064193,0.0,-0.01169960944454978,-0.022869460057092873,-0.07572881226816285,-0.02784726255114815,0.36839098493840083,0.07707667129627062,0.10047360945417969,0.8995263905458204,0.0016671921832493275,29.0,-0.08609424445339392,-0.0038513563645355044,0.07572881226816285,-0.011605547625032147,20.0,0
0.02788724156667812,0.04743040927678282,0.024432339813900524,0.045421236939476105,0.013500944058888971,0.0,-0.010155447108349388,-0.020275417344807176,-0.07978035304370346,-0.044818026961756255,0.20326512432639127,0.07635730836679121,0.09962354275846462,0.9003764572415354,0.00010275027099939144,26.0,-0.09420654609328666,0.04498570267684033,0.07978035304370346,-0.011605547625032147,20.0,0
0.028098732978358746,0.06007840812448823,0.026026461232646736,0.04589227786853131,0.013510587137365604,0.0,0.00034030037767885003,-0.020241060328267124,-0.07517700203129077,-0.004076883240124434,0.6856117218519155,0.07576388576965513,0.09967813005150092,0.900321869948499,0.0073055437256806495,108.0,-0.0780589840106359,0.11241128483532009,0.07517700203129077,-0.011605547625032147,37.0,1
0.03037323892151046,0.06003665516485554,0.026050653688443087,0.04467127759327022,0.01744677176838518,0.0,0.008536188274384553,-0.010200605514370235,-0.06458865527082282,-0.0008889640999572904,0.23603344494838358,0.0762383684387092,0.10011736684616052,0.8998826331538395,0.0015931704145566395,62.0,-0.07495616501316774,0.10934975899822295,0.06458865527082282,-0.011605547625032147,22.0,0
0.03283749302279756,0.056960731296942374,0.025122824789814164,0.045322326586514805,0.021733634224724074,0.0,-0.017818110425247266,-0.030640911276306738,-0.07096919585259592,0.030043594192108995,0.33289873720581087,0.07495745260556627,0.0990978127441398,0.9009021872558601,8.809896770878243e-05,24.0,-0.09563968085226984,-0.05920335955630404,0.07303518002171787,-0.01261478344034536,20.0,0
0.03327708513973132,0.05684517022265858,0.024797153164396415,0.04320375786818161,0.022574262920212307,0.0,0.0029271213816423804,-0.02779799188604429,-0.06355071095411513,0.036371993379104864,0.26986061684931684,0.07538562404331468,0.09967578730965972,0.9003242126903402,-0.003069229880497167,63.0,-0.09537134075536416,-0.057123345130666275,0.07032184147712915,-0.01261478344034536,22.0,0
0.035289732371346874,0.0568933569815892,0.02498474428769583,0.044768497508030546,0.024347189096339268,0.0,0.00986153056027006,-0.00658806036094297,-0.04876829759540934,0.03568996871939973,0.4588927984654972,0.07587034955003653,0.10000633460389347,0.8999936653961066,0.002737120210638173,112.0,-0.0938326403836631,-0.08788136674035724,0.06115379190564028,-0.01261478344034536,30.0,1
0.03423408086523502,0.05690301366433373,0.02496457700919681,0.04244505146180213,0.022279845203175046,0.0,-0.0011487906813472983,0.0024510559373412005,-0.05592210376433564,0.034498608409038956,0.3523856417574005,0.07583932420518157,0.10000410509050253,0.8999958949094974,-0.0006639198748908959,51.0,-0.0863154842042093,-0.09159056268405222,0.06223232968071732,-0.01261478344034536,22.0,0
0.0337285143512345,0.056302475223641506,0.02585733430464312,0.0421283749471987,0.02259647252116671,0.0,0.004602945727024585,0.006722695628279095,-0.05791583598967938,0.04473223856627023,0.3043262628150582,0.07697432024603221,0.1014650168132661,0.898534983186734,-0.010617736682917964,73.0,-0.0971320493442353,-0.048269407883526634,0.05791583598967938,-0.01261478344034536,13.0,0
0.03383641644028887,0.05330367640149049,0.024891912455663197,0.04167021869304161,0.021651941596920275,0.0,-0.005624657056912653,-0.007412686473072061,-0.062192579711855316,0.06586082789037977,0.3110546334828145,0.07661074226910482,0.10122165588474417,0.8987783441152558,-0.0005706978020122957,25.0,-0.09524022319433346,-0.03893114490541139,0.062192579711855316,-0.01261478344034536,20.0,0
0.033876871356972836,0.06290615693816128,0.022923544338060677,0.043360477051030626,0.012037514109492607,0.0,-0.0008742385664728316,0.009710692024903603,-0.060102346896120526,0.028077046981862645,0.6172228120470145,0.07663731812970882,0.10050225935520617,0.8994977406447939,-0.0003789322479554698,80.0,-0.1016340805829363,-0.05958871987427476,0.061269423139732944,-0.01261478344034536,30.0,1
0.035139934895627244,0.06309142207632885,0.022851771546321183,0.040214630091522,0.017775160671734357,0.0,-0.013048819669904286,-0.006373306653568584,-0.07351874915580779,0.014658246249006782,0.5349251973476901,0.07579523183166968,0.09955467970542983,0.9004453202945701,-0.0009297246288047029,57.0,-0.10114664527449195,-0.033478004917358854,0.07351874915580779,-0.013007939429476801,27.0,1
0.03825949729200333,0.10123557173037338,0.029465680187267713,0.044077761462736106,0.01942392510353319,0.0,-0.018861339135695297,-0.034634418871189766,-0.08500405474200992,0.1080427480782455,0.4817080564553063,0.07321020506444147,0.09853158049541216,0.9014684195045878,0.015267693798507913,14.0,-0.1114650372465352,-0.34736464692942864,0.08500405474200992,-0.01710271681194582,25.0,1
0.0394064174875316,0.13165336555461557,0.029104505516435637,0.04499517274398412,0.022987251574433328,0.0,0.007828131384913886,-0.025958440400727062,-0.0692589199172653,0.20536657661668703,0.57067278425232,0.0733305378776506,0.10077599860779686,0.8992240013922032,0.0032994444073157986,161.0,-0.11561671453419557,-0.08280569927174172,0.0692589199172653,-0.01710271681194582,30.0,1
0.0394502882869591,0.1483531579741944,0.02966631527045749,0.046577798902461214,0.02086500380060548,0.0,-0.007910991991318714,-0.03809168713641337,-0.0695991142223911,0.30995299950958266,0.6504168371766066,0.07230327151505579,0.1017672956732761,0.898232704326724,0.004558661451885573,150.0,-0.12082994974545572,-0.14534954219264387,0.0695991142223911,-0.01710271681194582,37.0,1
0.039398412076218435,0.15615516925212988,0.029906137742057408,0.04652646717959179,0.021021480000885624,0.0,-0.003612827257680281,-0.03614554494606035,-0.06823614162170036,0.3980234390204523,0.5626555940697324,0.07168184659526501,0.1028863168123287,0.8971136831876713,0.0033848082526559096,129.0,-0.13008019511522065,-0.14936575296618226,0.06823614162170036,-0.01710271681194582,30.0,1
0.03973137156198415,0.15569490290522897,0.029971163950780165,0.04397916310962603,0.020565977172854792,0.0,-0.011157541317487262,-0.04606582480653828,-0.06993090234241045,0.4267756292371716,0.5064824307087445,0.07107869044398257,0.10305143112816612,0.8969485688718339,-0.0026460078914150894,73.0,-0.14153488656140834,-0.1718726096826571,0.07686307834295016,-0.01710271681194582,30.0,1
0.04027808660211057,0.15558354052161646,0.030004074545861396,0.04519495046917363,0.02018639983372936,0.0,-0.011347480523599742,-0.04442140146767408,-0.08179257636695811,0.427896730309406,0.2841081632528681,0.07025521717080188,0.10201547614108236,0.8979845238589176,0.001253530485759192,134.0,-0.15063359283129046,-0.12459309318578524,0.08733835658206936,-0.01710271681194582,32.0,1
0.039151884998314644,0.154562262746415,0.029192103165015696,0.0454491106742155,0.016300078699868836,0.0,-0.001318508879985493,-0.027335586976097215,-0.08854170906333805,0.4369893249869761,0.44276729510552815,0.07008798756097755,0.10160886591798925,0.8983911340820108,0.0013634213534305323,79.0,-0.1612308680900157,-0.09195479830276179,0.08854170906333805,-0.01710271681194582,25.0,1
0.03814153524981602,0.15450890041091056,0.02924256035121869,0.04545772895928857,0.009055592510486698,0.0,-0.005839854217309651,-0.04052668849331461,-0.08213762151365436,0.4168901751708934,0.211414304582134,0.06958353092047936,0.1013390661218123,0.8986609338781877,0.0014991368295079151,141.0,-0.1645998459890844,-0.08007547966512739,0.08351137915740056,-0.01710271681194582,25.0,1
0.03853466426512556,0.15459834728459973,0.028958945257867217,0.04696792252969918,0.012707611080479157,0.0,0.0031912013516033496,-0.029789488377468053,-0.07948949757470326,0.4157982362011871,0.6276950193874047,0.07008754301892894,0.10186673790522693,0.8981332620947731,-0.004138364591585662,123.0,-0.14974472964892238,-0.088598451420251,0.08058667943183857,-0.01710271681194582,30.0,1
0.03915071389592899,0.15423612107317358,0.026322972990264343,0.0470597347062979,0.015102442169161692,0.0,0.003802170699426502,-0.022569294101136173,-0.07442132264018654,0.42353004895298824,0.4290582714854211,0.07019557683602846,0.10214741647464497,0.897852583525355,0.0017454793502470348,77.0,-0.14098188428965794,-0.09276538107990472,0.07709091304371188,-0.01710271681194582,25.0,1
0.03912479649650516,0.15545269765047529,0.02463789617857838,0.04720112313976227,0.01355693399093753,0.0,0.0027234282031937305,-0.008848518139273872,-0.07457743640731135,0.39521050137924646,0.6896983297251262,0.07051826134952612,0.10238421665206962,0.8976157833479304,-0.0019102903732997093,124.0,-0.14259595162812597,-0.11176255085392202,0.07457743640731135,-0.01710271681194582,37.0,1
0.03934339292595612,0.1562332028630866,0.025833788004297503,0.045300969654775966,0.008280293433231502,0.0,0.0020502662273816853,0.00458309335640386,-0.07267483941505218,0.3749283742784283,0.4471498274630228,0.07113769020276399,0.1031705453011734,0.8968294546988266,-0.006766777134524063,90.0,-0.14369371235963593,-0.12334494302149634,0.07267483941505218,-0.01710271681194582,25.0,1
0.04135317491828739,0.15515019693615723,0.026724834275521716,0.04541077739959451,0.013452973577759023,0.0,0.013067060977681958,0.019053673211751887,-0.04943619978085896,0.38539572439317543,0.6461598542917105,0.07243299575225355,0.10447835139792883,0.8955216486020712,-0.005821174765902272,121.0,-0.12142126735656573,-0.20088206153467283,0.04943619978085896,-0.01710271681194582,25.0,1
0.04107309966857271,0.1537892158221227,0.026888741772432716,0.0449061514238661,0.015381456083908363,0.0,-0.008579847832221307,0.016245070825408787,-0.04792312620666637,0.40879498869685127,0.6519367032327477,0.07200780530957697,0.10447395932347868,0.8955260406765213,-0.0024365796297677457,72.0,-0.12388015532264401,-0.22662981074859315,0.056302586901522025,-0.01710271681194582,29.0,1
0.04103922578462816,0.1536163340170548,0.025645731431478285,0.044231989667489306,0.015608233910459646,0.0,-0.00034848057081976897,0.01265932934252317,-0.04857867553515727,0.349818625476876,0.36697054174832755,0.07204538540171691,0.10430826480931182,0.8956917351906882,-0.0006135953149358543,9.0,-0.12010367837706411,-0.24103290617635867,0.05663144711471972,-0.01710271681194582,15.0,0
0.041267698309071475,0.15911417673955786,0.026744555942919655,0.04478000668071313,0.01698452925072387,0.0,0.009392206183213398,0.018298689118033742,-0.04777113515926152,0.30740150731350896,0.3132217028969604,0.07328830467421156,0.10480530149711904,0.895194698502881,-0.007409547705503765,1.0,-0.10927431704938692,-0.2875868433515841,0.04777113515926152,-0.01710271681194582,15.0,0
0.039689916923045535,0.15949714664432876,0.028236833922618897,0.04546794077806794,0.01826270498405191,0.0,0.01047945315275741,0.02617518807753248,-0.02033654577245405,0.29506729427482903,0.6942381143814335,0.07466040482104376,0.10644631815892165,0.8935536818410784,-0.008854515556112327,124.0,-0.0898624733251594,-0.3235284387905544,0.03605899326273921,-0.012793618797958605,25.0,1
0.040809372226953446,0.15929173010253175,0.028644659416698557,0.04532518457299428,0.023390728024610667,0.0,-0.011442680377524701,0.012357391219756882,-0.03437302891048834,0.30566400108770453,0.24908706664966052,0.0742687109816429,0.10662582867095542,0.8933741713290445,-0.005743202365577289,153.0,-0.09573930943969558,-0.31020420241442875,0.04708906210562307,-0.012807898776047348,20.0,0
0.039151448392352295,0.15998413689942564,0.02841574322781676,0.04344386288032028,0.02018031395865735,0.0,-0.0024473717918485046,-0.0031461734402752108,-0.04614276935115903,0.2974602810307603,0.6634146409555564,0.07436506910733792,0.10654407510289358,0.8934559248971065,-0.0032600208185708038,101.0,-0.09266076263897471,-0.2926530927934888,0.04942118945516967,-0.012807898776047348,25.0,1
0.041227289764599356,0.16149709410114346,0.030239941824373628,0.044112924644071946,0.02035105457034545,0.0,0.01125184343160318,0.016794209333131367,-0.03430073081437132,0.27953380416902296,0.6234403696126086,0.07456251630652781,0.10604136386333594,0.893958636136664,0.008172082924903972,61.0,-0.08830466555091314,-0.32204921174953144,0.038725425509519656,-0.012807898776047348,22.0,0
0.04117819783591114,0.16238154814671638,0.02832742666671718,0.04371865382509884,0.020067647592940437,0.0,0.004257485973631674,0.02147916205891187,-0.03463281249181768,0.26546986037501513,0.2697770601392631,0.07469605195714103,0.10584993577105851,0.8941500642289415,0.00239347606981518,97.0,-0.09054286019335962,-0.32966079053173275,0.03463281249181768,-0.012807898776047348,20.0,0
0.04105627426646636,0.1667229987137847,0.03136672828225919,0.04309265372777737,0.019042967713312934,0.0,0.0016957521401520929,0.013690546911526626,-0.027525956023450992,0.2244837072423081,0.4622996422017392,0.07584039197543718,0.10651744430494488,0.8934825556950551,-0.012647370144717788,8.0,-0.0880066255211728,-0.342271956964474,0.027525956023450992,-0.012807898776047348,12.0,0
0.04105883787086852,0.1631804319213529,0.031468192933383585,0.04227952994523735,0.01693787104285961,0.0,-0.0016759820499747669,0.0014964842612072333,-0.02830631296922157,0.2477963791820398,0.3952749841529869,0.076000036156473,0.1063912614062572,0.8936087385937429,-0.0032458986054968017,39.0,-0.08670738402391578,-0.3462497564801675,0.02830631296922157,-0.012807898776047348,7.0,0
0.03929128771383379,0.16353274832839906,0.03150748261622632,0.0423939267273449,0.012195794736606183,0.0,-0.00302912435302851,0.01002016479182688,-0.01844151430499208,0.24374479487491738,0.36337223391185447,0.07577549448812361,0.10587354259190943,0.8941264574080906,0.00045105348325223324,111.0,-0.09060446639655792,-0.38530935246423137,0.01844151430499208,-0.011428400399435957,5.0,0
0.03473950784039013,0.14560648735531712,0.026769672717839487,0.041269254287036934,0.01132881138895183,0.0,0.0024563105956498035,0.014985134010547994,0.0028852571530226913,0.15829761560188202,0.3201290537179051,0.07551313868498821,0.10567840100681887,0.8943215989931811,0.0055078546586312185,41.0,-0.08236405614596753,-0.21622778601764828,0.004904481307838579,-0.01131898964268287,0.0,0
0.03388570962227362,0.11796642356895229,0.02625582715679147,0.0404964698738016,0.006507559273168991,0.0,-0.001958705329799888,0.0017258151850367835,-0.0068535802039609,0.055521405177841716,0.23061613239279777,0.07545788961604857,0.10547328534468667,0.8945267146553133,-0.0008935280778892117,166.0,-0.07563782855873351,-0.4382405584483084,0.0068535802039609,-0.01131898964268287,5.0,0
0.03297418014537438,0.08778173188608261,0.028238924481164128,0.039806481102098355,0.004849986489182158,0.0,-0.0002476223215645387,-0.0027679360117760926,0.0008179574198319389,-0.01463870864867567,0.202751646941276,0.07470199160616804,0.10467336902053744,0.8953266309794626,0.00964425963773856,23.0,-0.06883808591445109,-0.39207797164030134,0.004456131657133802,-0.01131898964268287,0.0,0
0.03276446973590504,0.05912923634867683,0.027882643509041037,0.03967064371103701,0.004490944497654923,0.0,0.0007420309169095011,-0.003717407327683713,0.005192180997149263,-0.08992927405219227,0.5976445716801053,0.07510270220297227,0.10470253345891624,0.8952974665410838,-0.004145096762875372,44.0,-0.06339825502239808,-0.4611756694948574,0.003717407327683713,-0.01131898964268287,5.0,0
0.03121396066858876,0.06331274927661165,0.03120800075393218,0.03997380003242494,0.006307128171252353,0.0,-0.005421680198617392,-0.0074554460764262856,0.01102288001027156,-0.08226297172469246,0.37763133996539433,0.0738245791081412,0.10396842757184183,0.8960315724281582,0.01131424471954244,93.0,-0.0596788622776693,-0.40339637638555165,0.009118932932602408,-0.010932335619892977,5.0,0
0.02898112377624085,0.06369195206457293,0.03111950579527318,0.03831129434857224,0.007727928359957637,0.0,0.004454710999904432,-4.837233721662829e-06,0.027182629639017086,-0.08657575161846404,0.5057226599151754,0.07431240598408824,0.10418628699312005,0.89581371300688,-0.0021335520780701414,29.0,-0.05683328403854506,-0.46528148239142086,0.004704844143540231,-0.008168848789984558,5.0,0
0.03657794635487364,0.06431387277340479,0.030996124571684304,0.03669959128518646,0.023656437931960404,0.0,0.024182473904225312,0.021667985795479777,0.05341137903266849,-0.09268948818149081,0.5519250541298121,0.07604443057420157,0.10550085780453482,0.8944991421954651,-0.0005487882681158018,69.0,-0.03985946481365177,-0.4575734080743868,0.0,-0.008168848789984558,12.0,0
0.039277573162825645,0.06603638230259232,0.031048840398720922,0.0366592733280699,0.028715099005379698,0.0,-0.014305721817035806,0.00902867765015264,0.044440951782323976,-0.08642518196312984,0.4473372771764008,0.07485826073134574,0.10474048595036058,0.8952595140496394,0.001937618574483311,22.0,-0.04134694380853348,-0.5000950866033569,0.014305721817035806,-0.011013255495729192,0.0,0
0.03926481247971641,0.06681124530730229,0.03094577883949908,0.03687227339102222,0.028655938462485098,0.0,0.0027493236591543822,0.012053431086534469,0.043980904727434565,-0.09630239819142379,0.65273795707622,0.0753099927232126,0.10486868626974089,0.8951313137302591,-0.0030507864429053346,158.0,-0.039004612866933366,-0.4983098197751564,0.011595729217334282,-0.011013255495729192,17.0,0
0.039954974107360826,0.0661279001008583,0.0312165721112786,0.03529186889141355,0.02963340825515216,0.0,-0.006088316710328431,0.00514587995137697,0.03369453526577391,-0.10057336535629073,0.6577212320893655,0.07534226490434748,0.10518223036307216,0.8948177696369278,-0.006140280084422595,36.0,-0.04323437925463794,-0.5254823359119855,0.017613447455700374,-0.011013255495729192,12.0,0
0.04007667383524906,0.0763967839785249,0.03148439442663584,0.035488757907312804,0.028905071896565875,0.0,0.0048260804970463615,0.015502524809703551,0.035862132156986734,-0.06504408162798163,0.28318083195097554,0.07542848229216911,0.1061929846221092,0.8938070153778908,0.0022736759868756153,90.0,-0.04138981013069289,-0.41094199427910777,0.012872370873905718,-0.011013255495729192,12.0,0
0.04008468468402953,0.0764960844078663,0.0309691336908696,0.03500623880744003,0.028882752102403,0.0,0.00048025546363410796,0.01148435496329143,0.03423914501546549,-0.07012950214852197,0.2945452746424996,0.07539142041259118,0.10591386491205446,0.8940861350879455,0.0011486054309829917,150.0,-0.040924018765294334,-0.4092486477656404,0.012398297436713727,-0.011013255495729192,12.0,0
0.038648206172793506,0.07919822515243403,0.03219302376637844,0.034378734650586946,0.017521656559296987,0.0,0.006340534806325597,-0.0061363744668247915,0.027372041203330966,-0.08806510044837736,0.20740875907950967,0.07523583768538544,0.1047812124294356,0.8952187875705644,0.00868279511750116,72.0,-0.023417328274865767,-0.4386284953828808,0.0061363744668247915,-0.011013255495729192,2.0,0
0.0381922738523034,0.0780028491294919,0.03258871352952022,0.03332403516731559,0.012206545665299039,0.0,0.009745148712601511,0.0181138275591805,0.04636155746859301,-0.09732686651233534,0.5388109263799146,0.07555228933413113,0.10493877417448995,0.8950612258255101,0.004778593069121595,136.0,-0.003783359507778357,-0.3910523295646459,0.0,-0.01063952582744526,10.0,0
0.038123398481540845,0.07807888654908199,0.03278851085755857,0.033739740257729516,0.012268860142838674,0.0,0.0016725089330839077,0.017020513471137942,0.0484769803773081,-0.09876461197234296,0.3378736183132628,0.07594872660672075,0.10518330191319132,0.8948166980868087,-0.0034255800920693427,58.0,-0.0024566426585226095,-0.39323408918206426,0.0,-0.01063952582744526,2.0,0
0.03812238061982343,0.07375360433452861,0.03191198800404593,0.032867522470616035,0.00860742273786257,0.0,0.009386951878594436,0.0328555880265732,0.04847152262024684,-0.08127611677613819,0.6413225950388025,0.07639892879193858,0.10518787637286156,0.8948121236271385,0.0030725391939018056,112.0,-0.00161515219748169,-0.36686738114834083,0.0,-0.01063952582744526,10.0,0
0.04220165073479272,0.07422580681904423,0.030698567874684408,0.035405881268555595,0.02385889706996827,0.0,-0.018860975320677705,0.008507784520983792,0.018027950888143074,-0.07626333385478608,0.3524696736920304,0.07539508902634864,0.10452075693383783,0.8954792430661621,-0.004527979042275105,78.0,-0.0026752211327312502,-0.39898203334358634,0.018860975320677705,-0.01387626560110914,12.0,0
0.04195012453093348,0.07431097890391386,0.031750737328221146,0.038601918908157305,0.0260498037619576,0.0,0.013171984888952229,0.02130134826656298,0.0433764225909258,-0.07587870133675895,0.48152790032149395,0.07698865605652012,0.10669701358348993,0.8933029864165101,-0.009121248155961072,65.0,0.007512414652686016,-0.28239825043542105,0.005937426913640344,-0.013073111051029698,14.0,0
0.04174021683164986,0.07441530916741285,0.03156867529301193,0.038332665168643636,0.025873511616554958,0.0,0.0031673752125378316,0.018081014732026265,0.04924908983426981,-0.06299732443706314,0.5625546739223913,0.07732347198091519,0.10720323957192579,0.8927967604280742,-0.0015556373202622311,126.0,0.0008338310901335552,-0.28936062135356455,0.002788857759935032,-0.013073111051029698,17.0,0
0.04128904432733242,0.0738247743911031,0.030511714279441653,0.04049390912800313,0.025674821841157335,0.0,0.008940281858220716,0.017269503367127,0.04685067257281197,-0.04668648723070903,0.22498926883272163,0.07822637065078325,0.1083011508800263,0.8916988491199737,-0.0035056711264654255,42.0,0.010942929450048367,-0.24727450907039486,0.0,-0.013073111051029698,7.0,0
0.0427716413327233,0.07548675443590454,0.030673179003147987,0.04074402006627061,0.028241758561669234,0.0,-0.009811790927786689,0.005606382025771063,0.0321846808400407,-0.05725594430089441,0.22256956111886328,0.07788790177159971,0.10755813403350076,0.8924418659664993,-0.0041767791979652165,144.0,-0.003562777668419113,-0.16920485942707825,0.009811790927786689,-0.013631632183648438,12.0,0
0.04348225407754909,0.07081707263054968,0.027809951995934293,0.04092586452599282,0.027257848847118515,0.0,-0.00666092471443996,-0.010381388660072299,0.023573649183360974,-0.03636651044233881,0.4111585912105683,0.07704849176343735,0.10638915913124683,0.8936108408687532,0.004893758453431639,131.0,-0.004601194070823474,-0.15998605176199063,0.016407360041542838,-0.013631632183648438,12.0,0
0.043395861500186365,0.07054784929332353,0.02754360826241699,0.04087443184694845,0.019717305533005054,0.0,0.0012924156321459134,0.009946179876957985,0.026617123639634938,-0.014420796710940193,0.5544592826229203,0.07717530996645004,0.10680286544060968,0.8931971345593903,-0.0007286285676326747,66.0,-0.0024426219616706045,-0.17101901540061612,0.01513614953799686,-0.013631632183648438,14.0,0
0.04320730265623464,0.07125221465440078,0.028316516513385265,0.04082238696682817,0.0151874321454925,0.0,-3.91130189682485e-05,-0.00322285565016148,0.029696046916536965,-0.01880729325508647,0.20474713242916415,0.07763933094405889,0.10702506900145543,0.8929749309985445,-0.005592504276079342,30.0,0.01070689253753185,-0.17716268722314552,0.015174670536461123,-0.013631632183648438,7.0,0
0.04320615407467732,0.07092140282793442,0.027864499327898213,0.04136121265774107,0.015019258844018673,0.0,0.0024141547327812805,-0.003971278074403977,0.02965274555278548,-0.02192751002911544,0.37227592007701527,0.07805398440237613,0.10767227047894208,0.8923277295210579,-0.0032424723529909986,5.0,0.0326235585020211,-0.1793263967519442,0.012797149806373836,-0.013631632183648438,7.0,0
0.04371851783231254,0.07155331157217425,0.027876331812010626,0.03903396718509057,0.015054376257669689,0.0,0.008995245438900509,-0.003917017870900039,0.040953646170699735,-0.027430782415687898,0.33336965195324864,0.07866212242206475,0.10789652397022514,0.8921034760297749,0.0008413207214954349,65.0,0.03381938686806331,-0.20748289782218876,0.003917017870900039,-0.013631632183648438,9.0,0
0.04639968393144398,0.07186066172113809,0.028411551392854822,0.040282320872772434,0.01798620352142934,0.0,-0.014211020008740246,-0.008342436374046146,0.02641479629154271,-0.02539677358444861,0.41509793495381964,0.07854269018898485,0.10846431928116058,0.8915356807188394,-0.011893445931265956,26.0,0.027254359889994667,-0.24389412164570787,0.018072373060302332,-0.014291516545791472,7.0,0
0.04689203093883892,0.07087169807018089,0.02836790513527984,0.041341839068353634,0.018670703624052657,0.0,0.008083697488667274,0.006377226321509364,0.0339448039917158,-0.02019843956794539,0.2685401508266243,0.07899798926158429,0.10850264020310199,0.891497359796898,0.0019885747452053275,64.0,0.03931323255510281,-0.2695011018404127,0.010134767168356882,-0.014291516545791472,9.0,0
0.04639098409582603,0.06424337539265827,0.024878322575221018,0.043340878855266225,0.018686689669140465,0.0,0.00016763556091253378,0.005246734338710391,0.03975535090630072,-0.040624372325628294,0.6763523136850031,0.0789406572223931,0.10868168504681362,0.8913183149531864,0.0006176918242249209,8.0,0.05121644937937867,-0.2312870359734396,0.009968830554823333,-0.014291516545791472,19.0,0
0.04640384249791913,0.0642839413714348,0.025097862762359487,0.044293218293289735,0.01881471774289896,0.0,-0.0015626497181381342,0.003715144142108274,0.03352651556270429,-0.021257878299212885,0.2669350561449973,0.0786510104198441,0.10859304356452329,0.8914069564354767,0.0019735210451104442,163.0,0.061620484057349115,-0.23200396090397424,0.011515902482704805,-0.014291516545791472,12.0,0
0.04191605161276588,0.0630397921131355,0.026501236033664954,0.04463279500418735,0.021748001866952967,0.0,-0.011840943261931748,-0.010558454919686138,-0.0028255581849290995,-0.008399122831935278,0.5778253701140283,0.07727500092707852,0.10704079277336695,0.892959207226633,0.006702763690767019,160.0,0.05043490388854528,-0.1516364977674845,0.023220486596728908,-0.014291516545791472,17.0,0
0.03948152223880161,0.060893242851449716,0.027521394412967352,0.044594904376335565,0.01973613502525272,0.0,0.004216238606873728,-0.015244847571390947,0.015912123422678344,-0.02647608173000376,0.6877050562080671,0.0770840973322825,0.10657095383955424,0.8934290461604458,0.006462109259219407,90.0,0.061060225114783956,-0.0701189657393711,0.0191021511019147,-0.01385550849671897,17.0,0
0.044028536125209725,0.061300610937595285,0.027527975822298018,0.04175773095379817,0.0231057966905106,0.0,-0.01942006120236992,-0.020448425881512827,-0.00654827252898351,-0.02824715252154443,0.5407187025660247,0.07597207079204392,0.10513933167573139,0.8948606683242686,-0.0031076186829643248,84.0,0.037144633248224555,0.05720951521331484,0.038151247360788516,-0.018163482023887085,25.0,1
0.04393804180937204,0.06309063385746408,0.02754807629433678,0.04168491400388777,0.021873319123161785,0.0,0.005408689364260223,-0.023047722374026663,0.004943413037827617,-0.04767401604420604,0.4096571881466601,0.07596672422851027,0.10447868403743467,0.8955213159625653,0.005571722633929805,164.0,0.038804514308537895,0.03517582880139842,0.03294890624236185,-0.018163482023887085,20.0,0
0.045254577471763494,0.05828090380149524,0.11075972507556678,0.04195913305364296,0.022460047519548082,0.0,-0.012010286899883267,-0.03494297739110663,-0.011894920324956752,-0.05596239800368858,0.3338351409681568,0.08325759653810304,0.11570086165010458,0.8842991383498955,-0.09711845459418313,134.0,0.023540634627339557,-0.1580103381308803,0.044563467325237,-0.018163482023887085,20.0,0
0.04525577684465503,0.05871515649369265,0.15727194678683992,0.042033230570383794,0.022939118184910175,0.0,0.0005366259609787018,-0.03291388589532892,-0.011839247087563187,-0.05969956692287271,0.5232765923610678,0.09315571706397603,0.12904344264636333,0.8709565573536366,-0.1038757223264439,25.0,0.021994532229997296,-0.158399221357607,0.04405075527773625,-0.018163482023887085,20.0,0
0.04472066226080696,0.05876037011404857,0.1794735707102815,0.04662336692018454,0.022085259910481193,0.0,-0.00087262852040509,-0.022179475468858807,-0.01892210289759407,-0.059818947622448874,0.5822817150985822,0.10218440118940963,0.14063980262062653,0.8593601973793735,-0.08703582177222158,102.0,0.00793200172557028,-0.10150662634568651,0.0448849438527406,-0.018163482023887085,25.0,1
0.04470913481240472,0.05895245688914791,0.2016994521099296,0.04662057329260535,0.02448329304029761,0.0,0.009695942990296809,-0.016843804516248426,-0.018969911640845428,-0.05714068876764632,0.608943795527469,0.1139734530356108,0.1565792098466971,0.843420790153303,-0.09407050195420495,162.0,0.026512171179036398,-0.08995309945207092,0.03562420271916263,-0.018163482023887085,25.0,1
0.04464291059220676,0.05879639504663035,0.20226507057972018,0.04566045641795901,0.01643406041439252,0.0,-0.0013577907135817898,0.001265920589213112,-0.021937763013036536,-0.05556196184184489,0.21527760193555034,0.11364320925611451,0.15588348663275337,0.8441165133672467,0.0020008855894043894,93.0,0.02547574085716655,-0.08331762554956205,0.03693362322111359,-0.018163482023887085,20.0,0
0.043589513345507855,0.058028919839700856,0.20146162018241554,0.045546073540926005,0.016023249070327397,0.0,-0.005552147160196865,-0.009649752001629448,-0.036413250929000225,-0.04374743458795819,0.41744553857453404,0.11360716183179702,0.1560912228728621,0.843908777127138,-0.0046258186733635735,102.0,0.010293265975164856,-0.04983826005072722,0.04228070947002757,-0.018163482023887085,20.0,0
0.03995000949519223,0.05751557692146289,0.2014193707498681,0.04399919797397168,0.011980918550775752,0.0,-0.004028258403897967,-0.001648652601793836,-0.02184588675917563,-0.05019541256899527,0.45018476756750697,0.11374969871642068,0.15641846317356262,0.8435815368264374,-0.004776364517281501,44.0,-0.004211772444634909,0.00361555645040872,0.046138650250680126,-0.013880910042411699,13.0,0
0.03910025005357965,0.0570752357353894,0.20226721648227874,0.04026489082055828,0.015591095898217996,0.0,0.010548289335797406,0.008341144233826791,-0.02437890053717832,-0.07606846567654782,0.21054376738939867,0.11475458121511334,0.15668995725212917,0.8433100427478709,0.001161020272755161,137.0,0.017940052561744687,-0.15549421031710378,0.03607704474729006,-0.013880910042411699,13.0,0
0.03926202746180744,0.060439870417784966,0.20201675802566096,0.04051800939788679,0.015575878578423451,0.0,0.004488891440701711,0.013752107166819912,-0.02309367222200704,-0.10369235852788182,0.25301712543561394,0.11581976267098076,0.15688295560918877,0.8431170443908113,-0.00419623755525639,3.0,0.025018075274397963,-0.21060832410392083,0.03175009924396027,-0.013880910042411699,8.0,0
0.03797775554660049,0.05993711603682088,0.2020596770997524,0.0394529123069226,0.013762044758428595,0.0,-0.003044013182565339,0.000960971869987237,-0.034697464705879234,-0.10838141616267474,0.33061567145384296,0.11584398426975402,0.15698153510482554,0.8430184648951744,-0.002840135278099966,166.0,0.010527608308890879,-0.25944204000730764,0.034697464705879234,-0.013880910042411699,13.0,0
0.037009749197341,0.06074085056282598,0.20205671848830545,0.03944595791671679,0.013821137551961711,0.0,-0.0018289024506925133,0.0004887662513456363,-0.026915204308000425,-0.07865214161843925,0.24483137696508117,0.11605264836465957,0.15791069341489924,0.8420893065851007,-0.0039761880499177785,10.0,0.004403219271642787,-0.32360207577559535,0.03267387516035297,-0.013880910042411699,8.0,0
0.03833851342601509,0.06066662178238621,0.20162322108919384,0.040974130574544125,0.017675189581901948,0.0,-0.012615693812643283,-0.006617688909157759,-0.03274855508970852,-0.07722225974754239,0.6284413621371426,0.11462622473745145,0.15626975678380786,0.843730243216192,0.001366382030457521,158.0,-0.009946908855294301,-0.3108530437911328,0.04487736536830071,-0.013971721079325702,18.0,0
0.03852439317055671,0.05953804169683506,0.20177175270933775,0.04319606083452021,0.017714677743815636,0.0,0.0032772370048785187,0.0006688129158879222,-0.030831211753543926,-0.08401672567681782,0.4707257027335373,0.11487666413108125,0.15655759191691776,0.8434424080830824,0.0006313188850339423,144.0,-0.005034726289112829,-0.3189824280913694,0.041747202125888644,-0.013971721079325702,18.0,0
0.040503816634073236,0.05965278702146576,0.20198802548550798,0.043215339789187145,0.017557152715671414,0.0,-0.014167517722668065,-0.023805363697392553,-0.04452455620812559,-0.06297011157792147,0.49564648260078703,0.11370258754998006,0.15590711876858815,0.8440928812314118,-0.002717824133127255,14.0,-0.016150712601683118,-0.35647761315534204,0.05532326562256637,-0.01420449466582942,20.0,0
0.041080261807037624,0.05935508850444374,0.2013816423803816,0.0401766790874614,0.01846158855631855,0.0,0.0062578917361946615,-0.022086192271214677,-0.040860804751887754,-0.07514034883699718,0.4077176185545963,0.11613941732920394,0.15863450046533048,0.8413654995346694,-0.01517695995702121,67.0,-0.012419694245492054,-0.3838474517516571,0.04941158089313047,-0.01420449466582942,17.0,0
0.03973335920467065,0.05916661398539089,0.2016679093239962,0.04009883603341986,0.018997037164050008,0.0,0.0011508526282633421,-0.017971449742736352,-0.048317593712604634,-0.07382237473329017,0.5766351082115693,0.1159589182413911,0.15789954801200692,0.8421004519879931,0.003019024331638573,57.0,-0.009342729178630537,-0.3675029150869595,0.048317593712604634,-0.01420449466582942,15.0,0
0.04310320564553977,0.05764942397212373,0.20200020840535918,0.038910390419838445,0.02828753127628445,0.0,0.019782510776785514,0.0032904610187526376,-0.015500179607954528,-0.0906069489073488,0.52998021615633,0.11865031420610231,0.16040299310291145,0.8395970068970886,-0.005300000833973691,130.0,0.010505182596761739,-0.31174639480429456,0.02355844725386541,-0.013934744136164348,17.0,0
0.042872932211775364,0.058588664373671766,0.20179097237748764,0.03854913940128898,0.02668755173457723,0.0,-0.008843235711008021,0.007123691103782356,-0.03203111125220505,-0.07074609835496312,0.37681755664639804,0.11765948995677342,0.1598460777435384,0.8401539222564616,0.00013979655985091994,5.0,0.0008264029464178058,-0.32041383539608953,0.03219335006282215,-0.013934744136164348,15.0,0
0.04285072797815197,0.057951735351410794,0.2014013843132413,0.03635183925603748,0.026633140679861646,0.0,-0.0007379600367131687,0.0030931002402749598,-0.032907552693741036,-0.07411735170057278,0.21207648620167568,0.11792281428557864,0.16045728415899016,0.8395427158410098,-0.0031018317136428074,2.0,0.005539546907752425,-0.32935002323755913,0.032907552693741036,-0.013934744136164348,15.0,0
0.04570391291942788,0.056942911705107846,0.2003550161521921,0.03531401985158079,0.02358607656711712,0.0,0.014892765941024474,0.032662190890175774,-0.016968737707734396,-0.08009299440104363,0.5209656724749264,0.12065149015865227,0.16363345528670678,0.8363665447132933,-0.009879959544601018,92.0,0.015988875206132094,-0.27719123829033365,0.016968737707734396,-0.013934744136164348,17.0,0
0.04533869113389921,0.058169421412396276,0.19973021704242663,0.035023435056063645,0.023943613446890832,0.0,0.009876105673126466,0.03637534709188725,0.00463561624957801,-0.09479572149553267,0.6577610965583023,0.12152362714439884,0.16370077152446155,0.8362992284755385,0.0021307593659440093,8.0,0.0017969598612127247,-0.30527003967218536,0.0,-0.013934744136164348,19.0,0
0.045491255317753256,0.06378145833333113,0.19848966791779912,0.03581130833499164,0.02600709233666162,0.0,-0.005568982998450512,0.029419080749254565,-0.0051536918293685575,-0.07177519099982438,0.22018752172738792,0.12120887900857409,0.16446975399179814,0.8355302460082018,-0.003261461155724307,2.0,0.010676425412838425,-0.32916861071194775,0.005568982998450512,-0.013934744136164348,7.0,0
0.04104144258567589,0.062465035531008496,0.1986950424831528,0.035753628700662315,0.02026299837810548,0.0,0.0019305475069744964,0.011398422986865478,0.016507544966615502,-0.05683002009331678,0.3015327574217975,0.12154129102248981,0.1648370033908825,0.8351629966091174,-0.00104302587506007,102.0,0.009851176534406144,-0.4719568204818564,0.003649186677720057,-0.01252488277572928,12.0,0
0.0407625642097856,0.0606552744156011,0.1979451760729319,0.03629474523070561,0.01686798089873341,0.0,0.00011633144274715335,0.020540964728436827,0.011156763921264108,-0.04411468010805744,0.43779401367219706,0.12157423935848649,0.16470951049916654,0.8352904895008334,-1.7386809057301952e-06,9.0,0.016155329451320068,-0.45981578877537643,0.0035332797501239767,-0.01252488277572928,7.0,0
0.038731619661665787,0.05469574356003404,0.1784139656214898,0.036374287828704895,0.016328979956166563,0.0,0.0024050475149865703,0.023750901492449458,0.025910118844409503,-0.06113577322740626,0.540153984944288,0.12042780346737669,0.16337362639957903,0.8366263736004209,0.011349715214551378,51.0,0.013706999720188342,-0.3603223655053012,0.0011367299408201945,-0.012049825097397993,7.0,0
0.03928066811592012,0.05486810483859123,0.143905855538472,0.03722085798340623,0.012947516802648487,0.0,-0.0055890248319450985,0.003090342592352024,0.019629122257271175,-0.043729473200923165,0.39875650358326953,0.12017582755309048,0.163596053907574,0.8364039460924259,-0.003152362328464387,140.0,0.007557481141192169,-0.3853817268373016,0.006719401560898833,-0.012049825097397993,5.0,0
0.03927075799362749,0.04998515636425946,0.11052281038514941,0.03325987306830921,0.007950085296703359,0.0,-0.0006291000676432289,-0.007344274452565578,0.019877647830308504,-0.022306950730004584,0.5426273696739882,0.12038395087090836,0.1638145470748072,0.8361854529251928,-0.0021886781796712843,31.0,0.0005794180351071968,-0.44239104453254957,0.007344274452565578,-0.012049825097397993,5.0,0
0.04038485348650235,0.05051371461955987,0.02803030789104271,0.033261434385621715,0.013075875643609744,0.0,-0.012864577722451523,-0.01462684483727631,-0.0029103716304826137,-0.017973588128870486,0.32760372925317105,0.11945837560095796,0.1634398872912639,0.8365601127087361,-0.0039907548566826155,77.0,-0.021825073778655762,-0.4960468306422621,0.020114371185507057,-0.012827245135980287,12.0,0
0.0403821425739644,0.05528706326694355,0.02760338530817143,0.03353372801121017,0.012847951166291402,0.0,0.0012040025943998382,-0.015341383239815766,-0.0003525611217117845,0.012203340111892587,0.6635310004951489,0.11971678467949694,0.16477346849677588,0.8352265315032242,-0.0021295759382509013,56.0,-0.022282589732412598,-0.44433801065623557,0.01893458634619929,-0.012827245135980287,21.0,0
0.040127329770898584,0.05558842005628165,0.02765750814797509,0.03514898648640449,0.013995711650938278,0.0,0.0037815354427460485,-0.01173282832743215,0.00902992372421584,0.018245783485304774,0.32760114968562615,0.1199798384316381,0.16525678816649617,0.8347432118335038,0.0008357263928045238,120.0,-0.02771213608322399,-0.43597355851592623,0.01522465271281513,-0.012827245135980287,12.0,0
0.03993728110086021,0.05571672896736959,0.027448328309185484,0.033689002524722955,0.013193844972599532,0.0,-0.001755329332864212,-0.015834527406771687,0.011332653160595582,0.01576637051996093,0.21743170545830043,0.12004620687538335,0.1652742768180666,0.8347257231819333,-0.0019433407877633981,42.0,-0.010760805456207431,-0.4363783997497055,0.016953257766189868,-0.012827245135980287,0.0,0
0.04066122801216884,0.05517152367169742,0.027332328785048803,0.03457333334836973,0.016234362128415402,0.0,-0.013001575007163655,-0.023170705434253844,-0.012235490033425297,0.01780656974619039,0.38733783473948646,0.11870922324875238,0.1634091492698038,0.8365908507301963,0.0002885204188337887,9.0,-0.036316102776055105,-0.27345602586450873,0.029734413720890623,-0.012981025414456835,7.0,0
0.04127328897715946,0.05059208357911288,0.02721530925850456,0.03609958560077775,0.01964633117312864,0.0,0.008204805289421765,-0.014536055837406027,-0.008581444823831608,0.030071935890801316,0.43435132323348025,0.11972980378357122,0.16383429617038894,0.8361657038296111,-0.000750170667110199,56.0,-0.03147693997188584,-0.2925296801362619,0.021773573506443877,-0.012981025414456835,9.0,0
0.04130511185873903,0.05180391509159818,0.027189472538500903,0.03593496645098742,0.01625734621430354,0.0,0.0030810712447816467,0.0013825929810370365,-0.002490381192549743,0.02091497954037213,0.5800783600028483,0.12025028898156538,0.16395452759466844,0.8360454724053314,-0.001173992834868493,7.0,-0.0371014359848963,-0.306363657559423,0.018759588192889077,-0.012981025414456835,12.0,0
0.04165728142677935,0.05079286428242981,0.027046014180750318,0.0359773154727553,0.017086794048873817,0.0,-0.005810939249856315,-0.005633600157833357,-0.006469779132806081,-0.0012643618926733333,0.5552748141875754,0.11985165390717231,0.163306416564219,0.8366935834357809,-0.0014482556485146323,58.0,-0.03321084801361939,-0.2760640182386281,0.02446151661540419,-0.012981025414456835,14.0,0
0.03976581159020691,0.05286979576854823,0.03136701991088157,0.03341628055368204,0.016296073637615337,0.0,-0.00218869436235322,-0.01154783120105379,0.004022122553205796,-0.01165057801002205,0.40727666372693794,0.11825535510094733,0.16054671162542677,0.8394532883745731,0.012269498265790236,118.0,-0.02885815123851394,-0.29312440497204917,0.026596672194246666,-0.012981025414456835,5.0,0
0.041386132716839615,0.052937398900298256,0.03154757684239553,0.031265263918917006,0.018739079978107948,0.0,-0.012079365945006968,-0.02177059189279108,-0.011345881942719866,-0.017809521742876797,0.2220930714281798,0.11755641121152914,0.15993077795446695,0.840069222045533,-0.004600556946533459,22.0,-0.041827286407557084,-0.26507207913687675,0.03835476720289994,-0.012981025414456835,15.0,0
0.039795887020668885,0.05211252201131877,0.03152140738517758,0.03138328870907667,0.016757242492456508,0.0,-0.008238316170142153,-0.017049652370689214,-0.005399709913416312,-0.028560372229164167,0.5497458084386037,0.11675405275344784,0.15908207057355087,0.8409179294264492,-0.00034803535058373187,40.0,-0.049683846433994434,-0.21085697605720136,0.0462771046741924,-0.01274679595583484,13.0,0
0.039423309002041114,0.05307133131012552,0.02716461143570905,0.032079403246252865,0.011616613483819087,0.0,-0.0042820171637941865,-0.029223693207214158,-0.01581751287973913,-0.03377323542110297,0.6139540389473227,0.11701144922104652,0.15904449193754702,0.840955508062453,-0.0054056232556670735,17.0,-0.056032001326187394,-0.16484260531770845,0.050360962481480996,-0.01274679595583484,13.0,0
0.04079888544152876,0.05600918166460969,0.02715378398157861,0.031913006945183155,0.017046318338052605,0.0,0.01018149621469995,-0.022351941235658424,-0.0069399284059675865,-0.044674083699277965,0.2696515126550966,0.11782030790700891,0.15881493920256928,0.8411850607974307,0.0029611918111502682,6.0,-0.05492220147745812,-0.23749793640315156,0.04069221621565489,-0.01274679595583484,15.0,0
0.035507200565227895,0.056932964841195234,0.026935774812676675,0.03368317907563544,0.016972723382353887,0.0,-0.005108430681902706,-0.021661120782245923,-0.031178626212404296,-0.026961751002156396,0.6848647917421609,0.11688769449174477,0.15819914521374728,0.8418008547862527,0.0029998842035708277,19.0,-0.04619553151413728,-0.22957149515886285,0.04559277353172692,-0.01274679595583484,20.0,0
0.03520481535406652,0.056661607412219976,0.02693570366692692,0.032269039974759696,0.018891040397560375,0.0,0.005341538054459574,-0.014277841898463477,-0.017313501641333266,-0.028411919964195786,0.4217817180746096,0.11753364039399024,0.15919916119948285,0.8408008388005171,-0.0011530632377467066,20.0,-0.04879004219629954,-0.15926572246843068,0.04049477101209543,-0.01274679595583484,8.0,0
0.0353793971102951,0.056373852256589765,0.027390147729524125,0.03216104985459974,0.016001813240681097,0.0,-0.004286121640374486,-0.006501940343453321,-0.020802807111238553,-0.03797849407970579,0.3305749463994194,0.11775540765600008,0.15948447424107604,0.840515525758924,-0.005462158258457882,107.0,-0.05302579033378878,-0.15359403632682728,0.04460732713811296,-0.01274679595583484,13.0,0
0.03171673319299137,0.056249959678828836,0.02529271611263001,0.033178456092983456,0.014031729624043286,0.0,0.002126741670583063,0.0038812646350070063,-0.033119827735949986,-0.04048707062788108,0.536043179952923,0.11758630711314441,0.159157118900319,0.840842881099681,0.0033286923603562803,14.0,-0.0495265637739077,-0.2049095074282199,0.04257545372896786,-0.01274679595583484,13.0,0
0.02956940211022115,0.0543080828733426,0.026178583309337488,0.03302359835574683,0.013177727680893736,0.0,-0.0010539336619709435,0.0071358132160491495,-0.043584515687080154,-0.023647450482677954,0.3868448480840373,0.11676270791708702,0.15813224613494026,0.8418677538650597,0.006076950551461948,53.0,-0.03915094052665116,-0.12060359381296827,0.043584515687080154,-0.01274679595583484,10.0,0
0.03059776600222745,0.049668361625960306,0.027858241162267965,0.0342259232057271,0.011323327524742983,0.0,0.007254665794257805,0.004217807148146501,-0.031251094805138976,-0.037514966300744516,0.6001641001770548,0.11849890287314897,0.1605190873045639,0.8394809126954361,-0.008661005999200768,111.0,-0.036243728122551465,-0.010365884192420134,0.03554972147991054,-0.01274679595583484,18.0,0
0.03054354406418681,0.05023518356638698,0.02828744703730449,0.03455526414135252,0.010904869612282316,0.0,-0.00425762678905148,0.005076586582952415,-0.03723433095793071,-0.03149943446144009,0.3101326007394517,0.11854663358852638,0.16102712709333933,0.8389728729066606,-0.004413759860157508,24.0,-0.021341433383905088,-0.02744669354397009,0.039655990822445836,-0.01274679595583484,8.0,0
0.03234924391962542,0.05017869568514189,0.028299727250235086,0.0346764611443763,0.01507913154722347,0.0,-0.012658833698562116,-0.012919041284729703,-0.04953239072129099,-0.030002457222158684,0.5789596127549638,0.11735865069465455,0.15985380315936917,0.8401461968406307,-0.0010665712243132872,87.0,-0.038928247989760134,-0.0156632323171803,0.051812825928034906,-0.012833716118868112,18.0,0
0.03316832027036018,0.049578056417526495,0.02444905240672016,0.03761970635325509,0.017192176668927143,0.0,-0.011121262985534187,-0.019694921403072135,-0.06235786485039971,-0.04309505140068885,0.22635422740035283,0.11630721042935234,0.15863567244604404,0.841364327553956,-0.0006182873397216886,129.0,-0.03806344569514769,-0.017178438324313053,0.06235786485039971,-0.012833716118868112,25.0,1
0.03307488886300511,0.04924784565502472,0.02429048728981386,0.03775392963771686,0.016138182681273237,0.0,-0.004233773755489692,-0.025916934363507494,-0.06107998221965271,-0.059646101977227445,0.4455482804290465,0.11594453705784995,0.15789994840302254,0.8421000515969775,-0.00020678914502485443,135.0,-0.04264980640084305,0.007865383843317217,0.06107998221965271,-0.012833716118868112,25.0,1
0.03379113301905343,0.04993999904839946,0.02461211662694333,0.036277416151995395,0.016390458197474065,0.0,-0.010047712990014071,-0.03468686542858851,-0.0699288732701498,-0.05204447007456188,0.49148417398921057,0.11452783469937891,0.15664024034853627,0.8433597596514637,0.0031180167077154274,137.0,-0.0514412469558756,-0.028311754219630066,0.0699288732701498,-0.012833716118868112,30.0,1
0.03278490078090282,0.054402136891341074,0.024310043302072207,0.03922990856931315,0.013458936017946994,0.0,0.0034553229952876997,-0.03832800567954297,-0.05455239289459369,-0.0386739892634376,0.26170594219050103,0.11499927999891825,0.15805014629857314,0.8419498537014267,-0.0019609554760215567,93.0,-0.057303996788420936,0.10677450760751962,0.05924683680219235,-0.012571913535528844,13.0,0
0.03260982761524008,0.04811708310295603,0.024218491886850827,0.038732034186720256,0.01356091320239879,0.0,-0.0036961335612107253,-0.03778572453660656,-0.059179643675461274,-0.06015211991125517,0.5723998453057235,0.11468113711599394,0.15779798775008638,0.8422020122499135,-0.0005331316004773348,148.0,-0.05951134035561634,0.06034568627845773,0.06272398614150292,-0.012571913535528844,30.0,1
0.03880557265974477,0.04869826589150271,0.02453257903625991,0.037510939180372724,0.025485842094912187,0.0,0.019679723368608102,-0.006270152898404643,-0.044278653468736,-0.05760572965637189,0.5835457921694418,0.11625739671099192,0.15951782680575852,0.8404821731942415,0.003194260312566364,60.0,-0.035648562607953835,0.15698117572786616,0.044278653468736,-0.012571913535528844,15.0,0
0.04058202023550399,0.05110443206778593,0.024518087238081215,0.03746852711728189,0.02672978351716529,0.0,-0.013989603438999038,-0.009152564475846874,-0.05599177076966135,-0.041655099210996,0.5304773863939647,0.11495838532092277,0.15892735858195753,0.8410726414180425,-0.0018060429222475894,37.0,-0.04529365292704591,0.05417238835565795,0.05599177076966135,-0.012950163810873425,20.0,0
0.03926437748517749,0.04965672097798979,0.026085758905692064,0.03607377740876224,0.026670796476096714,0.0,0.0017642123364643545,-0.0031842066616475416,-0.041869129425475625,-0.029574975028041826,0.3040388107761841,0.11429513965038664,0.1578851786887706,0.8421148213112294,0.0074323944278806165,28.0,-0.05359233014310732,-0.009519644691773696,0.0525854829419212,-0.012571913535528844,8.0,0
0.03851976659473206,0.05268824905449777,0.026080284959543443,0.03378118910632283,0.026332011887650757,0.0,-0.009068330284448539,-0.00219803373044614,-0.05828436999774528,-0.038604747279191644,0.2437531541104167,0.11339425811107375,0.15603785368022105,0.843962146319779,0.000840045497270029,143.0,-0.06636565071634945,0.12713667700367218,0.061176950698885166,-0.012571913535528844,25.0,1
0.038118837874379946,0.052416127777558164,0.026713566930180187,0.03275506963376111,0.02613772056688627,0.0,-0.003920898201284086,-0.009532698109532852,-0.06485798030421394,-0.036840205156902985,0.4010366489303784,0.11243680756717525,0.15452562364172623,0.8454743763582737,0.0053782004955074195,17.0,-0.06718684040242731,0.15872522283341672,0.06485798030421394,-0.012571913535528844,20.0,0
0.03818088521322459,0.053561085223873046,0.026662198892201283,0.03656615831655252,0.02611981978001983,0.0,0.001255472611320825,-0.004610099521953424,-0.05821125794450758,-0.017197172464068256,0.5377187750649717,0.11229975579162195,0.15478959280243282,0.8452104071975672,0.0018293965018774208,32.0,-0.06430442309536989,0.16875735726945534,0.05821125794450758,-0.012571913535528844,13.0,0
0.04135448996118996,0.05135050404027937,0.023094840171377553,0.037371236627549174,0.01856372577436108,0.0,-0.01870934389414459,-0.042084699601161825,-0.07380434819371313,-0.004130423959028404,0.6554354859025884,0.10995402672002308,0.15223467764601073,0.8477653223539893,0.004454823707978829,66.0,-0.07007907577390193,0.18438077807949085,0.07380434819371313,-0.0137899879779335,41.0,1
0.04060984554311345,0.05282529763231788,0.02234363271999138,0.03753907766241248,0.018389427200251784,0.0,0.0020357464702269296,-0.026515971395218427,-0.0605711437306319,0.013566760481874045,0.4650319987455987,0.11000057418519855,0.15278052856988641,0.8472194714301137,0.0008191090747213379,78.0,-0.07122979262744851,0.1932508884346971,0.06223743336258254,-0.0137899879779335,37.0,1
0.0439183271278915,0.053928126827808495,0.022351772789395475,0.037083295740280645,0.02598247668294911,0.0,0.015760074748042575,-0.012915217488823905,-0.037839088943523246,0.0051479616319280745,0.4116481430773242,0.11142923268912813,0.15363165642266452,0.8463683435773355,0.0014637353175700118,147.0,-0.04303447875325657,0.08266507569157976,0.047458225216460585,-0.0137899879779335,20.0,0
0.043881009623556615,0.0523697747597236,0.021325451319819683,0.037565608203946804,0.02497726628862482,0.0,-0.003595827674557929,-0.007463959633651793,-0.03717602498816477,0.02532070619168198,0.2013616336819371,0.11070372803050023,0.1530521809467362,0.8469478190532638,0.003066668535249179,158.0,-0.0524055056138361,0.06337753089088359,0.05088340129139976,-0.0137899879779335,20.0,0
0.042423126349593616,0.0483306933011344,0.02133576388555826,0.03756513986071075,0.024936686987679344,0.0,0.002223791231890613,-0.001341126910556891,-0.044760671086148285,0.03796246373648364,0.6321708769612236,0.11113193517592786,0.15314797941467476,0.8468520205853252,-0.0014827061930783212,29.0,-0.05138996363937494,0.18297676548355357,0.04877276412114974,-0.0137899879779335,20.0,0
0.043463869416134414,0.04846154662276946,0.023281929314362872,0.03635885640936068,0.02619767715007043,0.0,0.008504409342505213,0.005889010836586766,-0.03169038225212016,0.01802037891797761,0.3904826798807939,0.11101321815296777,0.15226270712068068,0.8477372928793193,0.00901847118521416,42.0,-0.061880945881757396,0.1457412277324216,0.04068313832949623,-0.0137899879779335,15.0,0
0.04293224181037928,0.04840516043545096,0.023528604289812374,0.0372229987378069,0.015834094892100876,0.0,-0.0012379078811532,0.023798409422673805,-0.038027473218474855,0.017648590183299593,0.23680400790876954,0.11114753974769713,0.1528296451145721,0.8471703548854278,-0.002636428939466906,18.0,-0.054682586139824296,0.12362104714046467,0.0418706842330813,-0.0137899879779335,15.0,0
0.04295546034902658,0.048500479233475564,0.023311672652114337,0.03825376738325405,0.017699853375345936,0.0,-0.004632755604688095,0.01698507782090279,-0.0383623609384978,0.03003442427263829,0.5170957973670749,0.10986145610144377,0.15156216584117832,0.8484378341588218,0.007233831675870146,160.0,-0.05836712325480107,0.10652145597832857,0.046309463190716466,-0.0137899879779335,25.0,1
0.04575540316537183,0.05170709215545393,0.023320493555324156,0.03756886608722672,0.020001481299040245,0.0,-0.018311577751703514,-0.017127664971765048,-0.05797490735440136,0.012733164216751967,0.314894598768495,0.1082284644402556,0.14936292551848834,0.8506370744815116,-0.0007795750994530773,147.0,-0.08917461614576591,0.2195822925660684,0.06377304160656352,-0.017663281604797843,32.0,1
0.04637458563012702,0.05233371834452855,0.023206683213925258,0.03792255622954323,0.021289143173753314,0.0,0.005347916633856778,-0.008305382712758299,-0.05193784106899326,0.02052779579198868,0.4348817065875914,0.10808582564235872,0.14930822673326277,0.8506917732667372,0.005733141571227528,63.0,-0.0932586711072488,0.23936095552090464,0.058766177882706126,-0.017663281604797843,17.0,0
0.04539592876797966,0.05181473672924346,0.01998540185257946,0.03589077753366354,0.02095658810359426,0.0,-0.0008236767880133763,-0.011320834608965121,-0.059541450334077255,0.013207455185449225,0.34493519989726296,0.10761149273274417,0.14872277268819395,0.851277227311806,0.0036359699443614924,70.0,-0.0889318096299905,0.21704548221274433,0.059541450334077255,-0.017663281604797843,17.0,0
0.04570274276257433,0.05206213199380553,0.01963370106108032,0.03636160952387731,0.018028465883418332,0.0,-0.008135257244459904,-0.027633397569707344,-0.06320379394056075,0.015174339720763404,0.361122527668149,0.1059834141809184,0.1471394694797149,0.8528605305202852,0.007654022486085738,16.0,-0.09808477391711176,0.2008850890265855,0.06320379394056075,-0.017663281604797843,27.0,1
0.04467210662821298,0.052614118790187084,0.02517606309462194,0.036982622554848535,0.01859621046384365,0.0,0.0011343006438948124,-0.02532388225874515,-0.05011677157919707,0.026884962642477257,0.4266756998286354,0.10432371720278351,0.14516119504939792,0.854838804950602,0.01660148445444868,160.0,-0.09716675878893757,0.20156185620597927,0.05011677157919707,-0.017663281604797843,20.0,0
0.04380615361758042,0.05210137610511113,0.027923658455345595,0.033663632381432225,0.018596692065294917,0.0,-0.004654862546270064,-0.02534552965383231,-0.04390536759648604,0.035913786384706145,0.3841117653241328,0.10240636027406644,0.1427872155300841,0.8572127844699158,0.014398555782668116,12.0,-0.10352538746809696,0.1761820239907931,0.048572753132938504,-0.017663281604797843,15.0,0
0.043804621772545016,0.051755175046434176,0.028038808808408876,0.032658391202523486,0.01070892629846133,0.0,-0.0042057124094667326,-0.011340735054721909,-0.043878424222023794,0.059148622737420505,0.28322964191140704,0.10204917064433869,0.14295554225537221,0.8570444577446278,-0.0007854684299038789,122.0,-0.10227831307036891,0.15393356922604742,0.05257418251179207,-0.017663281604797843,20.0,0
0.04346550883455018,0.0521719108929969,0.028114329479034802,0.032662286007501595,0.01051790362709578,0.0,0.005063121056440518,-0.011620803060602673,-0.029283989066514207,0.047256351715671975,0.46881997109101026,0.10235468004819492,0.1429585582458699,0.8570414417541301,0.0017652233971183116,114.0,-0.09716506597638727,0.14599717206194107,0.04777725090585216,-0.017663281604797843,25.0,1
0.04416753987720869,0.049208033710835035,0.028295467965806297,0.029372718798984187,0.013073335355546459,0.0,-0.010769436505600243,-0.021459088630681307,-0.043044643360492164,0.03681328814290275,0.5229224802858063,0.10158516265293649,0.14278788682443527,0.8572121131755647,-0.0026380118316208893,151.0,-0.09524884795847662,0.06594434641664744,0.05803215334140969,-0.017663281604797843,25.0,1
0.04528328758610027,0.056270848252130794,0.027918639066481114,0.03141270228468297,0.015937486302183727,0.0,0.00868882409327102,-0.004861007082346312,-0.031148823251338813,0.008941225092778218,0.33116139132821165,0.10224518692883465,0.14227713370132444,0.8577228662986756,0.002379798342695991,5.0,-0.08848509066587594,-0.053593829822032174,0.04984756042027591,-0.017663281604797843,15.0,0
0.040879004317843415,0.055586127365202284,0.029710800828900177,0.03133932487022537,0.018278581759330823,0.0,-0.011248318959129968,-0.017169473182759732,-0.06053517812046411,-0.0021436508524773972,0.38343677371556395,0.1017541409671291,0.1419711560151939,0.8580288439848061,-0.005253170875187442,98.0,-0.10213341541453587,-0.13704466179288374,0.06053517812046411,-0.017663281604797843,32.0,1
0.03930472089717444,0.0542865226277676,0.02907614913689629,0.032467368404118506,0.01835107050949367,0.0,-0.005296856262802936,-0.01780339502443115,-0.05225278048448373,-0.022963494668407095,0.3566968843036983,0.100966357455239,0.1407771322134899,0.8592228677865101,0.0033159727213182256,9.0,-0.10531882554718043,-0.06023405494248228,0.05392186320467725,-0.017252088932817482,8.0,0
0.04300453695617904,0.05430554211185917,0.030730717411521207,0.03274136096169806,0.02498816416067077,0.0,0.01592628249815986,0.0020536952361499567,-0.03885435553274221,-0.021308546183024663,0.2795769928671879,0.10306333204241307,0.14308731161312313,0.8569126883868767,-0.006358425928352153,95.0,-0.079096686917674,-0.043542003975913346,0.03885435553274221,-0.017252088932817482,20.0,0
0.04358625583798482,0.05225124693282116,0.0314058434486054,0.03474040605226351,0.026071559274035948,0.0,0.009348237437663571,0.00632598084126509,-0.020991364175098507,0.019106364780757744,0.5812691336320484,0.102921293873178,0.14321163833825687,0.8567883616617431,0.009077295122033929,6.0,-0.07805226573650492,-0.042355306399987636,0.02411705572303683,-0.017252088932817482,12.0,0
0.04350124868488282,0.053645179851926454,0.03163781400936138,0.03699842328062687,0.022715823588805247,0.0,0.0008973356265010833,0.01819437264227809,-0.016255703605262996,0.04536766565318333,0.2825431793095467,0.10302417047637853,0.14400532273312197,0.855994677266878,-0.0008802892669146419,121.0,-0.08005937180521565,-0.043781995161304876,0.02324136118984234,-0.017252088932817482,12.0,0
0.043968593476234684,0.05375214233938236,0.03306439788223401,0.031696690886041635,0.023509957605125174,0.0,-0.00755074585428808,0.0018017663797877885,-0.024907908187730934,0.045939049419907584,0.3902776428382456,0.10283242314115142,0.14456710104559847,0.8554328989544016,-0.005434319943557531,70.0,-0.08166924546386439,-0.08246327706917977,0.030616617432478205,-0.017252088932817482,17.0,0
0.040267521021686445,0.05354599550718148,0.03337559963830946,0.032026068062983,0.020756217153764772,0.0,-0.004212592323170249,0.00893035438304644,-0.01050272892115153,0.05036722816856606,0.30923704348145603,0.1026201343931936,0.1445081385118739,0.8554918614881262,-0.0017827106817145898,161.0,-0.08353193005258382,-0.12905682036943397,0.034700234428090955,-0.01117648659110051,20.0,0
0.040207666531729615,0.05737031284009275,0.03334214963242242,0.032401978473785537,0.019469250304009988,0.0,0.0006985342997832163,0.015011496845558813,-0.01182320855290965,0.013100817930664263,0.5832978414302904,0.10263206576504622,0.14355308588647872,0.8564469141135214,0.0014552982295258424,51.0,-0.07167820701892604,-0.14528794357612346,0.034025939432266276,-0.01117648659110051,22.0,0
0.03666659937016798,0.05624214696864769,0.03446055561419018,0.03198562266066735,0.01278980896244983,0.0,0.00040645849098223897,-0.0004943524150478788,-0.026759892546691526,0.02820143485357507,0.21537101480258403,0.10318779185364482,0.14447588067147987,0.8555241193285201,-0.005178839865665948,60.0,-0.06358641153602138,-0.06677165033498925,0.03363331107327993,-0.01117648659110051,10.0,0
0.03657958007056355,0.05602448858829586,0.03539411735364333,0.0300743389178227,0.007654650251791648,0.0,-0.0006417520224808776,-0.010386925180693781,-0.023874492239361576,0.024646924526700604,0.5301983331864921,0.10216973271842324,0.1431963905421866,0.8568036094578133,0.009275533056606658,166.0,-0.060162958507456094,-0.060296968357540386,0.0342534788503568,-0.01117648659110051,18.0,0
0.036445298291895516,0.05547420926704465,0.03508201671534292,0.03170390791822553,0.007347810168495671,0.0,-0.000151734910405237,-0.011424168345179148,-0.026188158789820355,0.02821086856186463,0.3202610897080864,0.10189121628693272,0.14256552404446107,0.8574344759555389,0.0028462724398255015,58.0,-0.06977663031402567,-0.04714001215558231,0.03440001631221761,-0.01117648659110051,10.0,0
0.035106691606012305,0.05503424471897244,0.034623276465210025,0.03178902339706563,0.004052068510431301,0.0,-0.0016490043369339848,-0.005545460688985462,-0.03599229487306215,0.031101049294528095,0.23388137276126147,0.1019991743734782,0.14253707558812834,0.8574629244118716,-0.0022916480112329402,114.0,-0.06654206754252395,0.0033274548063717928,0.03599229487306215,-0.01117648659110051,13.0,0
0.03646985613595709,0.05805214594714613,0.03543609389073552,0.03287260652265677,0.010515749051846175,0.0,-0.011605833723711793,-0.012928806184529969,-0.0459994431992542,0.044551244348747764,0.2680192159658535,0.10145170388385512,0.14310892169692652,0.8568910783030735,-0.005942384763317791,25.0,-0.08227767382340466,-0.08973952194113066,0.0459994431992542,-0.01155220650902452,8.0,0
0.03643465320031817,0.0590791506963821,0.03486931429381986,0.03417266994842378,0.010118429290085464,0.0,-0.004108828121724221,-0.017670702771618835,-0.04549728973450522,0.05160514869668529,0.37971183618087423,0.10084919374606378,0.1430233171245126,0.8569766828754874,0.0016634576572778466,121.0,-0.08211426722248452,-0.09385422232018016,0.04549728973450522,-0.01155220650902452,13.0,0
0.033480024756353276,0.05633709762788324,0.03474712882053041,0.034249299852968984,0.01392308849631635,0.0,0.007596582864230779,-0.010610502627357613,-0.020306598915042468,0.06401054853242988,0.5103023122229781,0.10129033507525319,0.14310109621546357,0.8568989037845365,0.0026711515210853126,162.0,-0.07710423307866125,-0.3190608068534899,0.025518047160028586,-0.01117648659110051,10.0,0
0.034281438104165174,0.056549568210252144,0.034572278249646586,0.03404242172760407,0.01613275185157245,0.0,-0.011011329321497036,-0.020876641814784574,-0.03624838886060505,0.06581914463401307,0.262261900443244,0.09980527592286384,0.1419008503068337,0.8580991496931664,0.0043851155414879875,81.0,-0.08630356686994914,-0.3709159507693284,0.03624838886060505,-0.01121277051348503,13.0,0
0.034274339648417834,0.05660679097866444,0.03457233872626329,0.03548310890584193,0.015906654484058813,0.0,-0.0014466668378956841,-0.022144732325850357,-0.036849291474437815,0.07132469921628252,0.5471972411150059,0.09965958002693497,0.1420090778024417,0.8579909221975582,-9.692933473469024e-05,158.0,-0.09419668155034389,-0.36977804329503244,0.036849291474437815,-0.01121277051348503,18.0,0
0.03400652585753747,0.0564633475218571,0.03442979330533673,0.03516047693637639,0.015905384231562,0.0,-0.006571574934035139,-0.02696624460938974,-0.03533087705735666,0.06164119192160477,0.608207845640066,0.09948885194629216,0.1420065397368252,0.8579934602631747,-0.00417315661654303,151.0,-0.09630162552464495,-0.3451610656257217,0.03966855241967309,-0.01121277051348503,18.0,0
0.033997186726592306,0.05707274931907385,0.029498764143910006,0.03561090400695624,0.0143854321115132,0.0,0.0010096818347380074,-0.014546783933823864,-0.03545095676819479,0.04284275365146983,0.3924460599092596,0.09914401575823976,0.14110415083211633,0.8588958491678836,0.004764977981749993,142.0,-0.08379104084477625,-0.36491270605955894,0.03869892320172358,-0.01121277051348503,13.0,0
0.06593439899127833,0.05706790871583897,0.02458695797771844,0.03539993146335422,0.05531786308688796,0.0,0.05646316220554947,0.045390350119651784,0.023776069195274852,0.04152294332814538,0.40499783339803996,0.10418585868928061,0.14598055994989714,0.8540194400501029,-0.0003158694311216763,25.0,-0.021173195459229223,-0.19344169049608018,0.0,-0.01121277051348503,17.0,0
0.08684404261280033,0.056175160256575894,0.025204764830844738,0.03567996522950742,0.07265931701199463,0.0,0.059294670941948416,0.09902757290821311,0.08906081090353096,0.02624333790696058,0.691349473053352,0.11022197166007046,0.15185594651098416,0.8481440534890158,-0.004753225174501523,58.0,0.0412745386391246,-0.18146580342529528,0.0,-0.01121277051348503,39.0,1
0.10543934793176733,0.060566644124263234,0.02511601687019931,0.03593495482088663,0.07698083643234455,0.0,0.06475337275049856,0.18322216390708965,0.15373964803431472,0.008366988717790621,0.5920677936294962,0.11659874700771931,0.157025093774775,0.8429749062252251,0.00032681806626102937,90.0,0.1199535487956739,-0.35817010188914666,0.0,-0.01121277051348503,35.0,1
0.10540499561995935,0.059517338017377214,0.02495020930730347,0.03565498181076699,0.08092150728400216,0.0,-0.010554731746220047,0.17242968651811852,0.15399005820425887,-0.0036000555534113957,0.40641793238019175,0.11559588008962188,0.15607859534331653,0.8439214046566835,-0.0007173985523143963,48.0,0.10431696770730296,-0.3321505989469129,0.010554731746220047,-0.01121277051348503,15.0,0
0.10537573276125133,0.05650951294308543,0.02489014795566004,0.03360709660197449,0.07645244606476764,0.0,0.005596154061147123,0.18678986218000546,0.15045189025282413,0.044469535079906884,0.3524338177557087,0.11631955675493437,0.15766654598704216,0.8423334540129579,-0.0021399535904560985,33.0,0.11461666766417027,-0.34013128378194063,0.005017643589998852,-0.01121277051348503,15.0,0
0.10465965790724285,0.05869320986482887,0.024584070815134158,0.033607921623733994,0.07936273445384362,0.0,-0.006205670712516359,0.17823539221779597,0.15631921196608745,0.03113471183122703,0.5446629979958446,0.11530317613775862,0.15594158333090344,0.8440584166690965,0.0038890415342765954,111.0,0.08632122250560566,-0.30688389517223785,0.01119217645864291,-0.010942839685205487,25.0,1
0.10458475550375368,0.05817938547326994,0.02876499053878849,0.03279862494357024,0.07718187201828984,0.0,-0.004600540588345486,0.11013323931221515,0.15712866270225703,0.04618076833623274,0.6661566875102909,0.11634617857598152,0.15782258725399462,0.8421774127460054,-0.013240991602232296,122.0,0.09666547269777179,-0.33683523258948145,0.015741226984918484,-0.010942839685205487,32.0,1
0.10417156953956845,0.0586871923917979,0.028376925831243634,0.03247404023463804,0.0629110776190689,0.0,0.0026658686947092034,0.05078665955344312,0.1420251998274365,0.056034946113692814,0.2410722733590268,0.11609960710464584,0.1577912915498133,0.8422087084501867,0.004070109665870844,13.0,0.0976525466859903,-0.3370602346684405,0.013117322334444688,-0.010942839685205487,15.0,0
0.10452356858240629,0.05720056991868233,0.026243046225902223,0.03131971786190171,0.013287846631719679,0.0,-0.003907446853495525,-0.0169735139480582,0.1270270803083589,0.031023045753946276,0.5560548072285167,0.11597709960973826,0.15751093220887838,0.8424890677911215,-0.002125879072325507,115.0,0.10336924443040815,-0.3414123105385797,0.0169735139480582,-0.010942839685205487,25.0,1
0.10444908821091346,0.05539170604189612,0.026350291542319153,0.02834870810326607,0.012970399106502415,0.0,0.007417511669016954,0.0008821389695917852,0.13436890719382413,0.021992465691639235,0.6053453858144947,0.11700454873024184,0.15893612271031976,0.8410638772896802,-0.0026225415409626045,76.0,0.11592894245945526,-0.3380923681930686,0.00968190351681519,-0.010942839685205487,25.0,1
0.10428924125107024,0.059465420541856794,0.025786946609911526,0.02795943320887445,0.012490011798719051,0.0,-0.006204520147186305,-0.010863216255983054,0.13590764237632555,0.035197900369565945,0.5359373572002837,0.116467678095782,0.15954540462517688,0.8404545953748231,-0.0019723385602528807,80.0,0.10761455911027412,-0.337677452387366,0.0158263520985683,-0.010942839685205487,25.0,1
0.10435983530723206,0.05958736810846628,0.025852395794783493,0.027749736543711687,0.012091621521726286,0.0,-0.004941428214174569,-0.00960489879347663,0.13507624979970978,0.03922394966489216,0.4803363522824578,0.11574718126487854,0.1590037057397417,0.8409962942602582,0.001596124354865248,1.0,0.12315485164322615,-0.3433060729546568,0.020689575529955543,-0.010942839685205487,20.0,0
0.10479533665175883,0.05422408256979625,0.026630795764225477,0.0268656198758919,0.012265003698378116,0.0,-0.005245440283273971,-0.010246556263337292,0.12833409504741736,0.06535893326624861,0.5541626143708973,0.11592397902279875,0.15956499990061188,0.8404350000993881,-0.006240617114156995,103.0,0.11499356572431316,-0.39585426286132086,0.025826489880300847,-0.010942839685205487,25.0,1
0.10513308462566658,0.05425174385026144,0.026087631541036157,0.02790260838386055,0.011429818417755136,0.0,-0.004508228333796645,-0.017328264598446285,0.12279093939921905,0.06165682385715402,0.3057765200718845,0.11552221545859198,0.15922883591386253,0.8407711640861375,-0.000543587075229412,110.0,0.09274517450849712,-0.3895986826985414,0.030218286500656607,-0.010942839685205487,28.0,1
0.10503779673973514,0.055183441783124676,0.024362866158360294,0.028172548835389218,0.01567480607071872,0.0,0.00911616286451076,-0.004480128024832662,0.13375407343520235,0.07217646439711481,0.580472166486343,0.11579813191980294,0.15977181524928297,0.840228184750717,0.005093092842531886,100.0,0.10668627060762903,-0.37649152612581,0.02137759845737228,-0.010942839685205487,25.0,1
0.10488186361331188,0.05445693605225649,0.024647754249563794,0.0283712610970187,0.014638221557132408,0.0,0.005247822071017637,-0.006624193504940954,0.13987677218478223,0.08474020091449075,0.30580038644962115,0.1158422475841209,0.1598488896262252,0.8401511103737749,0.0040098914162561335,96.0,0.11002549827397926,-0.39149537597163175,0.016241962219364595,-0.010942839685205487,20.0,0
0.10491727406111129,0.053684777411105354,0.02522623609854415,0.03327667695035208,0.018749825809690177,0.0,0.014160963728263637,0.01373269015932512,0.15792795402843113,0.09923122238107542,0.6106886901092012,0.11789491633346556,0.16237516425074566,0.8376248357492543,-0.005438707076975596,21.0,0.11625146966527829,-0.4052644399489902,0.002311000328965206,-0.010942839685205487,20.0,0
0.10393000506222788,0.051800916773506754,0.024822983094229076,0.03376241497068641,0.021838674348059035,0.0,0.018789581060016516,0.03790905580637125,0.19353692629196198,0.06851049714424776,0.22489521336794727,0.12038268569072137,0.16463519241877622,0.8353648075812238,-0.004140279277533196,111.0,0.13863489224478243,-0.3863563425716621,0.0,-0.00995725822439231,20.0,0
0.10447956789543175,0.05098134260049399,0.025893123365912603,0.03209497012127556,0.02354711095372402,0.0,-0.00828128895815692,0.03474150578014562,0.1885363938819828,0.048116793078503625,0.22185749393504234,0.1204359513385774,0.16485067617785973,0.8351493238221402,-0.0074959682620353765,127.0,0.1344612092095302,-0.3423250280998258,0.00828128895815692,-0.010213715328010577,20.0,0
0.10468889142938412,0.051141087952781314,0.02647557682037686,0.03241071288603218,0.0216902651950318,0.0,0.0006751976102990271,0.04012930115842008,0.18037209637415327,0.06558250212612711,0.44531647755521486,0.12132967706343477,0.16654183682381257,0.8334581631761875,-0.007257162136635402,44.0,0.1564027536425755,-0.3510007304014183,0.007611682854372637,-0.010213715328010577,15.0,0
0.10443017505645927,0.056386713365047754,0.026478036958530717,0.032344827968127515,0.025791149915647973,0.0,-0.009458618548319028,0.020983661517435474,0.18222527884705408,0.0839555988057018,0.3316325040998602,0.11965750223884769,0.16593119137140153,0.8340688086285986,0.004270226306255389,127.0,0.1393715172185688,-0.3664197604890604,0.016998305398061374,-0.00928201910979471,20.0,0
0.10493085151626379,0.057598534503242496,0.027428054134012787,0.030654289253422246,0.0271173455213347,0.0,-0.006229640636010796,0.009326534148176828,0.17656253420998136,0.09428118164994613,0.23098125781501705,0.11835351973581888,0.16512965164960364,0.8348703483503964,0.004746195291544268,130.0,0.13320703844897455,-0.38007750080195973,0.023122052700021083,-0.00928201910979471,20.0,0
0.10474207400501688,0.0576882740824718,0.027879969840983457,0.029563589995341998,0.02367530117741224,0.0,-0.0050318995167111065,-0.009774838150965252,0.1783860419385299,0.1062119687419085,0.49406444065772764,0.11852081022942126,0.1660697233661502,0.8339302766338499,-0.0063003809505688315,87.0,0.13675262956469456,-0.40322140947479845,0.028037604370925586,-0.00928201910979471,25.0,1
0.10570222304102694,0.05785260150898211,0.02999700843087525,0.03107825705824628,0.008296310561659187,0.0,-0.008495342298991857,-0.03629475762354272,0.16719675179405624,0.10541586282040999,0.5257547625996454,0.11655346054054168,0.16327069938656405,0.836729300613436,0.009726744839509664,25.0,0.12581851020622775,-0.3765006649812502,0.03629475762354272,-0.009314127110919952,28.0,1
0.09353645036692766,0.05784007720106251,0.03145321851986841,0.031136175175603208,0.008341964565531278,0.0,-0.00845269698073286,-0.03646132381625706,0.09547671204939823,0.11175993797983165,0.37366167912122505,0.11484493801931167,0.1616003812315134,0.8383996187684866,0.006964712077660748,44.0,0.1215228421568969,-0.4042177551944888,0.04444066601609463,-0.009314127110919952,23.0,0
0.07458865811694239,0.05851800641864814,0.031407314116693716,0.031145236687501403,0.006940390714311106,0.0,-0.001077496101179301,-0.038148972498413244,0.03304242925168273,0.10694475315425409,0.6095306491946493,0.11442058806461944,0.16073238820676355,0.8392676117932364,0.0030760924973767373,93.0,0.1250460256985911,-0.4008600264875691,0.04547027747290778,-0.009314127110919952,25.0,1
0.03812550800285378,0.05264652854055216,0.031444178773975845,0.031107700004427672,0.007086960793077157,0.0,-0.009786264078896005,-0.03846712800018533,-0.039277236012077665,0.15082023614119106,0.28758422409915674,0.11358585683851428,0.1607600282422577,0.8392399717577422,-0.0021334589252735093,106.0,0.10842394358197951,-0.026779030105751406,0.054811557408713234,-0.009737117249309458,13.0,0
0.03789229592350558,0.05348454104425872,0.031531532063647665,0.03224355522419806,0.01426752092590311,0.0,0.007000326360701162,-0.02566633550024333,-0.022231781869662046,0.14506720004709892,0.4608690535071168,0.11462173510473085,0.16163163369813244,0.8383683663018675,-0.0026296978133725723,160.0,0.1283348029505032,-0.10237577943639037,0.048194929838211366,-0.009314127110919952,18.0,0
0.03779241860981099,0.059300632933427085,0.03199375551362004,0.032098940667960985,0.014542556465819012,0.0,-0.007366162111655053,-0.027952188309928103,-0.03483539091881934,0.09338326716400248,0.234635188623236,0.1135282147239757,0.1592439801274721,0.8407560198725278,0.004245196076610596,128.0,0.11037544892257235,-0.05739541039852024,0.05520608028371832,-0.009314127110919952,13.0,0
0.04452070538792329,0.06254322629444914,0.03181970342548718,0.03212920105273142,0.02850779639270796,0.0,0.023307506413031625,0.003226575456762181,-0.006172444045751565,0.1457477770253131,0.2633527345014723,0.11536887948836498,0.16224612347698808,0.8377538765230118,0.0028360871555941107,161.0,0.14918189633119924,0.15719266259895784,0.03318528994093779,-0.009314127110919952,25.0,1
0.0444312725928978,0.06253556695513321,0.029162893516067077,0.03141075273314553,0.027280186464428195,0.0,-0.0035791182411900792,0.008157559277909624,-0.005152634696577806,0.14398340514581703,0.458031552627675,0.11583937311481865,0.16332569048329382,0.8366743095167062,-0.0074505865133183205,69.0,0.15116640140641271,0.15981490001170198,0.03664563410556108,-0.009314127110919952,22.0,0
0.04434695297116579,0.06282169928253065,0.02875789661369928,0.032019777555707465,0.027166143765478868,0.0,0.0006882583250589029,0.009939638133569064,-0.007114824222790119,0.1302912715571518,0.5919457368827816,0.11577513750184792,0.1631039213206197,0.8368960786793802,0.001262759784494931,110.0,0.13389989127266752,0.1522302291723402,0.03598259744325239,-0.009314127110919952,25.0,1
0.04533081914622546,0.061651315495955906,0.02872685805364568,0.03094343331512275,0.027439894527276052,0.0,-0.010421729970856549,0.009291513219026382,-0.013608131614369636,0.14498987984112224,0.27448036042616303,0.11454103261115807,0.16215594870706182,0.8378440512929382,0.0011506337257530719,86.0,0.11169034746656402,0.13359387993693003,0.046029326499905335,-0.009737117249309458,20.0,0
0.04695431028475725,0.0665436149497641,0.02984038315938013,0.031231153978033485,0.029533419241112843,0.0,0.014129065776755368,0.016436472365738985,-0.007036653235821861,0.11295510887604764,0.41667527723512665,0.11524976114608995,0.16154356663198177,0.8384564333680182,0.007235333140489264,17.0,0.126386746552403,-0.005147980829912988,0.03255061210492687,-0.009737117249309458,15.0,0
0.047435204648876454,0.0634203982072777,0.0301973074403644,0.03282866951356136,0.027657550105186512,0.0,0.009283511724954055,0.033485393221111534,0.008438410068781283,0.08055254311706588,0.42461398872807676,0.11671661822430208,0.16297352244994007,0.8370264775500599,-0.004269255632759591,118.0,0.14549289686295952,0.015098689042241731,0.02356928436910334,-0.009737117249309458,12.0,0
0.04715737013676531,0.06499631374693687,0.030204436850212242,0.03296092432777802,0.019685604174002044,0.0,0.002527496680624775,0.012498704083343349,0.01600776423485519,0.06241380686667402,0.44078542001287724,0.11723061430314824,0.16304257913502626,0.8369574208649737,-0.0016324186157528847,57.0,0.15324628279508712,0.009897418976946144,0.021101358976486177,-0.009737117249309458,9.0,0
0.048170202704919854,0.06642384282757997,0.029277732901258388,0.03302365880971955,0.02267011315599141,0.0,-0.010837443902042198,0.005123261175667987,0.010296285922138696,0.048172937140651476,0.230827984927159,0.11626911918856153,0.1616810732784439,0.8383189267215561,-0.0008677353033849307,34.0,0.13995174550572317,0.057926825182161364,0.03171011808436385,-0.010326410087062468,15.0,0
0.04791325581394946,0.0673458665072961,0.029293156018906134,0.03235914676902805,0.02268339328426747,0.0,0.0018217452190306975,0.006261771629738615,0.016720396047833614,0.037906821538148144,0.5412384669682795,0.11661035446063116,0.161647998437069,0.838352001562931,-0.0008974239244758246,111.0,0.14156444858489314,0.05101587270728854,0.02994614062134824,-0.010326410087062468,17.0,0
0.048030690166181084,0.06685222676943334,0.028880052200571358,0.03193574409340946,0.0219960611180745,0.0,-0.009015560060420891,0.007691648445087181,-0.0015479591640541774,0.03435522731974961,0.3250854586059826,0.11597922324938341,0.1616053908687305,0.8383946091312695,-0.0029949305987083718,71.0,0.13199906842744458,-0.0023630730014867368,0.03869171945241956,-0.010326410087062468,17.0,0
0.04923814539473595,0.06672697782040685,0.029709578051737837,0.031219595119903774,0.020869959440075293,0.0,0.012112854272412116,0.00568823530667226,0.005270663330213273,0.030963782878576502,0.6696493275342343,0.11638916412461998,0.16173362106318012,0.8382663789368199,0.007036223139415768,21.0,0.14588467888889842,-0.0055927916581249475,0.027047532339283652,-0.010326410087062468,19.0,0
0.047653446467660426,0.06647463886178653,0.02946112941306276,0.025153983593889075,0.01996467701127196,0.0,0.0067295899304358996,0.003143411109306242,-0.0020955658329895907,0.023124640782391317,0.6127045515368068,0.11759854264695398,0.1630883033451588,0.8369116966548412,-0.004380204743441606,20.0,0.1555014397709056,-0.035925383283031666,0.020499961210121338,-0.010326410087062468,12.0,0
0.043632169382030565,0.06650932280640647,0.029205626724270704,0.026517335966627406,0.019858378003603717,0.0,0.0008796431454230141,0.0014945451961177973,-0.019638350715058244,0.022846512697397795,0.3536780089192647,0.11803874193473478,0.1633100012941384,0.8366899987058616,-0.002608012622977775,152.0,0.1700978295420678,0.01257843363115804,0.019638350715058244,-0.010326410087062468,12.0,0
0.04686300106622857,0.06654875500135604,0.02838748837853538,0.026517182100752212,0.025556702808588568,0.0,-0.019598330044816262,-0.007375563795556962,-0.030825790198868372,0.022419663832875955,0.4505191112553532,0.11659569456526271,0.16195649264310485,0.8380435073568953,-0.0049098984611585916,46.0,0.1518988203604572,0.03635253848159634,0.03147973276882903,-0.01077508681236435,20.0,0
0.04725919004887795,0.06603952806333915,0.02697532640408247,0.02706551343314601,0.025952934418011834,0.0,-0.0078982018327636,-0.017006276053769056,-0.03912930131854296,0.005256665898040873,0.5955418761553335,0.11597046762841332,0.16118183394503427,0.8388181660549657,-0.0013651884008874912,30.0,0.1341849609471288,0.04268976874286459,0.03912930131854296,-0.01077508681236435,20.0,0
0.04707740314984241,0.05989230110983809,0.02724247889803263,0.02858669203211968,0.02591173487359177,0.0,0.005731911021465537,-0.0023777199096819083,-0.02439378896703578,-0.018069015009759187,0.35917243760680695,0.1159053830541156,0.16101864250608022,0.8389813574939197,0.005447032654087013,15.0,0.153386324883364,0.13945385064108545,0.02439378896703578,-0.01077508681236435,7.0,0
0.047952991286179775,0.05824674132986532,0.02674770814930413,0.02989554129722205,0.02497313637494482,0.0,0.010053352659697366,-0.004407735323529399,-0.008408416447304091,-0.025513178785901734,0.389598923087092,0.1167756752541305,0.16213208323466327,0.8378679167653368,0.0010014685001075788,105.0,0.16666950644604836,0.2073279739813988,0.011932023853218591,-0.01077508681236435,12.0,0
0.048569464098576716,0.05721109722084929,0.02578184762427661,0.030261012171685937,0.02579419006904848,0.0,0.009198381045433976,-0.001966256140063733,0.005773572332198078,-0.034093979141420656,0.37932019916206405,0.11726124658794461,0.16244009353798158,0.8375599064620185,0.003894567981999684,34.0,0.18518953898691456,0.23613831501985083,0.002843398109829727,-0.01077508681236435,7.0,0
0.0495256349114491,0.05662179325711548,0.02354881309316919,0.028167874737469324,0.02810865316246928,0.0,-0.012815899616650594,-0.015622857021734568,0.0013908371285899371,-0.02588681915918559,0.5626105504110399,0.11557978079236418,0.1606448110629124,0.8393551889370877,0.003099344779420651,147.0,0.16882013237282098,0.20754863526089076,0.015622857021734568,-0.012519131259459334,17.0,0
0.04878998713476253,0.05714810664826072,0.02220824102644182,0.028213203187568228,0.021070337821130734,0.0,0.002565449422818898,0.0066307953113427165,0.012518365605608709,-0.02288153946777354,0.5525669523828273,0.11588766102246677,0.1614180988948541,0.8385819011051459,-0.0008547469284641149,57.0,0.10919029004326272,0.2431571100912445,0.013097487248444862,-0.012519131259459334,14.0,0
0.04935335577852307,0.05807441008211293,0.02438720553042974,0.027910906312877237,0.019260803534244354,0.0,0.008426955587819442,0.02319502917143923,0.02215217789090809,-0.004663726959132603,0.6293435637266975,0.11776472752973184,0.1641795818298507,0.8358204181701492,-0.009122432243670904,110.0,0.05592656891332183,0.26489538335816026,0.004780903603980096,-0.012519131259459334,17.0,0
0.05024496884009255,0.055777902835678586,0.024346532193519933,0.027956900566755642,0.024555700720709964,0.0,-0.013350336276492882,0.00378144552481826,0.018473149791438923,-0.024684553669048225,0.3552620054750857,0.11627335471139973,0.16251739206219865,0.8374826079378013,0.001082172567079559,118.0,-0.021529660484883553,0.3536241692457624,0.018067413209654347,-0.013270170777516539,12.0,0
0.04984869897555202,0.055610206858110814,0.02417183652069756,0.029535138515981718,0.022333937525204583,0.0,3.5460530948152404e-05,-0.006174240692774576,0.011428932770041002,-0.02182275417834043,0.26358215997824164,0.11630620213069702,0.16243874497568112,0.8375612550243188,-0.00012821862057505812,167.0,-0.011056934639967627,0.36854942603907676,0.018032593358771467,-0.013270170777516539,12.0,0
0.04921362168638959,0.05041527900095347,0.023600827662466548,0.029579690711515914,0.01995592364959511,0.0,0.002338644191562139,-0.012929486554727677,0.021317495407482585,0.012908244556133399,0.2928814430629192,0.11663778300275215,0.1632189942944834,0.8367810057055166,-0.0012065768774297263,121.0,-0.014260498797266546,0.3354360522204142,0.015736120986926623,-0.013270170777516539,12.0,0
0.0436412104602037,0.04250264142601317,0.02336865634404095,0.029497492079861732,0.016307158842763222,0.0,-0.0023529599915514286,-0.002467750811736053,-0.004293069466785661,-0.0015713939589503947,0.5829218681877497,0.11656383627025126,0.16405608282781375,0.8359439171721862,-0.002272690098741027,167.0,-0.010439014781468968,0.023918103047791985,0.0180520545153736,-0.013270170777516539,17.0,0
0.04588637135230674,0.04378033354907643,0.021829304192939856,0.029529437085481846,0.020424305973473847,0.0,-0.01491055834579093,-0.019856023414077495,-0.015616390416420427,0.004923600931350886,0.5470523159557488,0.11508596824127056,0.16324783811794805,0.8367521618820519,-0.001084368381479298,139.0,-0.02068855955790328,-0.05433207965412703,0.032693446649051654,-0.014676525035396222,25.0,1
0.04590437511448513,0.044349798184517085,0.02206460832218422,0.0299171420726141,0.016125540291237504,0.0,-0.002556041681162977,-0.0305309846082453,-0.01880782963250776,0.015049603249137834,0.30077604845849426,0.11519354622651429,0.16390951902750459,0.8360904809724955,-0.0035747538750772385,36.0,-0.025788839453450403,-0.05884817527700318,0.03516592251787878,-0.014676525035396222,15.0,0
0.04488160918597893,0.044207644412905214,0.022330722269785747,0.03145253479439029,0.01340527966539305,0.0,-0.002569131764831707,-0.019937514497271523,-0.011021777624144158,0.013785683328133541,0.46149076406733136,0.11536388092905754,0.16452380601285616,0.8354761939871438,-0.003988213945576301,4.0,-0.024479923437980125,-0.03676766129846561,0.03764470839413019,-0.014676525035396222,20.0,0
0.04234968036500981,0.09953972952816256,0.020269062262054303,0.03223806114919662,0.013155967824257589,0.0,-0.0011083914004060887,-0.021058521112671875,-0.02588133921362993,-0.06074484138794022,0.5910811981761854,0.1161494398787541,0.161134851045874,0.8388651489541261,-0.003221096422593098,71.0,-0.032735874440126794,0.05837884073611745,0.03871137472348143,-0.014676525035396222,22.0,0
0.041115966441907424,0.13522577372646075,0.020077730759989035,0.030054421716681823,0.011482039833738682,0.0,-0.004490611838443133,-0.027728364719375995,-0.03917555302293961,-0.14717592151913206,0.4814322930784141,0.11605109283105154,0.15687443073577523,0.8431255692642248,0.001191586816486441,72.0,-0.031067722335237174,0.09590616042238853,0.043028148804308886,-0.014676525035396222,22.0,0
0.040930134407196124,0.16442773562401783,0.023064225747735582,0.029984918580879268,0.011296052549884372,0.0,-0.003511001055156261,-0.028856950715705567,-0.04496286186660155,-0.22501399032309088,0.48369521974230767,0.11514448835663292,0.1516580867602385,0.8483419132397616,0.008948914254799227,81.0,-0.029674852523831275,0.1058167445147986,0.0463880779836118,-0.014676525035396222,25.0,1
0.039913517602142956,0.18517280668786443,0.023474093853636413,0.029717034780881727,0.003472724363291777,0.0,-0.0002241753067363187,-0.014378489974562878,-0.034715743632075274,-0.29207356044350347,0.4646409359165949,0.1151472031444227,0.14813035171409936,0.8518696482859006,0.003330479230832216,123.0,-0.024776900932372094,0.0803004297140999,0.046601854228737236,-0.014676525035396222,18.0,0
0.04011124793596895,0.21050076893834777,0.02585333784290761,0.03166375293620631,0.006560826252095548,0.0,0.0037195270571364816,-0.008177303948496467,-0.03288717588627936,-0.36833997438166793,0.5212141156946883,0.11711583978630741,0.14665923718259882,0.8533407628174012,-0.009769126797491149,78.0,-0.0167166664441591,0.007042462896255554,0.04305566402931727,-0.014676525035396222,25.0,1
0.039363698345070315,0.215809380557771,0.025753873194371484,0.03486703069064052,0.006528723655132047,0.0,-0.002382790746624285,-0.007992010654545701,-0.02641418195798744,-0.4214914514165263,0.6692659024421888,0.11703099345256415,0.14438810425175638,0.8556118957482435,0.0008534865601307538,134.0,-0.027921253047018757,0.04137668863418995,0.045335862138102735,-0.014676525035396222,25.0,1
0.03701647891150647,0.21697962685011343,0.024422203754208748,0.034650231030806423,0.006741811168340214,0.0,-0.003239510918556566,-0.01010844407940866,-0.04118214479951657,-0.4162992312242541,0.40698003528782,0.11632848498388342,0.1439184964031901,0.8560815035968098,0.002851020227736649,108.0,-0.036128538689757635,-0.0035035931347901818,0.04842850703626074,-0.014676525035396222,13.0,0
0.03611079633395621,0.21621130086143778,0.02470282744464607,0.03509799684211423,0.0062690323758296225,0.0,0.0008544323842517188,-0.004793562868856862,-0.046777694998638555,-0.42252807343491827,0.2594691987961056,0.11592601361465338,0.14309223867989893,0.856907761320101,0.004540355554041577,153.0,-0.04877523509224299,-0.023044778218767187,0.047615453536741764,-0.014676525035396222,13.0,0
0.03830033254902038,0.2171258920745942,0.02473013653274685,0.03496652559770233,0.014940629757126137,0.0,-0.015463407379145406,-0.016730585480683388,-0.062342563760305766,-0.4164443651125633,0.3719477809844004,0.11465988885943107,0.14202817394374234,0.8579718260562575,-0.00287907466407521,153.0,-0.08075660934376325,-0.0651531073414007,0.062342563760305766,-0.015380480024142235,25.0,1
0.034649942935187666,0.21654770422209735,0.02571469408745746,0.03645668320241101,0.01611829663258529,0.0,0.004002966055408451,-0.012573234693048886,-0.03977025337829448,-0.42470673484539356,0.3097972940237169,0.11605858264039931,0.14310997164396733,0.8568900283560328,-0.008009833969375506,96.0,-0.0693700940903677,-0.033616100248381915,0.0559047141200668,-0.014676525035396222,13.0,0
0.034090951851734254,0.2166844107340928,0.02631646510851088,0.042427730632414326,0.015121956040818871,0.0,9.54068821909285e-05,-0.016138526754191022,-0.03203344563826862,-0.42368371998499343,0.4024476279046155,0.11555506260764557,0.14237697483482437,0.8576230251651756,0.004556080054359436,54.0,-0.0699093006101606,-0.016594839170027745,0.05581464093234984,-0.014676525035396222,10.0,0
0.033379806015098684,0.21784899906359131,0.025468937575704457,0.04004366339682384,0.015393424132558618,0.0,0.0004241862290633643,-0.013370254036909035,-0.03714186471347107,-0.41881708801693585,0.5892093942014909,0.11581327996627153,0.14302208655908819,0.8569779134409119,-0.0021914727797839504,81.0,-0.060629622870844245,-0.03336867581198445,0.055414130505350094,-0.014676525035396222,18.0,0
0.03271281377741083,0.22021461956568666,0.028123867019934523,0.04269103024894826,0.017858726499818553,0.0,0.00797600295477308,-0.0022687309278960283,-0.03912214927760272,-0.4622771611296437,0.686433488542174,0.11569141262559529,0.1408379209331921,0.8591620790668079,0.009974447015202238,37.0,-0.04720161040146713,-0.1427148624397827,0.047880110819223866,-0.014676525035396222,20.0,0
0.03354212316809844,0.22128269427954436,0.028390864505618577,0.04172684137523147,0.022536029430936015,0.0,-0.015719805577939925,-0.01879124902928133,-0.06284725036403538,-0.4952143946403479,0.6948658719053911,0.11493367847269242,0.13878566309460058,0.8612143369053994,-0.005911395538587095,65.0,-0.05743653117769382,-0.116497356087017,0.06284725036403538,-0.015380480024142235,34.0,1
0.03458945773405771,0.22106783706375116,0.03092852695724258,0.041466102458701554,0.022771202633427617,0.0,-0.01588870737136708,-0.01921511146088969,-0.06576432554314028,-0.5217071736604809,0.355883238172213,0.11225101813284515,0.13465811076353243,0.8653418892364675,0.010781827650870716,110.0,-0.06446495588025242,-0.033828909670481154,0.07594192332070059,-0.015681345848120747,25.0,1
0.03455488939177342,0.21957356975139788,0.0316237291453571,0.04110075640415413,0.022291392150078228,0.0,0.0023383286716409137,-0.020841253261357617,-0.06597596689611336,-0.5561911994001169,0.6184451767453842,0.11333624803061798,0.13449408759478526,0.8655059124052147,-0.006120167113275414,106.0,-0.054283512565293734,-0.0847414253401828,0.07378117182574001,-0.015681345848120747,30.0,1
0.0327550641057088,0.2210007196655536,0.03215694791814075,0.041088666316924406,0.02228290277151777,0.0,4.189199865130423e-05,-0.020893647828853813,-0.07374237066783933,-0.5992754999457288,0.320925550169117,0.11236063912576578,0.13151951652730978,0.8684804834726901,0.010588407812857172,51.0,-0.0532237468900625,-0.18311688622899347,0.07374237066783933,-0.015681345848120747,22.0,0
0.031330919425742655,0.2205790173614537,0.03216808254651356,0.04220842931302576,0.022489640965361157,0.0,0.0014905987622776595,-0.01984995926186632,-0.05980983735687025,-0.6248797502775133,0.47172068771930403,0.11249682723335089,0.1303481589666929,0.8696518410333072,0.001415200137288651,60.0,-0.04244156364992639,-0.16035919428583403,0.06203673815125156,-0.015681345848120747,27.0,1
0.03123537164093057,0.22028916762513598,0.03268213838428956,0.04230056552001777,0.01887663496763597,0.0,-0.0036665136318631704,-0.03117107511505587,-0.06329027362898636,-0.6255576738516555,0.2775409279245067,0.11152355349011923,0.12920635300611863,0.8707936469938813,0.005527890122200772,105.0,-0.052584681141248535,-0.18034462271843657,0.06547579323700685,-0.015681345848120747,25.0,1
0.03190183152122756,0.2200283064163506,0.032772100567045076,0.042301878129098094,0.01694466674447871,0.0,0.0055397128105138214,-0.01024528948960072,-0.06029879751706662,-0.6260046022692893,0.674061377564986,0.1116601559126062,0.12940802541584703,0.8705919745841528,0.003549372902012791,9.0,-0.04026672144873083,-0.15617169486947927,0.06029879751706662,-0.015681345848120747,32.0,1
0.033462807533819396,0.2189837975228084,0.03312916919424858,0.04219122596903587,0.009026649288791905,0.0,0.007744801283387524,0.013523746281192631,-0.05078753949502571,-0.6275392376957336,0.5878870855155047,0.11169288374438027,0.12954959526878798,0.870450404731212,0.006341832637876963,20.0,-0.0548625745267121,-0.07682670129554703,0.05078753949502571,-0.015681345848120747,13.0,0
0.03131041505158692,0.21757928447423683,0.033043565543937364,0.04281066785110827,0.00917937015714554,0.0,0.004059918111190952,0.015264547494135673,-0.032507968246708166,-0.6298896005042735,0.6034003297132124,0.11182579892561727,0.12972801790499144,0.8702719820950086,0.002315738223402032,32.0,-0.0476167015393434,0.0545154423407012,0.032507968246708166,-0.015681345848120747,13.0,0
0.031294422557239895,0.2181895802781034,0.03276675646047725,0.042776026609232166,0.009907019027612695,0.0,-0.0020275970871684885,0.013163556608584133,-0.031995392146919564,-0.6288894329455673,0.22763258575555156,0.1110364519858604,0.129039030067415,0.8709609699325851,0.005106088853377901,165.0,-0.05020145789490279,0.05779092595766373,0.031995392146919564,-0.015681345848120747,13.0,0
0.034835087646888994,0.21558254273345395,0.03310328074939425,0.0413210420929839,0.020193289159912028,0.0,-0.016963680380355048,-0.005505817935625138,-0.04596527199678451,-0.6345071211010045,0.2515653838679346,0.10998100369780317,0.12793552247376724,0.8720644775262328,-0.005469913922546378,125.0,-0.05648043061454681,-0.0022168868295553584,0.04596527199678451,-0.01586337210235301,13.0,0
0.0357759181134775,0.2125965641199082,0.03264438812262892,0.04080967671340075,0.02088633077420671,0.0,0.006401187928935809,0.0045432979135992275,-0.03879292275367547,-0.5964516449562683,0.6314686372309769,0.1105853378727059,0.1285670377677016,0.8714329622322985,0.00015382990418555485,93.0,-0.06367024917442939,0.04610856009710314,0.03879292275367547,-0.01586337210235301,18.0,0
0.03742672824517886,0.20584874009169646,0.033786137847109675,0.04102068729695975,0.02230061624939179,0.0,0.010126300250308846,0.009125340387150961,-0.024679666249744173,-0.5549857012850031,0.5566553070300522,0.11225878777942905,0.13027677656838604,0.869723223431614,-0.00598720545244011,51.0,-0.06288837969892848,0.06653786677624725,0.024679666249744173,-0.01586337210235301,7.0,0
0.037842216069153105,0.19403894112215198,0.03255668412749429,0.04097261926642455,0.021741376516161686,0.0,0.005377202933700689,0.00675449859517637,-0.015980276602661735,-0.5101747176341614,0.322256247612381,0.11278361514304368,0.13058668457879538,0.8694133154212047,0.0002975144578345186,43.0,-0.06022461949978772,0.05988628222046874,0.019406976499708614,-0.01586337210235301,0.0,0
0.038354690708402896,0.1825406788226399,0.032456850190338206,0.041068432465790075,0.02261087586243437,0.0,-0.007057230309770607,-0.004392484749610298,-0.022705645158265203,-0.45836439600916423,0.2996912004790848,0.1118729936501783,0.12963310938198078,0.8703668906180193,0.0018478169672142063,13.0,-0.05663314543402527,0.04594377898669711,0.026327247306704472,-0.01586337210235301,0.0,0
0.03862853853422692,0.15713145566722397,0.02983082944735944,0.040131113197327366,0.023227415124348134,0.0,0.005617225967818296,0.0032342224259478366,-0.02085790743611857,-0.39297591630631057,0.4565613488934716,0.11243609256760577,0.13001981197756307,0.869980188022437,0.00011863814718361658,53.0,-0.05305912565192657,0.13800521011416533,0.02085790743611857,-0.01586337210235301,7.0,0
0.03936989813966986,0.14663529680300436,0.030344100313775265,0.03781683886628386,0.013335101947540888,0.0,0.007151647397686617,0.02784503448761341,-0.011500039879855905,-0.3516326410312793,0.6660610559662823,0.11245160967564835,0.12969328651631043,0.8703067134836896,0.006432113639905071,138.0,-0.03761045769193272,0.13635565263457292,0.011500039879855905,-0.01586337210235301,17.0,0
0.04134993753434647,0.14512590920055196,0.03057044782999243,0.038334812784368434,0.015380020105822399,0.0,0.012910308999828863,0.034492848353338434,0.00451594040843089,-0.35741259142458814,0.2093680970625772,0.11315148514898406,0.13031876335740514,0.8696812366425949,0.005149988950086807,26.0,-0.036852180502891664,0.18947129638334512,0.0,-0.01586337210235301,7.0,0
0.041945483657064415,0.15064558108791867,0.030507927203184192,0.04129510898112806,0.018152004178263504,0.0,-0.007028590679446077,0.016924142364082025,-0.0033959217663989405,-0.33475636798400066,0.5690041213445272,0.11194625685865221,0.12945746197500496,0.8705425380249951,0.004053126462253998,139.0,-0.05001476337240965,0.13336956775541162,0.007028590679446077,-0.01586337210235301,17.0,0
0.03896664629784241,0.14937599775273153,0.03033422843466794,0.042224055623824794,0.018316048795045236,0.0,-0.0017474653415554418,0.009717645982125362,0.010488136859690057,-0.34701050330067446,0.4790069442527741,0.1111534701109031,0.12829833514231065,0.8717016648576893,0.005850064409761655,60.0,-0.052508284241517746,0.19696397785421046,0.008763773802389208,-0.01586337210235301,7.0,0
0.039227524164633584,0.14937758809892535,0.028689981646945466,0.04233266168891383,0.01585587374406762,0.0,0.006220719554429309,0.02321991488381768,0.012720215525796278,-0.34352384337071284,0.5625167404620608,0.11083462895142412,0.12758086685437078,0.8724191331456292,0.008677004317657713,145.0,-0.02755592404698563,0.19977790571722662,0.0025975712270230157,-0.01586337210235301,10.0,0
0.03922466692883115,0.1501747413299432,0.02945099541034729,0.034921052610790364,0.01596382554888853,0.0,0.0005689130400721147,0.01808323445427954,0.01319969903803154,-0.3387061426123708,0.6608670250418942,0.11127421470451143,0.1281317754898779,0.871868224510122,-0.003498931724207201,33.0,-0.019256578441813367,0.19975135133448413,0.0020301359790944706,-0.01586337210235301,12.0,0
0.04032713820704077,0.1471892122338065,0.029271225459467594,0.03471573378800984,0.018390386012748037,0.0,-0.008982357086166376,0.0017741120772647666,0.0036730332624834365,-0.3593351595273113,0.30403048489970264,0.1105625428554071,0.1271430490676455,0.8728569509323545,-0.0012850804918429271,101.0,-0.03360525475551087,0.2007701642951423,0.010994257658963147,-0.01586337210235301,12.0,0
0.03969494557286774,0.1383614252277416,0.027910543839829573,0.03211452983565305,0.013229886381911058,0.0,0.003491408608613683,-0.007541234496185284,-0.0007924167057372293,-0.3194407934693974,0.33260635031084196,0.1108159382206065,0.1272214198905916,0.8727785801094083,0.0009660770115012177,63.0,-0.039883564938688026,0.29434017572805826,0.007541234496185284,-0.01586337210235301,2.0,0
0.036528943985092925,0.13203486690095784,0.027385365503879433,0.0312694358579556,0.012455104913121377,0.0,0.004836410314589987,0.004317640924306462,0.020075550484957246,-0.2712449189440678,0.5709537537494136,0.11178298162769215,0.12835602095826426,0.8716439790417357,-0.004490258928771629,75.0,-0.04403339302660207,0.19940403314309238,0.00274129668589739,-0.014852754828586974,10.0,0
0.03228521149340105,0.1253643792785005,0.02579248328898405,0.03151794189657833,0.012161238197962446,0.0,0.0008185488694502629,0.006899245527852254,0.03739337188849261,-0.23599283000463217,0.39730760835007173,0.11210695458933062,0.12858788559151588,0.8714121144084842,-0.002038345762119752,81.0,-0.03083010353667821,0.061354140934169986,0.001924991701750196,-0.00869358806970701,5.0,0
0.0322773343810153,0.11394033726927387,0.026420902580241618,0.032108410729653945,0.010940583358009464,0.0,0.0018946960952809606,0.002570304896336426,0.03693422403281842,-0.18520158063290804,0.5319633843501284,0.1131587929331911,0.12975809253898915,0.8702419074610109,-0.007615557798146519,131.0,-0.031478514005417804,0.07988063084405501,3.394288072998969e-05,-0.00869358806970701,10.0,0
0.0324343471389354,0.08471203297353279,0.025463988565240167,0.0322980008728831,0.01116084023156945,0.0,-0.0020103014737398923,-1.4068701329004023e-05,0.034806323528964275,-0.08991536077029462,0.6787832588162286,0.11358256087995368,0.13061552470333246,0.8693844752966676,-0.005836487922965876,38.0,-0.041502747950132673,0.030977954823729777,0.0020441761190467273,-0.00869358806970701,12.0,0
0.034113303764478485,0.054225931302932316,0.026618477877188566,0.029087486813206043,0.010879775736192487,0.0,0.012244453934454051,0.021404835935469272,0.045917917934579125,-0.01623025462186837,0.24961462961036113,0.11391385572543906,0.13091596321851945,0.8690840367814805,0.007779832165306981,54.0,-0.01663826262572442,0.0947720165653175,0.0,-0.00869358806970701,2.0,0
0.03486398133215423,0.05645327996138921,0.026204630249187344,0.029223463274697364,0.014672749711970743,0.0,-0.007227873255964782,0.010494203078714952,0.04217932047296544,-0.028607363768883155,0.6865352436273091,0.11331577115013321,0.1300623900872738,0.8699376099127262,-0.0008767121785172904,103.0,-0.023780493890239604,0.15314249403166186,0.007227873255964782,-0.008719184511636136,17.0,0
0.035187303792771414,0.05595710491201309,0.028554582354357563,0.02899255213349067,0.01523927479578777,0.0,-0.004684447536596599,0.0009197374560485869,0.03158261469674504,-0.04333454673275617,0.439916403702327,0.11396148536287483,0.130759663205279,0.869240336794721,-0.009663540481385298,147.0,-0.03062057650898015,0.15220197793654144,0.011878462199492644,-0.008719184511636136,5.0,0
0.034580364955716564,0.058631078544503425,0.027734733708200007,0.03713638271476518,0.015223420249006582,0.0,0.00018971433583861013,0.00029083934360165753,0.023848815090249127,-0.035813568949429504,0.4144977551108425,0.11374463420581517,0.1308696933660596,0.8691303066339404,0.001711928040850085,4.0,-0.02814994704308217,0.08718448649128183,0.011691001378220994,-0.008719184511636136,0.0,0
0.035009738483669284,0.05821297638072911,0.027688574451824162,0.037573949634463685,0.016609975215359757,0.0,0.007303168585598232,0.005690653823098356,0.027155986400811346,-0.04207844297651315,0.5899405996375404,0.11467606245486528,0.1317971431055661,0.8682028568944339,-0.0016882798525777551,7.0,-0.006234767789522432,0.07791789842258455,0.004473214146622372,-0.008719184511636136,5.0,0
0.037223136731311786,0.05840947826674678,0.02916139199017978,0.03777822879252931,0.020488424942066805,0.0,-0.012052777059568006,-0.004429314201449572,0.01683764133100773,-0.06749114205836833,0.4635556389311651,0.11462351346464897,0.1316664409008044,0.8683335590991956,-0.00994333700871927,109.0,-0.01569647775312661,0.17334620902570166,0.016472076553341434,-0.011592214063557761,10.0,0
0.03461089421909345,0.05855507341110936,0.028861022069977486,0.03816787067192302,0.016196928070237142,0.0,-0.010542561657606139,-0.02684098032825516,0.023479547724936954,-0.052033872088498384,0.6776946681677468,0.11397540223646511,0.13120919536436887,0.8687908046356312,-0.0038158233425828326,159.0,-0.023564968069385767,0.06931632607939496,0.02684098032825516,-0.010308530971890174,17.0,0
0.038073072444678,0.05900687374678265,0.028859634852887617,0.03841217959985431,0.019557192899935245,0.0,-0.016401981906899173,-0.03583384620411918,0.00028941417759529274,-0.04818244825563392,0.45147212681251603,0.11245182385219844,0.12985096198173166,0.8701490380182684,-0.0013199588574554133,116.0,-0.03851473579791545,-0.013660483285414709,0.04280271696144686,-0.011826244749273726,18.0,0
0.03666072415109385,0.06382253122760276,0.028241289552330313,0.03684717705972129,0.020429323330196713,0.0,0.00036702273268710077,-0.030940466764307218,-0.009374824827447331,-0.023510910893775102,0.5184841534698234,0.11228370284742814,0.13004851929943959,0.8699514807005604,0.001424456876954576,131.0,-0.03382312352930029,-0.0011151996757328782,0.04245140379890538,-0.011826244749273726,18.0,0
0.03710591722930905,0.06321971612183533,0.028385137429648384,0.03684287405417194,0.019718533071704576,0.0,-0.008990272404928664,-0.039834733060601826,-0.023531484370338928,-0.006913466960533047,0.5293978685833838,0.11170781937003095,0.12964116407207127,0.8703588359279288,-0.0029722066568358767,57.0,-0.039135721343891434,0.004654584757615519,0.05106002651971026,-0.011826244749273726,15.0,0
0.03665145847095739,0.06404619977901997,0.029271821822858278,0.03543140855142445,0.013709270691304688,0.0,-0.003035222869304751,-0.049689327685732684,-0.01957620743482292,0.004805978022221652,0.22813689665572,0.11069533561149816,0.12870552257811083,0.8712944774218891,0.006242948541197234,67.0,-0.04183736217352844,-0.008621914911826614,0.05394027082881508,-0.011826244749273726,10.0,0
0.036633754012778685,0.06511075424726057,0.02927980245611721,0.0343957633875179,0.017840821598345664,0.0,0.0055152837934777516,-0.03279053457932957,-0.019675595681770568,0.03087762967275414,0.6806085254776937,0.11132013870202509,0.12962709060718658,0.8703729093928135,-0.0010321793703609047,85.0,-0.04012311136440827,0.059978590965317755,0.04872248293685529,-0.011826244749273726,25.0,1
0.03593379521747052,0.06680135574883536,0.031978574869673274,0.035590641387031864,0.016978659488758888,0.0,-0.005124996542072206,-0.027494783538177643,-0.031625229769514714,0.024055228386430292,0.6509988839480536,0.10944812718547096,0.1271941923641066,0.8728058076358934,0.012847631017811272,130.0,-0.042761578245811595,0.14123524584854205,0.05359777692235494,-0.011826244749273726,25.0,1
0.03308955760818642,0.06683142234202863,0.0320455453230305,0.03542472002708673,0.011682106702896135,0.0,0.0019903880057208128,-0.009309838719159741,-0.04206502477371999,0.02029491043472068,0.2909276720945231,0.10904813857914183,0.1266698925522655,0.8733301074477345,0.005475603902946848,132.0,-0.037739047510446384,0.14104127706016947,0.05171406928895368,-0.011826244749273726,13.0,0
0.032659472672712235,0.06268638868637282,0.03309349860790112,0.03361966662544378,0.011498711453413288,0.0,-0.0023413385632511715,-0.01199200119363872,-0.03754315969516867,-0.006230811089268448,0.38331774012947617,0.10792969522404945,0.12536187408709734,0.8746381259129028,0.008315023549390623,32.0,-0.0408115878283794,0.2146527128934284,0.05393432770751599,-0.011826244749273726,8.0,0
0.03340402779965149,0.060678718465840546,0.03345560880542816,0.03040127862482467,0.010276441976464835,0.0,0.005603431222450888,0.002557498689728637,-0.03045585419403926,0.008472236066072945,0.23341223607058809,0.1076849227022535,0.12496168283392661,0.8750383171660735,0.007306895477942729,21.0,-0.020287142501315053,0.21001282848330408,0.04863311378090329,-0.011826244749273726,8.0,0
0.03297232336337302,0.058857225894670406,0.032649815829238,0.03035917571718772,0.009897891009133018,0.0,0.003987332767918941,0.009619449097171643,-0.032607834412793225,0.02093062248851401,0.6583270928677484,0.10874753162929719,0.12608776178735942,0.8739122382126406,-0.006206843399796132,130.0,-0.020302397568557156,0.26988754399619624,0.044839697421168875,-0.011826244749273726,25.0,1
0.03315651525434274,0.059118749048203655,0.03352543534309975,0.03104068709107489,0.01064417345956579,0.0,-0.005534244305291173,-0.0014751793502205983,-0.03850862397791337,0.012210388708033896,0.43203666368111593,0.10744508013840202,0.12458118564919296,0.875418814350807,0.007227349145157902,69.0,-0.02581722718675901,0.2771686104592481,0.050125787886355966,-0.011826244749273726,10.0,0
0.03229039762592705,0.05647872336033253,0.03726559598334685,0.030657238550998858,0.009381564468728388,0.0,-0.0012762207369638309,0.0023877161463588077,-0.031032083378269574,0.04353803712529993,0.6092607541946204,0.10574898355308673,0.1228280785883569,0.877171921411643,0.014713960463136996,156.0,-0.02747303199023868,0.2154395591221678,0.05133803705336258,-0.011826244749273726,18.0,0
0.033431938926293606,0.0558801110129119,0.038642828254421696,0.030351256800198116,0.012092325716148756,0.0,0.0086594067720882,0.009059379437921287,-0.026041881797460698,0.04725791430372739,0.4938636691894476,0.10554063855778194,0.12234104718009253,0.8776589528199075,0.009840064144660312,65.0,-0.026813662481012784,0.19768789772144552,0.04312318722699998,-0.011826244749273726,15.0,0
0.033195560393735064,0.05754944144304075,0.03811244887426569,0.030227426092119973,0.011368771650032616,0.0,0.003317399124983387,0.014782782201616886,-0.027514214273246147,0.0579236309181285,0.3398666082470211,0.1055781779985347,0.12260649358330636,0.8773935064166937,0.0023315111896330203,50.0,-0.007991026785985384,0.2137864678423394,0.03994884492558994,-0.011826244749273726,10.0,0
0.03455628533495791,0.058412317140832906,0.03862600531123417,0.03029949858586257,0.016118681910903848,0.0,-0.011242473149669224,-0.0022168949839125617,-0.03923379369968729,0.053490279876190094,0.5803069623169342,0.10507944261065222,0.12201813029575265,0.8779818697042474,-0.005165495959963171,75.0,-0.003307505649603492,0.282092165948626,0.05074219425882292,-0.011931231473083188,18.0,0
0.03509478586655893,0.05914295551597182,0.03762203967091766,0.030895006164021136,0.016567365122764556,0.0,0.005467994260757995,-0.0007453833685919948,-0.035807181965135555,0.04591836023124707,0.6308992635684595,0.10492070162417975,0.12161609045788455,0.8783839095421154,0.006544261173969768,84.0,-0.00019546841300134544,0.24587441294148007,0.045551658025050436,-0.011931231473083188,18.0,0
0.03580089081048528,0.06243720006787415,0.03684686384853623,0.03094491297339769,0.01781886136509627,0.0,-0.00871758818771791,-0.003944056678984791,-0.042287326687739726,-0.0023307351138600035,0.4685174941263295,0.10436865668682324,0.12067287644001665,0.8793271235599832,-0.002114121057636187,114.0,-0.00895286953264392,0.31964803081897136,0.0538721456168382,-0.011931231473083188,18.0,0
0.03559148233911985,0.06442060259128539,0.036201594645267315,0.03434483302103305,0.021003104482971498,0.0,0.011701048821517334,0.008998547412551192,-0.04280145740130338,-0.027882287119814005,0.3023852842175496,0.10529929660210383,0.12126060553443778,0.8787393944655622,0.0018360029240152157,47.0,0.0011511067248423123,0.1579798620667372,0.04280145740130338,-0.011931231473083188,8.0,0
0.03650833656951646,0.06669689488340368,0.03628891255041768,0.034839461551330976,0.020948647358319975,0.0,0.008497633658873488,0.008836719906508875,-0.0276394359313051,0.012468122330040457,0.4123530378938832,0.10549572887346391,0.12172973397177572,0.8782702660282243,0.005342007865568527,165.0,0.013374071915821826,0.2075961272749872,0.03032999325576834,-0.011931231473083188,13.0,0
0.03648541060207486,0.06797468858519726,0.03395209274768255,0.03584431719989466,0.020889489676721138,0.0,0.002469950313269898,0.007984609218262747,-0.020650040144561545,0.00482282612464302,0.5242106391251273,0.10505198390676665,0.12093964307380084,0.8790603569261991,0.0066897063772492,23.0,0.010280392290825488,0.17106420789672025,0.027934956518842,-0.011931231473083188,5.0,0
0.036537896749621455,0.06442477779519758,0.03474207735303063,0.027369296205842563,0.01583997597140017,0.0,0.001384758684860199,0.02085738641651229,-0.01947989550253538,-0.01518355166353134,0.6743198106276079,0.1056014088664012,0.12157011265855025,0.8784298873414497,-0.003987834021246101,42.0,0.0039043471618964067,0.1722398048196109,0.02658888100763246,-0.011931231473083188,12.0,0
0.035592847461350774,0.06501846522598852,0.034574510350536505,0.026372478534428666,0.016257180599135324,0.0,-0.0016054511058747388,0.013675677012375856,-0.028151644965089522,-0.005760233387624245,0.5133691049688126,0.10484655143820289,0.12086074880747046,0.8791392511925296,0.005621809378734758,94.0,-0.0017601442521106175,0.17552439782797458,0.028151644965089522,-0.011931231473083188,10.0,0
0.034375627491588234,0.063107090969137,0.03121866077639015,0.028082644840140083,0.010957731589366453,0.0,0.005656060313419357,0.028374029068164563,-0.010731377899309022,0.015783689673384418,0.5588873902365872,0.10502791832053288,0.12106266994390892,0.8789373300560911,0.0032422837648713545,154.0,0.005925572339642638,0.11672708120014051,0.010731377899309022,-0.011137486425859761,10.0,0
0.03291104469722139,0.06501078829927813,0.030541215534623523,0.02780442480739261,0.009646590125458387,0.0,-0.0029231104452729028,0.013508861532317926,-0.0031133806920557432,0.02711054673563511,0.24023642075680812,0.10483637448351892,0.12116889292964582,0.8788311070703543,-0.0010740175093565964,2.0,0.02029306626233619,0.12314356779797264,0.0031133806920557432,-0.01090464303795814,0.0,0
0.028425694388664914,0.07059421740023354,0.03053037108622076,0.02822898163537261,0.00685924282514138,0.0,0.002025468435018911,0.007004536099367321,0.015563028100871443,0.050712717851141884,0.6536175603423862,0.10510995575770855,0.12193600643969627,0.8780639935603037,-0.0012775695390150252,146.0,0.015856946439445442,0.19557110551388596,0.0009035626781929663,-0.008949369772347051,17.0,0
0.02914316133937038,0.06744515845667413,0.03046503929053991,0.028840135576640277,0.008859402229928587,0.0,0.007245436363293137,0.011801623645931554,0.022545927793172868,0.02443572272889979,0.30126289091949243,0.10553169487311487,0.12225910873919135,0.8777408912608087,0.002502437967258005,133.0,0.012959738842092264,0.1903180348632668,0.0,-0.008949369772347051,5.0,0
0.027913175982311317,0.067440312230872,0.030267487982307776,0.028818513559752325,0.010672979585606705,0.0,-0.004477079086724667,0.005878808341025229,0.027202741263684563,0.015012630318052127,0.4093168037967596,0.10410904790014001,0.12062415801305827,0.8793758419869417,0.009678755110483163,67.0,0.0030311360124688704,0.2370049267276364,0.004477079086724667,-0.0082400866053539,2.0,0
0.02825347673347154,0.06787185059746567,0.030762568818911325,0.028456645287019217,0.011842399555143036,0.0,-0.004919054283863676,0.0025403654181522565,0.02526177319991525,0.01768971116042842,0.6431826857450755,0.1037978002794602,0.12056102892355942,0.8794389710764405,-0.0016388867679461023,7.0,0.005191036052759338,0.21484874128050896,0.009374110375527593,-0.0082400866053539,5.0,0
0.029707497244752783,0.06648314836659393,0.030323644442028487,0.028446178278444343,0.013227401149824975,0.0,-0.00960552271457661,-0.01267393460901418,0.009844021582879916,-0.0067594875451827,0.2640950253000178,0.10237122642401818,0.11892970134489421,0.8810702986551058,0.0053381138993023715,140.0,-0.01002526108743802,0.2138023373436078,0.018889589859963123,-0.009472332535547804,5.0,0
0.030526823769625483,0.06679433338809643,0.029661158699730183,0.02795295921946169,0.01451074035884334,0.0,-0.00855458310554228,-0.018250334786641096,0.006362833015890566,-0.007840110885706887,0.5384193634423802,0.1020316504828701,0.11834171676951236,0.8816582832304876,-0.00404775054184663,74.0,-0.02546362280973674,0.24354367274798136,0.027282580399218742,-0.009472332535547804,10.0,0
0.03379990770259834,0.06690547882030914,0.030174143095265917,0.027873675807022536,0.01656278475902373,0.0,-0.014719380217067857,-0.03465635446986298,-0.010419852615649145,-0.0025661652219956406,0.2128371126311866,0.10092175058178088,0.11735974293714585,0.8826402570628541,-0.0024485986769053124,93.0,-0.05204656603095334,0.1944630313477485,0.04160037794208778,-0.010996930584405332,13.0,0
0.03432024691076474,0.06733587548652842,0.029615644144242437,0.029778182287312074,0.01564923455499928,0.0,0.006077420142891218,-0.03577578077405369,-0.0020692645806392796,-0.007919828233135784,0.5983630100500381,0.1014676717203662,0.1177600613932173,0.8822399386067827,0.0001858236969220202,38.0,-0.03953473754520546,0.16575223319300306,0.03577578077405369,-0.010996930584405332,13.0,0
0.03699188826310061,0.06755069974045853,0.02922500380489812,0.029470328820854545,0.024919034560061785,0.0,0.014980829768709049,-0.016929618039107853,0.007236584959086243,-0.012562254425393314,0.35081583422856066,0.10287044173521877,0.11905035690337488,0.8809496430966252,-0.0002853586165010855,21.0,-0.02343966561132973,0.12265771021897018,0.021330901886963394,-0.010996930584405332,0.0,0
0.03852546269994421,0.06792643694598506,0.02772536787916745,0.028159668703829493,0.027979827254534354,0.0,0.011806919941106388,-0.0004055252597251121,0.015081479035983775,-0.018199058287297634,0.5414340565161488,0.10401377245203826,0.12005541511948141,0.8799445848805185,-0.0004018125380292601,150.0,-0.018018129747914825,0.08765316514424744,0.009775834196707979,-0.010996930584405332,10.0,0
0.04040372750755833,0.06780903261171191,0.02795496616700559,0.026089242362348573,0.029324473818228274,0.0,-0.01309048865454789,-0.003922863833544127,0.0073685903356156155,-0.016012801239869326,0.44294532106939644,0.10318197478715077,0.119256215660012,0.880743784339988,-0.003726408644977924,81.0,-0.031423787916779265,0.08571419633560855,0.022738352404615123,-0.01281328632881609,12.0,0
0.04074398130234035,0.06684276300102403,0.02422267696425465,0.025991626095628096,0.028367584797277454,0.0,0.006036560648336382,0.010736445126985069,0.014744670117132692,-0.02383677761098958,0.5583570538479754,0.10405243755540498,0.12021858644813987,0.8797814135518601,-0.0030525201570731986,23.0,-0.016744971093596822,0.10237469951233848,0.016839053199612444,-0.01281328632881609,12.0,0
0.04146603851164553,0.06747709247878338,0.022289072278513723,0.026857635466550893,0.022623425479535844,0.0,0.011780297257234413,0.037920771368263176,0.017884388999997353,-0.02933291410735784,0.6641985089994301,0.10537719464464299,0.12137346036152478,0.8786265396384751,-0.0019776321542913145,46.0,-0.00862323594182108,0.07213202117767308,0.005257124994599849,-0.01281328632881609,19.0,0
0.041596899059890724,0.075691974048199,0.02248634118739627,0.027858536702814827,0.024369713939350713,0.0,-0.0036232579763004133,0.027913057136055682,0.010842961711922694,-0.009160026790475846,0.5884046594049115,0.10457255947288475,0.12110492856410995,0.87889507143589,0.003823405176325054,62.0,-0.016969588133221896,-0.002511801933082387,0.00886133505083117,-0.01281328632881609,14.0,0
0.03983441085728639,0.07963395437362143,0.021415358946345383,0.03180278381428942,0.021634501654212882,0.0,0.0009287458202462456,0.013681930648781607,0.02328604375892898,-0.025174747815353327,0.6801433600897897,0.10448278342268949,0.12052766269480882,0.8794723373051913,0.0021518664259752907,69.0,-0.01686134977767802,-0.04634809093851972,0.007940819158475186,-0.012567743763552198,14.0,0
0.04291329318650202,0.08110434794378532,0.020845026755824655,0.031920006944935284,0.024259221270740206,0.0,-0.01616234284642098,-0.014339162844959402,0.001272392195757599,-0.001648272098567956,0.28845965099356163,0.10248477479942601,0.11874498050348117,0.8812550194965187,0.00445151258495629,136.0,-0.034580350548262466,-0.11343462824606641,0.02397481976317546,-0.014475046482689862,12.0,0
0.04199648751260742,0.0764656692152689,0.02133977505151487,0.03230364681804338,0.02133943573578228,0.0,0.0022804880579457565,0.0010123659427937672,0.012381305236910537,0.022044435016451005,0.2961701994337812,0.10204328493633354,0.11813639636391808,0.881863603636082,0.006448193800510617,93.0,-0.030429593750203047,-0.202589229206313,0.02174900599539103,-0.014475046482689862,12.0,0
0.04129189277770204,0.07460253236615409,0.021397690999063627,0.030788868098828328,0.021507409025126746,0.0,-0.008547192100203427,-0.013498554846936378,-0.007880550374449496,0.03194025397530176,0.2733544060894734,0.10128559321677985,0.1172547248026768,0.8827452751973233,-0.00011628768400120945,102.0,-0.05034470873460205,-0.10939902353251975,0.030110305163363375,-0.014475046482689862,20.0,0
0.04037229567473959,0.07108250689580017,0.021444241994591384,0.03049461587619661,0.016287023997084645,0.0,0.001731510431583564,-0.023296277487328255,-0.014536790536365585,0.005073942425125943,0.4271787560003275,0.10178148827586067,0.11775561760562478,0.8822443823943752,-0.0032772898225552367,111.0,-0.041774437776994,-0.19165737960022466,0.028430931039268338,-0.014475046482689862,12.0,0
0.04189296528721036,0.07025956471261899,0.020967090942168063,0.034586888451858006,0.018083334903273397,0.0,-0.01256752913666986,-0.03206394795678587,-0.02931916157536801,0.03261058055951162,0.45391254950424925,0.10098882216066733,0.11723641686728584,0.8827635831327142,-0.0037353781024199693,134.0,-0.04936375985639332,-0.21400224880276206,0.04064115362171954,-0.014475046482689862,25.0,1
0.04220093158726466,0.07051970839159871,0.022306477763231344,0.03464409043946823,0.01958463374480336,0.0,0.004542705788135857,-0.02856911162785751,-0.02625804174572925,0.02642992750010097,0.6200427718753374,0.10049977440952368,0.11651932992805432,0.8834806700719456,0.009056516583551385,118.0,-0.04522643333895661,-0.22315654536768978,0.03628306863737759,-0.014475046482689862,25.0,1
0.043220363937744435,0.07016926170303832,0.02215086485918844,0.0346567491664045,0.018148113803437067,0.0,0.008501041331146705,-0.004216747162367238,-0.016401101172878785,0.01625103562323862,0.29693207544859385,0.10076478113101918,0.11666645197376986,0.8833335480262301,0.005018421684241293,105.0,-0.04409102816071291,-0.22497286499232455,0.028090471172338063,-0.014475046482689862,12.0,0
0.0430574660964367,0.0701095746231891,0.023546551047678974,0.03271464420832979,0.018432390585813474,0.0,-0.006274867070064341,-0.012716642610854194,-0.02807034625526167,0.007974274769278377,0.36678830162064147,0.09935444298977059,0.11508555371467648,0.8849144462853235,0.008525965195872601,136.0,-0.03850049066114102,-0.22963464239433273,0.03418907426986051,-0.014475046482689862,20.0,0
0.04373880319961383,0.06866613012045002,0.024092216195662,0.031442682229364485,0.01864669998016245,0.0,-0.009140899631235556,-0.013307853367305913,-0.034131316832234165,-0.01982666708386195,0.3710612034149732,0.09790765929621538,0.11338664964718508,0.8866133503528149,0.0065888317214658244,87.0,-0.037138433741469995,-0.19376511477926853,0.043017455004710416,-0.014475046482689862,20.0,0
0.04625929926626703,0.0631693188165156,0.023984589980631254,0.03157168331507784,0.022384529498598836,0.0,-0.017351551888380567,-0.03210441465017761,-0.05280914258920553,-0.03501638461196836,0.4773638743677452,0.09639741206306006,0.1121186288417431,0.8878813711582568,-0.00046979980777600653,124.0,-0.03806798465843282,-0.3177704510770797,0.05962258729047067,-0.015945898452018013,25.0,1
0.04524217701986356,0.06383124382527254,0.024019361007464775,0.031169661927709962,0.02102440202421043,0.0,-0.002073105539031115,-0.02181762889958886,-0.06157208891353855,-0.02459401473306476,0.5518800405719541,0.09590829829245652,0.11170937110759716,0.8882906288924027,0.003089880092501484,63.0,-0.040414360991085134,-0.3155096159904938,0.06157208891353855,-0.015945898452018013,34.0,1
0.04524911710405454,0.06385479208381045,0.022124787195172017,0.03120626791180414,0.019030237196606577,0.0,-0.004637906131492288,-0.03075733119790863,-0.061723692241294204,-0.01852391843158156,0.36802156726170476,0.09540732360118821,0.11123888254095876,0.8887611174590412,0.0009941793002075502,115.0,-0.03620000460748886,-0.3195481289940149,0.061723692241294204,-0.015945898452018013,32.0,1
0.04623109251138269,0.06375972738764611,0.024986705673996357,0.03108699500010901,0.012476436663833836,0.0,-0.012485422678587878,-0.05092684570695227,-0.06885813113403651,-0.01895797500687014,0.5515773369686809,0.09315518527449296,0.10900588027099793,0.890994119729002,0.012411574663952938,19.0,-0.0453358364257993,-0.34707799287142976,0.07271188827873593,-0.015945898452018013,32.0,1
0.04615692138223085,0.06438892094384976,0.024729955013508435,0.03127952357575576,0.01698385664513537,0.0,0.0038061075569210292,-0.04129884891937805,-0.0562488822317502,0.00046427093693602244,0.249170615811527,0.09313848396869329,0.1091088804274448,0.8908911195725552,0.003447788532600867,87.0,-0.046958575859572506,-0.3366625319535642,0.06918252998927059,-0.015945898452018013,32.0,1
0.045744494575713286,0.06102574726360098,0.025001387000915157,0.03148106107240071,0.01703685774486032,0.0,-0.0035676136727999406,-0.035906441803507425,-0.05150181507482199,0.024933253940916736,0.5361265516484046,0.09200119685817253,0.10789300712046547,0.8921069928795345,0.009034068993640704,25.0,-0.04546667950826779,-0.4067623296449876,0.07250332712216193,-0.015945898452018013,32.0,1
0.04444449093111312,0.06106914922995493,0.024444249273813893,0.03144945287151376,0.012516514211337423,0.0,-0.008645755946800632,-0.027365033324839583,-0.04565493096830709,0.018073106776332844,0.6588701555487817,0.09118872957268119,0.10703323529391057,0.8929667647060895,0.0010276981054302538,52.0,-0.05559906593208884,-0.39534917645991347,0.0805222369973333,-0.015701564717640018,41.0,1
0.04374176390128566,0.060382851665127274,0.02491425672459814,0.03116231475509712,0.012222578688860076,0.0,-0.0044182753069239656,-0.029650766008969855,-0.05561093932118999,0.026411083613337615,0.3070764513887162,0.09013857446513027,0.10586891644529207,0.8941310835547079,0.00759469690292805,25.0,-0.05756513015479585,-0.37679878450744836,0.08458474289287365,-0.015701564717640018,27.0,1
0.041686926918432406,0.06019429982869694,0.024694010686113876,0.031277581262408274,0.017645900941141802,0.0,0.008886416765771888,-0.01646630133581414,-0.06128148678615452,0.03940296104682272,0.5569754946650729,0.09069255543007876,0.10648705394449562,0.8935129460555044,0.0018143538623698195,162.0,-0.0544883705126154,-0.32218938027234456,0.07644998140447351,-0.015701564717640018,37.0,1
0.0398333661947628,0.06070313089749943,0.025274365705850087,0.031289653895504844,0.015020313769697783,0.0,0.005035595740333268,0.0009840861781274118,-0.06756368081049333,0.06324535496154858,0.44417612141123197,0.09135750319058267,0.10742382732786353,0.8925761726721365,-0.002968356616869491,81.0,-0.053501162010246905,-0.23312630587627223,0.07179935686484917,-0.015701564717640018,25.0,1
0.038469869518263464,0.06047259189489978,0.02465850627340264,0.031901555476885946,0.014491439366005797,0.0,-0.0009611961012481263,-0.0037698150582580214,-0.05610387342921386,0.06685654999729576,0.45579323365974794,0.0905845188729266,0.10653458332890672,0.8934654166710934,0.007654941887575541,36.0,-0.04914868955313935,-0.270223919646768,0.07269153970420668,-0.015623120789958313,25.0,1
0.03828905109533669,0.06077544190295791,0.024748254908193726,0.031794755891698494,0.014898157297126175,0.0,0.005168281033300476,0.004964306913397964,-0.05691852152200742,0.07285793112399884,0.5372787892624595,0.09130486160568249,0.10744254604124129,0.8925574539587587,-0.0033697047708290163,121.0,-0.043013096228271645,-0.2519759153363118,0.06789894897684086,-0.015623120789958313,30.0,1
0.03597419423135276,0.059090648168900445,0.024519772422020383,0.031634746816277315,0.015343792877243082,0.0,-0.009334962601099353,0.004265638307486145,-0.07660007742858745,0.09364261154054102,0.3672508525444893,0.09061580110799673,0.10690731716655995,0.89309268283344,-0.0010745443567697602,100.0,-0.06008563401075287,-0.18679044548002008,0.07660007742858745,-0.015623120789958313,25.0,1
0.03614840457533646,0.05188412512383328,0.024560838858085125,0.031805893100216774,0.014326732052318464,0.0,0.0003643671312620403,0.0090899971138534,-0.0729045147360177,0.03489291893372571,0.24124123922400836,0.09024894616979567,0.10617581646709104,0.8938241835329089,0.004695673331323557,79.0,-0.06285205388600394,-0.24328314144792787,0.07376475185130053,-0.015623120789958313,25.0,1
0.03619226024804923,0.046173258021777824,0.024539684058836442,0.02969560720334026,0.011897579150035,0.0,0.0013037309105735904,0.0015057811698362404,-0.07255719032782627,0.04755525354836546,0.6214691074700547,0.09014029207896374,0.10577538553759953,0.8942246144624004,0.0026467379362873113,27.0,-0.050960716477896,-0.24821056774298392,0.07255719032782627,-0.015623120789958313,25.0,1
0.033665466424285,0.04637460520306416,0.025119704200816346,0.029092656468351404,0.011040948097140303,0.0,-0.003729228120522329,-0.007228259499754276,-0.06083675782504405,0.0482040982303667,0.33361941406700146,0.08997004060084138,0.10590200648332387,0.8940979935166761,-0.0017750612112142185,12.0,-0.05964177384515824,-0.1506929475228939,0.06297363525981436,-0.012555213167957564,20.0,0
0.03389169783428987,0.04643814005748357,0.024918699996724424,0.029575902668387385,0.011912466491772898,0.0,0.0036621919221191093,-0.002633874419761473,-0.05954206487605023,0.04768468233418392,0.4401482925501482,0.09020828230235374,0.10605696680339576,0.8939430331966043,0.0007491349520460145,53.0,-0.047897968118806,-0.15646020373801478,0.05954206487605023,-0.012555213167957564,10.0,0
0.03355713657164904,0.046961364215655915,0.025238803114078483,0.02940695094831962,0.01108079288717808,0.0,-0.006252583210010383,-0.013966089468787145,-0.05736547803137803,0.04549686069873351,0.4454482849945841,0.08902128572318428,0.10458835571932333,0.8954116442806768,0.007747316314108584,139.0,-0.06479395686644687,-0.16699035139719318,0.05932447235349639,-0.012555213167957564,13.0,0
0.03396223244022826,0.04933205576837333,0.025261094300940024,0.030439080896893664,0.009298925854572163,0.0,0.004271766742648917,-0.00042296839571191795,-0.054975083730586585,0.06767344071201227,0.23627441418652206,0.08964630218021385,0.10554186682536039,0.8944581331746395,-0.0033918048311099265,23.0,-0.06871271299004147,-0.08092153713824198,0.05530612591887233,-0.012555213167957564,8.0,0
0.032932448823895906,0.05182263640655535,0.03024608428489156,0.02359679358613056,0.010255456975932302,0.0,0.004616531499383341,0.0038258493117489726,-0.03852903203293851,0.03727776146388445,0.5206815330730695,0.09126759323385591,0.10710890934021901,0.892891090659781,-0.01335621678830003,4.0,-0.06671855469279027,-0.08961086266539486,0.05094491689190232,-0.012012853666964599,13.0,0
0.03860590237175703,0.05309576351734552,0.029625727131595534,0.02359488321786618,0.024140900592250138,0.0,-0.02343943756523694,-0.020979643110921792,-0.06531138613370548,0.05824288792184562,0.2356843961113032,0.08874817944154098,0.10476451775941378,0.8952354822405862,0.006195355929227417,44.0,-0.08985447877586444,-0.19110295317539006,0.07319023425838533,-0.016621632506911663,25.0,1
0.039025943373560856,0.0532537762819058,0.02998138953658043,0.026692879863794067,0.02701880172142817,0.0,0.009867167999353114,-0.007618668406651306,-0.06404524659637172,0.06888312043240917,0.6007986930434496,0.08974868730944176,0.10592343308253989,0.8940765669174602,-0.0023992093920824397,101.0,-0.07939593520018144,-0.13028522595424535,0.06404524659637172,-0.016621632506911663,30.0,1
0.04438429523491589,0.052922621403382504,0.029333569555902078,0.02847478083989132,0.033400738961891885,0.0,-0.024479218483996933,-0.035443777847361815,-0.08119128494629599,0.07581925136656183,0.668123357736196,0.08785322079693068,0.10414032925716368,0.8958596707428363,-0.001294051607705995,14.0,-0.10698256372020552,-0.12802560565715487,0.08119128494629599,-0.022526254713708484,49.0,1
0.04403691177673475,0.053064921960382504,0.02900614164477819,0.02874930702184519,0.03340897648616854,0.0,-0.00491788663186764,-0.034148287798902666,-0.07727534861775012,0.07523273601079074,0.5754727438336662,0.08707164955777912,0.10311271049760046,0.8968872895023995,0.0046331714702181545,15.0,-0.1087691560429905,-0.1531153064505774,0.07727534861775012,-0.022526254713708484,37.0,1
0.043053557084103446,0.0523822649187307,0.029213658517823073,0.028396100912757138,0.034863014936104005,0.0,0.008507920013750343,-0.030074195480933454,-0.05299283716446543,0.07077344689885615,0.45829967119303583,0.08791526279725245,0.10412699380778938,0.8958730061922107,-0.00205965157055635,85.0,-0.10300347345964615,-0.05739704197302998,0.05299283716446543,-0.02179633533223958,30.0,1
0.043053985424337624,0.05339755463470299,0.02930748813044329,0.030601851007611102,0.03348463133723623,0.0,-0.002487536204824623,-0.03693295040613653,-0.053386121292975805,0.05237419184840406,0.21936344223131948,0.08780544386167359,0.10388778066873165,0.8961122193312684,-0.000872144872784816,93.0,-0.1116711151995143,-0.055411037515181914,0.053386121292975805,-0.02179633533223958,25.0,1
0.04401261022501525,0.05358433518012218,0.029796763948470105,0.029870939373039373,0.02884175467229548,0.0,-0.0118011718527353,-0.025455495086638993,-0.0601985635090953,0.05681927705671316,0.41920049347165345,0.08628166607842186,0.10238163781699663,0.8976183621830034,0.006589567780021294,34.0,-0.1182065781429861,-0.07164204171317964,0.0601985635090953,-0.02179633533223958,32.0,1
0.043321266649027905,0.05255498127990425,0.02734652059518115,0.0304487894159793,0.024419876225202867,0.0,-0.008791452891195914,-0.04346148343277943,-0.05668307301176865,0.04623994558189017,0.6954212624200196,0.08525257418142157,0.10134132948487934,0.8986586705151206,0.003896729963173375,166.0,-0.12163811367128062,-0.02908099844800606,0.06155392591667728,-0.021693697708361694,49.0,1
0.0442317680046833,0.05164089326535134,0.027290366402148953,0.030724038221066025,0.01928377624965211,0.0,0.008520746970445801,-0.011103650979935518,-0.05225253694514923,0.03711472532256705,0.634825212518243,0.08590932388879557,0.1020291741772175,0.8979708258227825,4.0310244305776915e-05,88.0,-0.10556227237996156,-0.05050080084758969,0.05355766437400505,-0.021693697708361694,30.0,1
0.046096620565522994,0.05311653416330308,0.026436401387504558,0.030374959423833347,0.023017685794386893,0.0,-0.015468138988486459,-0.021588319427433715,-0.06357161170799855,0.02139400560210081,0.32016144669980656,0.08506785093958057,0.10109528833211884,0.8989047116678811,-0.004220648496475706,60.0,-0.1117993733926268,0.02155869843982782,0.06819736596605569,-0.022243742778724367,34.0,1
0.04712858340933426,0.055543328907836,0.02715537375246358,0.03137965028050659,0.02347496599229824,0.0,0.009361723080920318,-0.020759995844395918,-0.04656183476470658,0.007930120833189985,0.5993921130179974,0.08624409499308223,0.10208590466115003,0.89791409533885,-0.004940031760299628,157.0,-0.09009098838107327,-0.06224817871282073,0.05947408774015776,-0.022243742778724367,30.0,1
0.047082747044612835,0.055638233267132464,0.026531270181526255,0.03511753455440891,0.023642603089046067,0.0,-0.0003498455444707861,-0.01866146345797942,-0.04266562402490231,0.005043207248298948,0.44435673141773524,0.08575850045651835,0.10147029300387565,0.8985297069961243,0.00539096717753633,69.0,-0.09590388791734275,-0.06448322889662014,0.05980312654002119,-0.022243742778724367,22.0,0
0.046370253532906726,0.05569784781468119,0.026698639139646468,0.03879271933608692,0.022902159770338385,0.0,-0.009589590893196435,-0.0164652357753914,-0.060197545328206,0.005532252076802294,0.38107058832097507,0.08470203179926947,0.10048495562013333,0.8995150443798667,0.003475013852299349,91.0,-0.11779003703577112,-0.11352127390289676,0.06881922991556476,-0.022243742778724367,37.0,1
0.04575352976396624,0.053824599668438104,0.02709378627252974,0.04021639861076498,0.02210224723255925,0.0,-0.004650268491675641,-0.012356111783398916,-0.06925473595850837,-0.013751957889819616,0.26350822252319483,0.0847660664799068,0.1005621583991665,0.8994378416008335,-0.0049357076532985655,141.0,-0.13213931189408604,-0.16296449511321165,0.07314947051074268,-0.022243742778724367,37.0,1
0.045985307821922054,0.056427027832846616,0.025853849824287987,0.04072882169181422,0.019196350262404478,0.0,-0.008172027908195375,-0.028703338288942188,-0.07597264073650543,-0.03164385534501734,0.4936688497679798,0.08401608324943742,0.09951927698083445,0.9004807230191655,0.0016586472687399587,21.0,-0.12781415474575525,-0.12238452575857499,0.08072371890445454,-0.022243742778724367,37.0,1
0.046397732010023576,0.055845101267001186,0.0284660252210994,0.04227118280187122,0.01770705798805374,0.0,0.007198484568164835,-0.006341425318226089,-0.0741063227811083,-0.03538910028122276,0.5817381872475031,0.08552464553836879,0.1012727992732241,0.8987272007267759,-0.011228830397116337,39.0,-0.1268068219749824,-0.13013363886919543,0.0741063227811083,-0.022243742778724367,37.0,1
0.046801209805159366,0.05514779767752786,0.028782065922427484,0.04349493797965813,0.015955358679034932,0.0,0.006098770253383154,-0.009553614746182543,-0.05968167355419021,-0.04144425097576202,0.21627753920596948,0.08566556453057403,0.1013658056996579,0.8986341943003421,0.0038998937521888865,74.0,-0.13171013016745903,-0.09704713781983997,0.06360666962940198,-0.022243742778724367,37.0,1
0.047978349249205986,0.0525888369251855,0.028366046407273263,0.04259667939957207,0.019316090286660075,0.0,-0.013840223010062307,-0.02291978643830034,-0.07303364496420961,-0.02296796576835397,0.6381858723105698,0.08442844051156752,0.1001328605753061,0.899867139424694,0.0017842250828791493,127.0,-0.140613677254709,-0.08773085090159867,0.07656656214686601,-0.022243742778724367,42.0,1
0.04776647409591968,0.05032955685114963,0.02846854311099851,0.04353116292239407,0.01826112841326002,0.0,-0.0031902162599626365,-0.01660654268014924,-0.07719395886277773,-0.008233978272753427,0.5609706220447717,0.08450548252315371,0.10025855251716939,0.8997414474828307,-0.003813189032662609,154.0,-0.14415017242523906,-0.06349865449688415,0.07951251451529828,-0.022243742778724367,42.0,1
0.047897781952303126,0.049203178381642364,0.029338863820398346,0.0435384109918259,0.01861114895815906,0.0,-0.006923800694270028,-0.01885276490964568,-0.08015296453986316,-0.04015860492791597,0.3687547483428508,0.08345507610492771,0.09887591754061084,0.9011240824593891,0.006416735821643609,74.0,-0.1361134758722362,-0.03978181723457287,0.08588578640636413,-0.022243742778724367,37.0,1
0.04941620656886371,0.04961972136870313,0.029431241105346014,0.04408368323358644,0.02129711416664337,0.0,0.010718500596149432,-0.00016566358466119755,-0.07368592347032958,-0.044402389498411785,0.32136069684450075,0.08409641051453778,0.09933837892776766,0.9006616210722322,0.0022478971999175487,26.0,-0.12884057631065776,-0.07048873475820308,0.07608785266301207,-0.022243742778724367,32.0,1
0.04991105183363373,0.048750148800131184,0.028134690609946614,0.043700778285509376,0.02158173478808589,0.0,-0.010864068215015949,-0.01809615171846891,-0.07798448405189122,-0.03546854762364439,0.25297442829568983,0.0834013513140093,0.0986581799282748,0.9013418200717253,-0.0016832179518853857,82.0,-0.13087634487660213,-0.08252224113243575,0.08612529725636298,-0.022243742778724367,37.0,1
0.05201867963678828,0.045864005550507736,0.02796743378863367,0.04473635608360835,0.025290499321706617,0.0,0.013285960134559729,-0.011081801227930052,-0.0697086104822736,-0.04377717156157372,0.41223071365492114,0.08455101138454407,0.09996100620797058,0.9000389937920295,-0.001743057886488264,37.0,-0.12085145751485435,-0.06916493447632813,0.07398359438772839,-0.022243742778724367,32.0,1
0.05153113461704224,0.04350221198293061,0.02369987152238429,0.044729710327697944,0.0215921033454099,0.0,-0.00017183564434879875,0.002624818459072494,-0.07414271701346434,-0.024710143561246668,0.36735750171172954,0.08465977414015587,0.1001387216573918,0.8998612783426082,-0.001487906629057655,37.0,-0.10981510192758198,-0.016001440923178078,0.07414271701346434,-0.022243742778724367,32.0,1
0.047684870836916485,0.040340703661945594,0.023268389380833407,0.04459565908716966,0.023299832398113184,0.0,-0.00934323290503445,-0.0035640927026879964,-0.060778390980700675,-0.03733435945100138,0.3298682277844308,0.08354237839077294,0.0989955636656573,0.9010044363343427,0.004669303199155899,20.0,-0.12212025615248029,0.14773015133833664,0.06995529829928984,-0.015223951591722835,27.0,1
0.04601935232526588,0.0478229863967173,0.023352771610843023,0.043487381115734115,0.022924811883653255,0.0,-0.005415205183801553,-0.0020503934142857344,-0.0749916811891067,-0.02036518011987501,0.6025808480630458,0.08280107742816945,0.09860496461401322,0.9013950353859868,0.0035371957954767404,148.0,-0.1342340670710456,0.04153070728210942,0.0749916811891067,-0.015223951591722835,37.0,1
0.040764394043290554,0.04784351468696154,0.02347362957797974,0.04321902799142718,0.019817323854279617,0.0,-0.00642446473803621,-0.018976783404052858,-0.05787180252989246,-0.020147669247775994,0.6092792282894592,0.0825012461284402,0.09840858147883674,0.9015914185211633,-0.002340798410621592,6.0,-0.13436440146662817,0.08621961551307838,0.06120283549018796,-0.013534365336463256,32.0,1
0.04141746132784629,0.047498028932282964,0.024127058510554304,0.043247917170854584,0.01958660128469865,0.0,-0.01025427835975458,-0.018371994935620063,-0.06292421484044171,-0.018434262571042512,0.42983928019486917,0.08228232179559511,0.09816075072092695,0.9018392492790731,-0.006626828728323657,132.0,-0.13533707281989849,0.10689432778126101,0.07082952293841989,-0.013534365336463256,32.0,1
0.0400077366962321,0.04649104546304811,0.024055927376464083,0.043225892442626354,0.01031529416342078,0.0,0.0008746403424784027,-0.03039554955597517,-0.07001683295414192,-0.02510424905569751,0.4501271087434954,0.08244136396243455,0.09837787943524143,0.9016221205647587,-0.0011691421961492433,93.0,-0.11929927949109694,0.05701667398722632,0.07001683295414192,-0.013534365336463256,37.0,1
0.04056561987614623,0.05484928140967907,0.02414799002544647,0.041717967320135996,0.009423577517421108,0.0,-0.009876789441775701,-0.039807133194852864,-0.07690585076276016,-0.047126951595241016,0.3417159155793936,0.08156379582360881,0.09698485431107763,0.9030151456889224,0.0020972064766447206,58.0,-0.12618626697877577,0.14110107550322537,0.07690585076276016,-0.013534365336463256,29.0,1
0.042130273594501305,0.05414753820541103,0.023436816409117475,0.0435924177790545,0.01369672135674398,0.0,-0.01754684478515626,-0.047758474033547015,-0.08227298631916681,-0.05419242181194129,0.20634214737031015,0.08061017720581391,0.09611210611160706,0.9038878938883929,-0.0044865964852159376,117.0,-0.1375188342362448,0.16156399519602768,0.08227298631916681,-0.015223951591722835,32.0,1
0.04178765554477718,0.053931372469487315,0.023269387736317444,0.04487759575840805,0.01433549131667601,0.0,-0.002995549763683073,-0.045441832575145856,-0.07690675245817903,-0.05879529798371364,0.35819676705434333,0.08073696661661334,0.09627248995228681,0.9037275100477132,-0.004281747923042748,53.0,-0.1292305144052627,0.17506878527057188,0.08470574322367237,-0.015223951591722835,29.0,1
0.041357850337400144,0.0559842821799114,0.02325316639945301,0.044306594164900105,0.01547059442766479,0.0,-0.01451390216658073,-0.05321360059201189,-0.0979902345201572,-0.07917301350388113,0.6407159399601277,0.07975616363163938,0.09503364482601703,0.9049663551739829,-0.0009297021559297698,2.0,-0.14512253311577808,0.21482891351604946,0.0979902345201572,-0.015325003465200599,32.0,1
0.03980066988088831,0.05746269773895625,0.023062217530126067,0.04433796202314121,0.015623220092607734,0.0,-0.006023155402904148,-0.04916612700139101,-0.08933691636320176,-0.08593923727398425,0.6472971237693377,0.07920043081065069,0.09417807491462385,0.9058219250853762,0.0017189669130068302,90.0,-0.14722923631296891,0.1910627777746082,0.09778322001636813,-0.014412850293102967,30.0,1
0.0375442347942578,0.05734207775246123,0.022897888265307465,0.04355369712478352,0.012207589930884092,0.0,-0.007296047672335592,-0.05692830481771626,-0.10436583665390983,-0.06269535285336396,0.6460231810455639,0.07837961442013264,0.09344667948606984,0.9065533205139301,0.003544448509893584,51.0,-0.1460682065772567,0.2660030439894463,0.10436583665390983,-0.014412850293102967,27.0,1
0.03736313766665111,0.0573475723906829,0.023068559648523432,0.04187187486893786,0.01245007450375534,0.0,-0.006988912600195848,-0.054177662393193264,-0.11031409289270525,-0.06320894202819619,0.41758656126865396,0.07741480251578496,0.09234888663617619,0.9076511133638238,0.005994443394088329,98.0,-0.14827309730559923,0.2687932478160099,0.11031409289270525,-0.014412850293102967,25.0,1
0.04246068677376419,0.056548643201363796,0.02503308370281417,0.03819649982255587,0.02361038724707319,0.0,0.016573639171262016,-0.02132936247717556,-0.08681165707546978,-0.0762035253564524,0.572858028972692,0.07940643878422511,0.09437449112051371,0.9056255088794862,-0.010084488024944134,138.0,-0.14178335374185852,0.2300932938775135,0.08716429023459699,-0.014412850293102967,37.0,1
0.042654871441993016,0.05742486688271645,0.025473470368627543,0.03679765144307914,0.023913739340111675,0.0,0.0005607556819036304,-0.017838453568159888,-0.08203077817494564,-0.06534147568519409,0.5718790559055393,0.07899033076943683,0.09397773445837536,0.9060222655416246,0.005682754331484015,39.0,-0.14560449425047717,0.2422048331039132,0.0866524124237015,-0.014412850293102967,32.0,1
0.04272102656721217,0.05557184170747274,0.025508662732547985,0.03686606474256881,0.02043524531962049,0.0,0.002105659693286397,-0.0012749580371799207,-0.072518442210277,-0.04503503834617494,0.3993728995952315,0.07898011571847204,0.0939858987625811,0.9060141012374189,0.0020170027810535607,151.0,-0.14298166538997004,0.23112244622225706,0.08472921322258173,-0.014412850293102967,32.0,1
0.0427258108454328,0.05626280782294076,0.02253728214283145,0.03799813602309696,0.02390547175383856,0.0,-0.014300986727147224,-0.009592332311644953,-0.09231629083112841,-0.040947479125372874,0.6402867064089119,0.0781677920138221,0.09337586043890822,0.9066241395610918,-0.0030707024573842553,106.0,-0.15958139276595043,0.14791696909290827,0.09781848859603119,-0.014481964850665704,37.0,1
0.04147171707469516,0.05641186353105061,0.022673336707296772,0.03646214323578886,0.023479438748418492,0.0,-0.005225883935256491,-0.007526957197779414,-0.1025331844631626,-0.049051322288281546,0.47889693344782003,0.07744733857547213,0.09248724797913792,0.907512752020862,0.004548524690744735,101.0,-0.15609550597375077,0.13992945171381316,0.1025331844631626,-0.014481964850665704,37.0,1
0.040763096698610786,0.05645306556757206,0.025672565133032295,0.036591144003799064,0.022678357444592522,0.0,0.0018596656494740413,0.0013168266142613877,-0.08824530798683299,-0.04837080709713851,0.641845035866665,0.07846256920104225,0.09369556807387364,0.9063044319261264,-0.011256409969242844,81.0,-0.15483407645777492,0.1638281262158258,0.09078849508313,-0.014481964850665704,37.0,1
0.0409848836511942,0.06263672332362415,0.02760288493949867,0.035106942757770515,0.014759164897841213,0.0,-0.008231180330648137,-0.023115720317252987,-0.09285614018239252,-0.02292356176996682,0.28620141453240455,0.07864907295982214,0.09444067896567934,0.9055593210343206,-0.010320155597991841,156.0,-0.1628821659797743,0.1010766797645442,0.09827237893880073,-0.014481964850665704,32.0,1
0.042381918708360916,0.06102611057909063,0.029374692026817254,0.035130865934790124,0.01789839095694364,0.0,0.0075426052863564,-0.016299083663289055,-0.07964153352065953,-0.002303996831249544,0.2506304647987929,0.07833537662922722,0.09402651566032746,0.9059734843396724,0.010907912364193991,68.0,-0.15341099304834094,0.10584214332548585,0.09147100341733094,-0.014481964850665704,29.0,1
0.040228378801620494,0.0605274302382569,0.030101115698305002,0.033694837290744926,0.017959957599423985,0.0,-0.009672890213908568,-0.027861307890594246,-0.0982098976737411,0.0025372349006542545,0.8152844178814882,0.0782193755657102,0.09397998438422425,0.9060200156157757,-0.0073870294889659275,118.0,-0.1646591341400545,0.1738077362105751,0.10025910465742761,-0.014481964850665704,44.0,1
0.03969607250978744,0.06122202147104039,0.03016712407825363,0.03402143348628148,0.014543143702145534,0.0,-0.002235666874056359,-0.015961971375159756,-0.0903434288921102,0.01408134629996609,0.44107015414059464,0.0779588076120401,0.09385714470877854,0.9061428552912214,0.0011190603989639908,156.0,-0.16128252725437148,0.1755367887987223,0.10227062557237881,-0.014481964850665704,25.0,1
0.03560069592627202,0.06103961609622213,0.030724578191406806,0.030853318011822374,0.014454268608170688,0.0,-0.004674133680843053,-0.015416175878596077,-0.10646673267767312,0.012720752154221436,0.6036238151539073,0.07810086524861844,0.09423399082078535,0.9057660091792147,-0.006247715000657063,58.0,-0.16875369516239846,0.12292505985668743,0.10646673267767312,-0.014481964850665704,27.0,1
0.03583822090660107,0.06520340937009445,0.030779289611243925,0.030842255772430164,0.01433101515807373,0.0,0.001442712275084809,-0.015825939403281288,-0.10502383245828421,0.0339671715055889,0.8502935808047856,0.07838987926521747,0.09494832607443428,0.9050516739255657,-0.0027480673830062503,86.0,-0.17137979718212448,0.1702627344021879,0.10502383245828421,-0.014481964850665704,45.0,1
0.035514534718177934,0.06529679629943665,0.030491489901944103,0.03116630828306611,0.013364904357203673,0.0,-0.005116445711362063,-0.012735056773026844,-0.10120528103941051,0.029387042879422162,0.6890063258178457,0.07848260008778442,0.09510917312312886,0.9048908268768711,-0.00585321672355822,130.0,-0.15583257787978622,0.1742975251347142,0.10120528103941051,-0.014481964850665704,37.0,1
0.03556833178399421,0.060192943572574605,0.030941663796033452,0.03144107428190691,0.008351477891443165,0.0,-0.0021096088437193143,-0.022193011786686482,-0.09821805204800971,0.006485957911223138,0.27287023968541624,0.07790060616343844,0.09449551812775696,0.905504481872243,0.005457828450998385,52.0,-0.16584419639091696,0.20427827740084417,0.09821805204800971,-0.014481964850665704,22.0,0
0.0355748947691559,0.06106214253163347,0.03273623647334021,0.031424691954838574,0.005268325761785948,0.0,-0.0018263243622410929,-0.014445645439325118,-0.09404472064251373,0.014052103264003099,0.6450677024650053,0.07864380116434613,0.0956166574886716,0.9043833425113283,-0.011289782287279088,64.0,-0.14647398567040373,0.21629320416083678,0.09404472064251373,-0.014481964850665704,27.0,1
0.03506983124725095,0.060348014878476665,0.032300371671075516,0.03180294939604254,0.006121579446105306,0.0,-0.0058789021566587355,-0.01804429722336783,-0.09003975746490013,0.029429568629687364,0.5098458518631425,0.07823397608985058,0.09531329764706266,0.9046867023529372,-0.00030400820600175074,165.0,-0.1472982912624392,0.1870983931698331,0.09083494989569275,-0.014481964850665704,30.0,1
0.035639357315670785,0.06053559819967456,0.032637598239845265,0.03357080337742791,0.008507402678933292,0.0,0.004069030968391618,-0.009418579076022827,-0.08713552915143902,0.022834317262976692,0.2688866284327228,0.07899597527957405,0.09610605967834544,0.9038939403216545,-0.0058641312133829,98.0,-0.15105140831661387,0.1621576499269535,0.08713552915143902,-0.014481964850665704,25.0,1
0.035506063455123645,0.05226244790404552,0.03267635517434333,0.03612844359535818,0.008736815781189521,0.0,0.0020485283028480886,-0.008819333513351613,-0.07614073703207298,0.07311043665968596,0.49424799461287944,0.07960966717121479,0.09709287679707558,0.9029071232029244,-0.006105067404495362,125.0,-0.14719091963567799,0.11533786231254978,0.07614073703207298,-0.014481964850665704,30.0,1
0.03243236697917391,0.05889212261064105,0.03323645443184886,0.033671154090429097,0.0077703377238186695,0.0,-0.0006233354788882558,-0.004342946326505712,-0.060226552471181076,0.047202658173752014,0.6926474629530637,0.079264789041733,0.09625050036073805,0.9037494996392619,0.004212693090418427,122.0,-0.13754452046283583,0.05466116960147268,0.060226552471181076,-0.013606772250161426,37.0,1
0.03244040286316191,0.05872660921080888,0.033357803686318875,0.03435766983749473,0.00808674643305221,0.0,-0.003408854193773733,-0.005639283888926009,-0.0606161320052074,0.05110387787155465,0.6411472417221189,0.07943891666349828,0.0965425868235735,0.9034574131764266,-0.005343713118392505,95.0,-0.13286109460428963,0.05413958392917585,0.0606161320052074,-0.013606772250161426,30.0,1
0.03124246111412038,0.054629957556835064,0.033358448159209665,0.03516426309488716,0.01048263838724779,0.0,0.0066256076405143026,0.00278036227476615,-0.04046555399729776,0.07573416137226287,0.43720671609708395,0.07999016158490216,0.09716799816027433,0.9028320018397258,-0.0009059808431524193,7.0,-0.13449055939127166,-0.08897197788731731,0.04046555399729776,-0.009456633731419504,8.0,0
0.03093019184774213,0.05329566665962516,0.03344498699662371,0.035154362860648644,0.008490134035818385,0.0,-0.0018239131824675766,0.006870672118688581,-0.03641182017088148,0.07966415680999281,0.483105061646751,0.07968990716365959,0.0965755074093381,0.903424492590662,0.002343960783901882,63.0,-0.12249581680084526,-0.14830986726549397,0.040992967798977056,-0.009456633731419504,15.0,0
0.030383140162624167,0.0530127962321468,0.03299617920912509,0.035290665712121964,0.008316721835628932,0.0,-0.0024012851599525356,0.00038230194887766105,-0.03166061988710726,0.07569508983583055,0.48337717451481427,0.07949209998712452,0.0964671516011653,0.9035328483988347,0.0001816788402834218,155.0,-0.13272216945751772,-0.13157744618623257,0.0432958171536915,-0.009456633731419504,18.0,0
0.02989234872075135,0.05305251506256261,0.03235714897615102,0.03340680100179417,0.008113972711237096,0.0,0.000955246472175113,-0.0007091619508796637,-0.02391383622147764,0.07535772349691339,0.5794022292057696,0.07929972281480324,0.0961532596426295,0.9038467403573706,0.003373241510748518,44.0,-0.13158989596382586,-0.16703254169626325,0.042381928858112386,-0.009456633731419504,13.0,0
0.02847843560874568,0.053515142514187465,0.0320113971635239,0.03366785846340642,0.01517509701433813,0.0,0.014050363679898079,0.013963277030563562,-0.026336616234275967,0.0728978328936474,0.4164697883679862,0.07988515178214288,0.09647816154060958,0.9035218384593904,0.005653489284957044,86.0,-0.11086194801268753,-0.1802313543830204,0.02892704669212635,-0.009456633731419504,5.0,0
0.029947110690495382,0.05387283028500613,0.031175439902651786,0.0337925988435842,0.01898250871452439,0.0,-0.010785378799634766,0.006458168146212975,-0.03737774055303525,0.06013733783294342,0.5575290370486099,0.07900338907225532,0.09551176786426263,0.9044882321357373,0.0011986075928044266,112.0,-0.11634239358399419,-0.13090327184704545,0.03940043633563181,-0.010618505511775837,18.0,0
0.030759491776398556,0.05714574173623946,0.03092620754715192,0.03307968231160791,0.0189196586774079,0.0,0.006406288254212835,0.006238885240929728,-0.033246558633926795,0.07966968355789411,0.544015367182515,0.07959877606650465,0.09648849675030335,0.9035115032496966,-0.00198785088336507,3.0,-0.1033540122032188,-0.035797955043198285,0.033246558633926795,-0.010618505511775837,13.0,0
0.03116491182458884,0.05691852453035968,0.030906003515492896,0.03011814381169006,0.024197574390400614,0.0,-0.015240350063975278,-0.007285923327261751,-0.034167866991085774,0.0767882387739341,0.6018382562221489,0.07851464066850979,0.09554506675284102,0.9044549332471589,-0.0005429053147534063,154.0,-0.12332990707598579,-0.01772744822975534,0.034167866991085774,-0.010618505511775837,18.0,0
0.03107460067370452,0.06276664283376238,0.03014293839677352,0.029928893806590386,0.02429459811713558,0.0,0.0018757849959497336,-0.0030297953997495113,-0.02727281419368907,0.0568522437496577,0.20583480854223307,0.07888326704431728,0.09552685024016395,0.9044731497598361,-0.0025198242330632657,25.0,-0.1270096301683006,-0.08170757287043745,0.029078403734596345,-0.010618505511775837,0.0,0
0.033947554085852955,0.06282468559115774,0.02911532351726732,0.029510580596209538,0.02731587986116834,0.0,0.013044848698605517,0.009011675233128595,-0.016412878413105604,0.06076830374375578,0.6660331834813216,0.07941027556491469,0.09603702258439238,0.9039629774156076,0.005201518341458368,11.0,-0.10320982688942365,-0.05504176253564277,0.016412878413105604,-0.010618505511775837,12.0,0
0.03333994801922681,0.05820273041620146,0.02745774599218015,0.02979986264796681,0.024084354154648786,0.0,0.004098337102422345,-0.0008909009786316747,-0.004185074592259197,0.03537004170200699,0.20519724771656384,0.08003572820302352,0.09674407789378978,0.9032559221062103,-0.0040895805782991115,98.0,-0.09665260490163913,0.03285043104015834,0.011639884821825914,-0.010618505511775837,5.0,0
0.032458223479943774,0.05857175439111517,0.024253945510653734,0.03138538248635385,0.02105447201535963,0.0,0.0014942632328907256,0.011511566417709451,-0.010163014640859525,0.02354868647136072,0.3405283980885222,0.0800158468423627,0.09658946651915336,0.9034105334808465,0.001729644367578345,55.0,-0.08899515009032809,0.01055209215857639,0.010163014640859525,-0.010618505511775837,2.0,0
0.031352675195025,0.058442427056043335,0.02375631217474318,0.032054410987712716,0.02109078461045974,0.0,-0.004466048165035574,0.0005840770226150123,-0.004958749518792038,0.025525220501935855,0.38021998648440736,0.07941463962594242,0.09590630350824154,0.9040936964917584,0.0034619117964848197,80.0,-0.10268164890970286,-0.007341035881689137,0.004958749518792038,-0.010049407303188361,5.0,0
0.03128584638588194,0.05896215751719208,0.023903541298301995,0.03187308616321842,0.012959771394986481,0.0,0.00035356181871404666,0.016428572610270684,-0.0023765873080379275,0.003984328928381374,0.6078552307885218,0.07978176723593662,0.09615560438127206,0.903844395618728,-0.004089252380212734,7.0,-0.09250530715367851,-1.558730615966543e-05,0.0041140653704332215,-0.010049407303188361,5.0,0
0.03099844397466651,0.058609366533006746,0.024687506940964575,0.03262171406174021,0.013666212220313737,0.0,-0.001956168473189355,0.012540957944584591,0.0003476518761249407,0.0007552532309154822,0.3072686399977836,0.08032900670412241,0.09692915573905604,0.903070844260944,-0.008672795378894652,107.0,-0.10615609416090846,0.015429793762202366,0.006062186038648295,-0.010049407303188361,5.0,0
0.031567690523888726,0.05357061589050975,0.025351862010023037,0.03273856451103535,0.008656711356845485,0.0,-0.006297558859502603,-0.006791828657115175,-0.007384155404971099,-0.029434546990316342,0.29873153505005684,0.07951473238832334,0.09593766945843603,0.904062330541564,0.004502827766738281,128.0,-0.1116324755631577,0.01673122958984192,0.012321567924755255,-0.010112205808614941,5.0,0
0.03125335032003304,0.05360873275484101,0.02473677455079604,0.03260245212593793,0.006492774926317823,0.0,-0.002264257182907053,-0.01308541604952622,-0.004538468075119782,-0.030659089549467212,0.30735843067254803,0.07932463327327718,0.09568863418542531,0.9043113658145746,0.0003637901395269758,23.0,-0.1052844321774994,0.016726397025112767,0.014557925908984005,-0.010112205808614941,0.0,0
0.03124050006408109,0.054480729123329664,0.02377877230896009,0.032178525291077495,0.006623546805929246,0.0,0.0017212550555290472,-0.012861728757023815,-0.0007169284756426077,-0.04603763326418791,0.28513950298488666,0.07952400287046621,0.09569642468510133,0.9043035753148987,-0.0007222717629475858,47.0,-0.09886456520531695,0.010782696387537009,0.012861728757023815,-0.010112205808614941,0.0,0
0.03177324088761098,0.056611916947842865,0.02064504388538375,0.030987830083434875,0.007348120760789657,0.0,-0.006145340807674666,-0.014526859346603754,-0.005040745186997493,-0.03930230074952106,0.3336904610900383,0.07907165922623215,0.0955492132823547,0.9044507867176452,-0.00026871375433817294,123.0,-0.09861141035656996,-0.04503427750411552,0.0189280298581107,-0.010112205808614941,5.0,0
0.031882648428027946,0.06214632068027267,0.020685485674723437,0.03062032846175278,0.007398923520881197,0.0,-0.006462292490401476,-0.02124132671954774,-0.005624627385036566,-0.07250762505450076,0.5434871816668763,0.07857493905450896,0.09457491218108995,0.9054250878189101,0.0008108082086868758,49.0,-0.09515794476435757,0.06660693676719932,0.025268003883302012,-0.010136915853249773,7.0,0
0.03322568619178271,0.06214776925242219,0.019848369309323443,0.028773149420312682,0.009649987439960685,0.0,-0.01094599299445493,-0.030057441246298968,-0.02049469068484584,-0.0726089960475046,0.26356730239163745,0.0776322315700156,0.0935523150691275,0.9064476849308726,0.0019896062510234365,15.0,-0.10584440411866575,0.07007902378355349,0.035937413484266455,-0.010921900865231905,8.0,0
0.03335626248415093,0.06724866415452155,0.018643061391175275,0.026002137081891318,0.012090449984342833,0.0,0.003295675314182403,-0.02069358571378359,-0.01927560090566372,-0.12082355929007056,0.5209550235826939,0.0779713565344611,0.09332174987486634,0.9066782501251336,-0.0007379656126431849,128.0,-0.09394867947804338,-0.021041263795298488,0.03276017621655972,-0.010921900865231905,18.0,0
0.03376565444543767,0.06460159151690928,0.018523587861586886,0.027614403187431805,0.014193001519946572,0.0,0.0045629243692219025,-0.013992510069626693,-0.014186136889088746,-0.09582145465526584,0.6029544063938451,0.0785836018434754,0.09402884101581259,0.9059711589841875,-0.0036609896888371474,162.0,-0.07355830724255576,-0.002918839260161268,0.02834673405373636,-0.010921900865231905,10.0,0
0.03372581665095896,0.06496775178352455,0.01776264798360713,0.025858422520339364,0.014272638913199536,0.0,0.0019934839589552168,-0.013724551556817802,-0.008842220412824264,-0.10906917447613325,0.277596048017443,0.07853815384139458,0.09373795404939064,0.9062620459506094,0.0026238238916268144,34.0,-0.06892237121826877,-0.005226263842425284,0.026409758854406037,-0.010921900865231905,0.0,0
0.034038401922744065,0.06507720457933878,0.018112683578034496,0.024671112029995324,0.016167788778001693,0.0,0.00801251381714424,0.0003253341985444403,-0.007476625462635813,-0.10837592255854672,0.5225602851391362,0.0788163265918826,0.09402142119389827,0.9059785788061017,0.0037513621481612136,15.0,-0.04763963366855771,0.0032273320883716063,0.018608853594990173,-0.010921900865231905,5.0,0
0.034017471750108434,0.06437452318833206,0.01850671967678999,0.025119542909595092,0.014503943333380913,0.0,0.0008177704445737116,0.007655132889999879,-0.004849901798747424,-0.10291365947841731,0.5310922447870625,0.079181760124106,0.09430636325950256,0.9056936367404974,-0.003726425577245785,142.0,-0.04108512821748648,-0.0065715703371042634,0.017806300920893844,-0.010921900865231905,10.0,0
0.034103265469416714,0.0693675027692896,0.02196201808591233,0.026805498705953664,0.005556343911709099,0.0,0.003306209393777129,0.02217537626373572,0.0008435836489938325,-0.08678295021899016,0.48048425663164224,0.08025943548358598,0.09589778934256202,0.904102210657438,-0.010763205631563154,26.0,-0.0308437446193672,0.042388988589710706,0.014558962886489795,-0.010921900865231905,5.0,0
0.03418324254814056,0.07301307996310703,0.02254918868338018,0.027894865030767862,0.0056409279234114346,0.0,0.0025841553803415606,0.021450467172639362,0.0024723108421754875,-0.06532921684180747,0.5669383280043606,0.07997599821702833,0.09582366517945298,0.904176334820547,0.005623825341276749,39.0,-0.02150064781587052,0.06313523906631248,0.01201243012842355,-0.010921900865231905,5.0,0
0.031084401968923144,0.07305661219860256,0.022260783060620452,0.027942124234967163,0.006621671971633018,0.0,-0.000647211596892266,0.0161527444640674,-0.01205745294394732,-0.06579213308919947,0.5438367811947691,0.07956804658864469,0.09519627071676594,0.904803729283234,0.004681038263668213,71.0,-0.038076516667275705,0.10982269329520133,0.012651867141229843,-0.010921900865231905,7.0,0
0.029535402961381574,0.07515763712222172,0.02272214819812162,0.030405573432899086,0.009196981289705567,0.0,-0.004225190736137275,0.009846193114671263,-0.005505700911861572,-0.046659201701644636,0.471565381383816,0.07891059479458468,0.09471724714399177,0.9052827528560081,0.004166824820606995,49.0,-0.042677650804650656,0.06921814890975626,0.016823601325527154,-0.010273437918846912,7.0,0
0.03416060201283095,0.0718236960578392,0.0227908429484665,0.02964468279601272,0.01747003803892781,0.0,0.018344714747514018,0.02019718939002358,0.006291420416012964,-0.0602160128959943,0.490937570225451,0.08044033487441897,0.09638055146966866,0.9036194485303313,-0.002581352093502643,101.0,-0.02716430629566549,0.07157783387825074,0.0,-0.010273437918846912,10.0,0
0.03058105779567181,0.07146777389297776,0.023843825263975743,0.030061644105235347,0.018540652197663585,0.0,-0.0035837273636516146,0.015710462809356306,0.018202915180369202,-0.06337859514462361,0.4875681594288181,0.07966471610903013,0.09556008537983476,0.9044399146201652,0.006359073666998533,34.0,-0.016586906595449445,0.13590932928759564,0.0035837273636516146,-0.006437582445766645,5.0,0
0.031128101682244797,0.06817099505630611,0.023764988552319476,0.029779908562692227,0.019852723969936398,0.0,-0.0053226529609605115,0.006974918571925057,0.010887167437747931,-0.049469928323547324,0.41183490124767874,0.07909967731139776,0.09479245533006529,0.9052075446699347,0.0023833665689830183,38.0,-0.016682570450566418,0.17794178439278177,0.00888730538754871,-0.006437582445766645,0.0,0
0.028588371885281835,0.06776691483600915,0.023218933326330234,0.029788295549325272,0.01995111840424299,0.0,0.003650321624272748,0.008045754033372638,0.0015126497391589385,-0.05763351649246511,0.6443796786765089,0.07951399084618062,0.0951792480442604,0.9048207519557396,-0.0018149755287713214,25.0,-0.014925055610197096,0.14350629333632853,0.005269425286313648,-0.006437582445766645,5.0,0
0.02837802049405268,0.0680222174755338,0.023231224195524532,0.02962406606245833,0.019831574586908776,0.0,0.0021587093550447193,0.010876082556569223,-0.0004219832076393918,-0.05445503679394697,0.34731487478091605,0.07999844769820462,0.09579625108727209,0.9042037489127279,-0.0041497812300000094,159.0,-0.004605291768697937,0.14427296419898114,0.0031220910889302026,-0.006437582445766645,5.0,0
0.030398170047581993,0.06993388721538742,0.02522065543543461,0.02902081509708636,0.022823586217544385,0.0,-0.011305679942932167,0.0036882152542821256,-0.013197435134285798,-0.034080412895155024,0.520101508254915,0.07842362543935145,0.09432369342760479,0.9056763065723952,0.009229519200001791,83.0,-0.023226324048653782,0.04720731769602036,0.014392473669258244,-0.010273437918846912,10.0,0
0.03158456161147321,0.07055977828205032,0.024987140637710157,0.028355687344472295,0.01641108800830541,0.0,0.009309697704440352,-0.005216765543897804,0.00045748977498606555,-0.04281334452487205,0.5588735011069739,0.07903819912960708,0.09474178874343687,0.9052582112565631,0.0009046617861852393,93.0,-0.004503528321007537,0.00410678832060787,0.005216765543897804,-0.010273437918846912,10.0,0
0.03159026306142248,0.06997783628972289,0.024507152189809187,0.03377953024038402,0.016138798241935957,0.0,-0.0006688716926895823,-0.0023066870636855715,-0.0005650499582868303,-0.029196325631007297,0.6359881829182399,0.07899507861192691,0.0947430177961113,0.9052569822038887,-0.0001129135876053345,107.0,-0.002940294375765486,0.004364287898054914,0.005882147889787675,-0.010273437918846912,10.0,0
0.03273847403033806,0.07135954221860434,0.02320023701384471,0.0329896419703964,0.017524162273147362,0.0,-0.008930597598834343,-0.005925571367592289,-0.007549200357868974,-0.050410824104676275,0.5799359408897629,0.0787821360060281,0.09435950514252614,0.9056404948574739,-0.005280612476446925,3.0,-0.00720417297541169,0.06717968952064057,0.014760214392801492,-0.010643683685111842,5.0,0
0.0335837762416374,0.072152733168791,0.023127908123887656,0.03295647644377146,0.019910708814338905,0.0,0.00985462176688638,0.00021953314385875756,0.008582635405989638,-0.03416494226662026,0.6475787551693387,0.07915632786084949,0.09481231097909656,0.9051876890209033,0.004144185295800099,127.0,0.0011351044873965047,0.09926628560935435,0.0050510489559543225,-0.010643683685111842,10.0,0
0.033793426903462674,0.07248594364637594,0.023204124870788104,0.03331228902950232,0.02042197006835366,0.0,0.005222208091207852,0.003277104012692384,0.01615048985081777,-0.024815911703372297,0.3059788778545988,0.07962386018230078,0.09538738105320177,0.9046126189467981,-0.0011896467136193352,65.0,0.011538723293112505,0.10954704597372467,0.0,-0.010643683685111842,2.0,0
0.035398805495555685,0.07167037418988063,0.025190268377659746,0.03441570458368545,0.01977869423708671,0.0,-0.01017284512203664,0.0044266476232667825,0.004085061808065409,-0.0082156915875483,0.3217456226898799,0.07811533933038414,0.093806673752489,0.9061933262475109,0.009700952334546233,127.0,0.0033652046352878394,0.09122393057026629,0.01017284512203664,-0.010830020813592186,5.0,0
0.03749152207651919,0.06929488604723211,0.025154603732775362,0.0366568050637202,0.022537740105941062,0.0,0.014717894214340874,0.009808679226135562,0.025163055891849077,-0.02193611027971662,0.5737500004595266,0.07909483438684473,0.09481996610932662,0.9051800338906735,0.0009334517553258555,104.0,0.019995470151974597,0.16469657572327379,0.0,-0.010830020813592186,10.0,0
0.03691353001869194,0.06333307465600783,0.025231723322567977,0.036657505663653264,0.022600172644668386,0.0,0.005494095477384241,0.016036262418373002,0.03750002824210617,0.0007830520872553491,0.3189093971466986,0.07928070155045372,0.09485306422928412,0.9051469357707158,0.0028060607967981383,76.0,0.03166447717127942,0.07601456861669834,0.0,-0.010830020813592186,5.0,0
0.03469160951787713,0.06350631201096608,0.02592979791695575,0.03661952398798989,0.01921972810117032,0.0,1.674920480037228e-05,0.025209009334886325,0.04899974945123782,0.011447285910488965,0.3355672390753338,0.07963994193795385,0.09538709593200759,0.9046129040679924,-0.004596768824262949,106.0,0.027500824057753916,0.050854109937829635,0.0,-0.009986507993556295,5.0,0
0.036361207150562264,0.050788904463333305,0.02711603801003597,0.03731901957472906,0.02039920079872293,0.0,0.013170053322376621,0.028574850543371076,0.05932394431367343,0.05452736036049337,0.6592920140573322,0.08113832288735265,0.09703987468775879,0.9029601253122412,-0.0066431557492517175,124.0,0.038904838733269526,0.09938603499660695,0.0,-0.009986507993556295,17.0,0
0.03630756807468131,0.05135516401402015,0.02745042505873638,0.03574659283134087,0.020606239325472217,0.0,0.0014016423421643715,0.024665527994901317,0.05599033358133103,0.04564209224565442,0.4520361023247812,0.08167183359215217,0.09756674559075316,0.9024332544092469,-0.005162259746184193,76.0,0.04100991015559178,0.10144386866395566,0.0,-0.009986507993556295,10.0,0
0.036384871760529625,0.049893506518972945,0.027566597297711617,0.03994326024203495,0.014895816234543724,0.0,-0.00012928898950174907,0.0350625813559592,0.05375316562580536,0.051956193899992904,0.6835944250472192,0.08190597855196856,0.09773053541373693,0.9022694645862631,-0.002858912323452364,111.0,0.044435647874630675,0.1143729679187867,0.00012928898950174907,-0.009986507993556295,17.0,0
0.03659139355015428,0.05101456153762846,0.02843771549776452,0.03990884990535271,0.014055975597738114,0.0,-0.005277353454466041,0.014666436984275062,0.03986024315089001,0.060806362651666813,0.6709636474059744,0.08209243345548711,0.09824855858522366,0.9017514414147764,-0.00731000624670496,15.0,0.0320855975793654,0.06102452916182308,0.005405960140272418,-0.009986507993556295,12.0,0
0.036712585266435394,0.05046952704092595,0.028913406455367566,0.03998250627297778,0.013930287066820845,0.0,0.004862573066133369,0.014029153684669598,0.044062835832356914,0.0636792614609768,0.44370164625649855,0.08297347906776072,0.09912012014883326,0.9008798798511668,-0.0060974863344790495,24.0,0.038999233606848226,0.0405737423037618,0.0005696739503137287,-0.009986507993556295,0.0,0
0.036746786033806156,0.04611640176785138,0.027616400044476914,0.03858187162097324,0.01373898340913156,0.0,0.003999423366081425,0.018067633752505485,0.044784209764847524,0.04711902077338582,0.2723498198559734,0.08388266232982164,0.10026351821217676,0.8997364817878233,-0.007326681945954852,65.0,0.04566557264093209,0.032720637007495085,0.0,-0.009986507993556295,2.0,0
0.03677276140916372,0.04342689426123663,0.026972903482195176,0.038106684291201905,0.008076158741564579,0.0,0.0002198870118803179,0.005054867406722688,0.04232042630511618,0.0186092151178132,0.43415377166114333,0.0837308308735999,0.09994510157724007,0.90005489842276,0.0021495410540135662,121.0,0.04489736639609129,0.035321462471552455,0.0,-0.009986507993556295,5.0,0
0.037556716943802165,0.043009219974279055,0.026898828289066003,0.03808215983120611,0.010317503754984018,0.0,-0.006330091586880747,-0.0027050727514594418,0.03639320824704608,0.020602697196489984,0.5784739139673336,0.08289661266977617,0.09893053859646443,0.9010694614035355,0.004325965335246968,84.0,0.023896945907180726,0.06152613775915706,0.006330091586880747,-0.009986507993556295,10.0,0
0.03710014669706918,0.041083774073675625,0.026754384667867417,0.03621132205822624,0.01042343394423573,0.0,0.0011615468905314854,-0.0014175622154557188,0.04199967492902154,0.013321726782460444,0.32371303172629967,0.08334469422078265,0.09958006880784308,0.9004199311921569,-0.004446944035759043,126.0,0.036262736368605365,0.11973315157530978,0.005175897394548781,-0.009986507993556295,5.0,0
0.03303028390904681,0.04670288366504362,0.028285834699543537,0.0397502167564531,0.008907972760805603,0.0,-0.00046979431135515503,0.003408651549349008,0.02274812676524327,0.030070667537573027,0.2440272273813922,0.08261111822252612,0.09909870812896758,0.9009012918710324,0.00805855628455435,27.0,0.029182665210413135,0.01952561893653469,0.00564326009875182,-0.009986507993556295,0.0,0
0.03471142128773995,0.046686644741839194,0.027447132357090107,0.03955916368273786,0.012174283258806231,0.0,-0.01072979288186944,-0.01216115402377567,0.015413215319887607,0.029639324973115905,0.5379156689906408,0.08161133169700022,0.09812324437381384,0.9018767556261862,0.002230895097098617,16.0,0.03389669595138149,0.01269338090786819,0.016312501968583134,-0.010646250717894521,5.0,0
0.03638358735669671,0.04500963778439859,0.02727737698346607,0.03939083439404618,0.012905025192734926,0.0,-0.01184656778400762,-0.027752084901577455,0.008753297561970335,0.0411752240599372,0.6972289025838804,0.08070154238752232,0.09722670769039025,0.9027732923096098,0.00025888126350954267,166.0,0.01973576361590787,-0.021446555748685977,0.027965822592293178,-0.011219296883772758,17.0,0
0.03649497532169463,0.045195465479747204,0.027313891517925435,0.039445899472917365,0.015082585254288131,0.0,0.004725588556783131,-0.023372389006733215,0.009834031599073803,0.053717731399812244,0.2894674068377181,0.0809254271087336,0.09756159383612671,0.9024384061638733,0.0014206947955235519,5.0,0.01136155678356596,0.006639296234146301,0.023372389006733215,-0.011219296883772758,0.0,0
0.04198663963110555,0.04665606012523937,0.029017881698950948,0.039206945370211875,0.021804062342537657,0.0,-0.020922355055176027,-0.03771438254942243,-0.013423805816689794,0.03854551452701556,0.20400273020288362,0.0786210238630776,0.09496466216045292,0.9050353378395471,0.00966100673694803,25.0,-0.013840124403691931,0.12917048719028934,0.04380573864062268,-0.011765434607846301,20.0,0
0.04055685395630645,0.04460747260731506,0.02750153113838607,0.03967226296086709,0.022022784864505412,0.0,0.001778750031881802,-0.037121145915623044,-0.0003674072253993228,0.025635159246851957,0.3933761576150331,0.07845351555658964,0.0947733958117891,0.9052266041882109,0.0037384407918875425,60.0,-0.013559993526660045,0.2249006946668467,0.04210490806774449,-0.011679051548686892,17.0,0
0.0395719877877303,0.04350491099377888,0.028303882399131314,0.03959109111148002,0.021349668108089564,0.0,-0.003796307555542723,-0.040325680648470905,-0.01334775413849408,0.03089258372862807,0.5995588382567147,0.0777051687845988,0.09383616225770709,0.9061638377422929,0.006197330925159869,47.0,-0.012896370824545403,0.31814175541134,0.0457413724426642,-0.011679051548686892,13.0,0
0.04110493044365026,0.047235809018146224,0.033557911230119225,0.034713151478292854,0.02596013171633931,0.0,0.010840121756292346,-0.01940107076948699,-0.00198477953239193,0.010017139653012888,0.39815399649795113,0.07720034139323594,0.09277557227573696,0.907224427724263,0.016911602129839724,11.0,-0.0025487079910867737,0.17648336630493092,0.03539709273295025,-0.011679051548686892,15.0,0
0.04030716758454216,0.04783293861575551,0.032938439258019536,0.035415084141456644,0.02427494006142188,0.0,-0.003921442041629244,-0.011536533174788106,0.0030594822273480875,0.04909467643688825,0.39280440693274243,0.07699923740920409,0.0929228198006645,0.9070771801993356,-0.0013442968107816862,53.0,-0.0045128147748464765,0.05178819098457267,0.03917972712698505,-0.011679051548686892,17.0,0
0.03947676860686714,0.04743421128170309,0.032830334905764036,0.03578740155925466,0.02449496984393564,0.0,0.005499734377658596,-0.01077491739566777,-0.0012661018672757637,0.03444197105934517,0.45836745945045176,0.0774836319625382,0.09335670512005687,0.9066432948799431,-0.001146158127022212,164.0,0.007305667048000204,-0.007121563313271852,0.03389547084151402,-0.011679051548686892,18.0,0
0.03921388148197407,0.04808045285077665,0.0327988976533264,0.0366251377881049,0.01348131512932721,0.0,-0.0031358608281750445,0.007195921088687661,-0.009570222772610801,0.019688992684472443,0.24293816500622617,0.077070476174083,0.0927792425995309,0.9072207574004691,0.0025823236994802655,23.0,0.006425703292447854,-0.006957678879058528,0.03692504019042461,-0.011679051548686892,8.0,0
0.037925296551816756,0.04823082505545306,0.03194928137873911,0.03583729319290072,0.013467095875963106,0.0,0.0010292791286473275,0.006442397382292018,0.0016387215076118988,0.010634605065143037,0.22694564376267,0.07756289780638029,0.09328319096225718,0.9067168090377429,-0.005330096592340244,55.0,0.005730477594322108,0.009486179221824235,0.03593376723496975,-0.011679051548686892,10.0,0
0.03546783386322404,0.04950271996513913,0.032227982278059245,0.03394658179373208,0.012906632214666999,0.0,0.006134987500531302,0.016475763531357285,-0.006833556114234555,-0.0055207926713748325,0.2850498254065123,0.07829895881287083,0.0938864358849612,0.9061135641150388,-0.0036121582135118196,53.0,0.01815754662317195,-0.06726576383640362,0.03001923294727199,-0.011679051548686892,10.0,0
0.03511407738531444,0.049200459722451136,0.0324775975998985,0.034608359695993074,0.010344064384164296,0.0,-0.003670000633899923,0.0018847442217180602,-0.015885297727844236,-0.00253350696214926,0.6866783167445278,0.07839557675657811,0.09400299902300067,0.9059970009769993,-0.004553477077859053,74.0,0.021019031400833516,-0.03949107021667258,0.03357906297722624,-0.011679051548686892,25.0,1
0.03618219538148606,0.058310054288517967,0.033809294693812955,0.03467562435452677,0.011286394156647924,0.0,0.008270852628039341,0.014148108319861052,-0.007762449246212618,-0.041929381011918475,0.6496600528756356,0.07825570950779462,0.09319634383173157,0.9068036561682684,0.009949689994523808,126.0,0.04085694213683284,-0.16745676732700057,0.025585937830459184,-0.011679051548686892,10.0,0
0.0341787743022888,0.058242715064997015,0.03291522284478837,0.03359225438468617,0.013929867631899052,0.0,-0.007981486621356677,0.0005509343907645789,-0.02847698983060842,-0.04259964279852757,0.5293750368699068,0.07744950298646616,0.09240747136457751,0.9075925286354224,0.0029196037675326284,54.0,0.029157587124132953,-0.23800503280988947,0.03336321063132719,-0.011679051548686892,15.0,0
0.03427935888393516,0.06088700532694356,0.03242758224947411,0.034486995245381895,0.013563611404558407,0.0,0.002508481475158965,0.006216151689396623,-0.027403175248334383,-0.056638735424688676,0.509009636622019,0.07784113293131298,0.09253513722379117,0.9074648627762089,-0.0024280045210969743,33.0,0.02705284540965473,-0.2544610800877586,0.030938420151988735,-0.011679051548686892,13.0,0
0.035339642108759166,0.06420240370779136,0.03273926850211624,0.02930253650689418,0.014845227449936396,0.0,0.007662529862530263,0.01288377287271346,-0.019823897056589317,-0.07202456813818166,0.5439909319419511,0.07878401951670579,0.09319476529466614,0.9068052347053338,-0.004643625284137039,157.0,0.032863671347384285,-0.3118660340880937,0.023512956857772594,-0.011679051548686892,10.0,0
0.03555154447978064,0.06486012169539092,0.031513847466875945,0.029238171057129562,0.014686417471809059,0.0,0.005504276725109745,0.012248831520174397,-0.009199934397757955,-0.06979666945778275,0.48999066894343046,0.07885653601197247,0.09342667308708308,0.9065733269129169,0.003918846252709822,132.0,0.03029359713106519,-0.22454946937963405,0.018138101953833596,-0.011679051548686892,10.0,0
0.0386658023589913,0.0656113326830393,0.030592780397848747,0.028842902685193232,0.01761857475324779,0.0,0.01587235548036196,0.03210342503276416,0.0016557720746197106,-0.05635210296035376,0.46673401178650403,0.07957972832665239,0.0941691078416419,0.9058308921583581,0.005268388434065683,119.0,0.04579156592007639,-0.12987075245255214,0.0025536408754219305,-0.011679051548686892,10.0,0
0.038912751696880264,0.06609859124122379,0.0291481892434264,0.030937775300888936,0.019939159731938137,0.0,-0.0061146846796575555,0.01737785572020176,-0.008434726453193543,-0.07827831477790095,0.6192287050442666,0.07931693030990895,0.09371514941247977,0.9062848505875202,-0.002104340706989164,161.0,0.03597174075286505,-0.11408516311735165,0.008652710846341196,-0.011679051548686892,10.0,0
0.04030786558114148,0.06803680381063021,0.029349974684001093,0.03130308607057227,0.02176142820679691,0.0,-0.011098656852322922,0.014181000094297916,-0.019655334230138204,-0.05755348709549796,0.42700155706323206,0.07807844077808176,0.09261364280021414,0.9073863571997859,0.005270461566225414,68.0,0.02183326995118898,-0.17075916365310073,0.019655334230138204,-0.011734381144254916,9.0,0
0.04056722019199226,0.06826542685092772,0.029831931741673458,0.03157265113909511,0.023724305122439945,0.0,-0.007986648052974336,0.003563672502915167,-0.02128967605867856,-0.045053987059703975,0.6580392603558896,0.07775395231325126,0.09242800967387002,0.9075719903261299,-0.0033062053578501657,101.0,0.014328732574051881,-0.19990028291995487,0.02499518990947268,-0.011734381144254916,24.0,0
0.041004736130678066,0.06748543100413866,0.029376788991780763,0.03159663746585515,0.023161298194926253,0.0,0.005507602357122827,0.0014175105715002279,-0.01704108164673232,-0.05418045342245453,0.41148248625124206,0.07762438320091629,0.09217413000136784,0.9078258699986321,0.006779390590579467,56.0,0.024242873392687544,-0.20572241431250915,0.019625251119211998,-0.011734381144254916,9.0,0
0.04127973255791508,0.06193421926550038,0.028669733094752774,0.0291391348360663,0.02289158332541474,0.0,0.004174211586917702,9.285134287483784e-05,-0.01247406907561404,-0.07788092214974891,0.4434261083054143,0.07769409330283979,0.09217331366198532,0.9078266863380147,0.002972342930666913,40.0,0.009990295985018759,-0.22169369550324186,0.01553295948291228,-0.011734381144254916,7.0,0
0.03994323010670514,0.062150845110006424,0.02892263890973799,0.03071257652901704,0.015412515505122928,0.0,0.0009353593057176506,-0.014612129075392307,-0.0008294848249877611,-0.09144732673882511,0.5892180710000081,0.07788280324565997,0.09221124604011041,0.9077887539598896,-0.0013903941188184252,51.0,0.01457094546668773,-0.204939300755777,0.014612129075392307,-0.011734381144254916,7.0,0
0.03919565739252703,0.062027736996298155,0.03063042838702197,0.03180009149404703,0.016312078426947187,0.0,-0.009027907414809655,-0.017500444562371244,0.0020206012460378194,-0.09635083452674077,0.37631869787528693,0.07781996844399035,0.0921906785603421,0.9078093214396579,-0.007448837474531849,18.0,0.010791585731968811,-0.18432135708149466,0.023508119541776073,-0.010788044436695933,0.0,0
0.03942328733301711,0.06853093602184464,0.030656779418647563,0.0316184145831056,0.015318244673212416,0.0,0.006381722197128314,-0.0001332271306498076,0.0036722761361201893,-0.07909353153537221,0.6233290374231196,0.07820844058485026,0.09296025655566326,0.9070397434443367,0.000484342717103933,117.0,0.013542421014757123,-0.11383500776151591,0.017276419632940257,-0.010788044436695933,10.0,0
0.03470275345493832,0.06821723273763797,0.029331913314695427,0.032365439281562075,0.016349680095148266,0.0,-0.00985083217787925,-0.0020121693458373382,0.015021917938201994,-0.07108591812629383,0.48328489576487377,0.07728502338202332,0.09198800844542332,0.9080119915545766,0.002772782764600076,123.0,0.001396460812115528,-0.19903302423911048,0.026957064700380794,-0.009727393463418811,10.0,0
0.03578777078641816,0.06820791688863126,0.03085672502640186,0.036503796363382295,0.018140321059022694,0.0,0.00960865322779072,0.0020582114769688038,0.022955329740886966,-0.0814750553873086,0.3876629572611957,0.07717144495996181,0.0915858086688643,0.9084141913311357,0.010485300064982618,28.0,0.022579488561479417,-0.21527599219426594,0.01760743255933515,-0.009727393463418811,0.0,0
0.041753701435090385,0.06882595911431048,0.030713439560330257,0.036579388331572545,0.028207101817596954,0.0,0.023707546829659965,0.02155038599376891,0.051197761128310294,-0.07016584683592562,0.5826589278218484,0.0790439389701228,0.09355839781270453,0.9064416021872954,-0.002459749478496483,7.0,0.03716663186183418,-0.1139280774685851,0.0,-0.009727393463418811,17.0,0
0.04081381866158021,0.06737830951723615,0.02520851464216282,0.0380287329069582,0.0280696175339728,0.0,0.003096846434325068,0.023756390597383933,0.043145336707216195,-0.050592743817303436,0.45168073674239045,0.07932930058449131,0.09389584788375563,0.9061041521162443,-0.0008005983340254524,68.0,0.04107492319360963,-0.06794920319172397,0.0,-0.009727393463418811,14.0,0
0.0404885324799584,0.06377870796388706,0.02577219186475494,0.03877662968998954,0.02423061521887037,0.0,0.004872892100813229,0.038117069818336416,0.05235522138632935,-0.08168728457957242,0.5744568233524205,0.08007730523951878,0.09452811031034787,0.9054718896896522,-0.004715959446234293,81.0,0.055574883483017784,-0.028849030395867975,0.0,-0.009727393463418811,17.0,0
0.04076082539491546,0.0637866383118715,0.025830628713361788,0.0389709535703685,0.025959102525363768,0.0,-0.003916493616739528,0.027494108978279298,0.04250020466491552,-0.08227061712719987,0.6226287990479389,0.07957676830108365,0.09392755911892359,0.9060724408810763,0.0027305983149054276,163.0,0.0411802932091539,-0.02547156114825519,0.003916493616739528,-0.009727393463418811,17.0,0
0.043577846021820334,0.06446359854747506,0.025800266243018975,0.040456569152237574,0.0287890854530095,0.0,-0.014573099200089347,0.022593734666986685,0.030539373820475925,-0.0876504047938969,0.6773791132795961,0.07862634348122288,0.09281426617299883,0.9071857338270012,-0.0013026802087732637,113.0,0.020676882437067133,0.028319892662499197,0.018432517366835613,-0.010911483151156372,24.0,0
0.04398622244693554,0.06938317087807483,0.02584631567359582,0.040093069639752364,0.028888245292968132,0.0,-0.004809579743628325,0.0079900615958373,0.024528386837858622,-0.06278045260106234,0.4958770596380017,0.07868565986830688,0.09327445909748831,0.9067255409025118,-0.005498609380344529,73.0,0.026207303540528745,-0.02437155026303396,0.02315344444831233,-0.010911483151156372,17.0,0
0.04468094791027588,0.06928533463277119,0.02557839064582308,0.040623933709638946,0.016261515079672266,0.0,-0.008784639858712128,-0.02400325657674561,0.009336010128486333,-0.04541092185081493,0.3397145814734863,0.0781823004521748,0.09290234007237169,0.9070976599276284,-0.0018083053772483739,17.0,0.0024386558651557045,-0.03445505184294855,0.031734689636057335,-0.010911483151156372,15.0,0
0.04607325687656848,0.07001110613294081,0.025070283874541455,0.04021147910021057,0.015354190718327396,0.0,-0.011646392454734976,-0.03834818567744315,0.0012554951376847101,-0.053622805153250123,0.6904640139034235,0.07748270246332455,0.09206291096474802,0.9079370890352519,-0.0016339063470425515,123.0,-0.014649746504217508,0.0025631369238982137,0.04301148744086158,-0.011564232114373168,32.0,1
0.04748833410846902,0.0625045661477753,0.023375523354034068,0.04024880559394618,0.022856034210441474,0.0,0.014263780640660455,-0.029361213222086093,0.00720672549306133,-0.021158393536287016,0.27661621228642275,0.07888232458592465,0.09351846298396188,0.9064815370160381,-0.0048312089355548385,79.0,-0.000611665594022563,0.09594702669605051,0.029361213222086093,-0.011564232114373168,12.0,0
0.04674720506232523,0.06522713435310133,0.02320110747849729,0.039926002548035626,0.023819043968685758,0.0,0.0023306248238724623,-0.02327367595719292,0.017676719612721846,-0.006458936414885027,0.6417761124094743,0.07891803835062478,0.09379815168159997,0.9062018483184,0.0014208386921398474,107.0,-0.01130364998253657,0.1156849523794725,0.027099018370608036,-0.011564232114373168,17.0,0
0.046777998301277164,0.062029953585247155,0.02337575835692151,0.03914135168343183,0.021217148421611574,0.0,0.0032052620158968285,-0.005652284270097865,0.018384042640996554,0.017709987649311244,0.359025283310098,0.07943110617827963,0.09441532393957416,0.9055846760604259,-0.0035802708258027057,160.0,-0.00952291374960191,0.13649475893159646,0.02398061580896261,-0.011564232114373168,12.0,0
0.04633915336670352,0.056821431919299836,0.02303625389773605,0.03891151447149672,0.020887191282005425,0.0,-0.002420223570996168,-0.003264951349720795,0.008194008876430696,0.04264591961059516,0.5260241947641184,0.07948141802706227,0.09451652992493989,0.9054834700750601,-0.0028641433951204966,9.0,-0.011792325368605762,0.21837184478183277,0.026342800928330922,-0.011564232114373168,12.0,0
0.04606566631301439,0.055087872108591625,0.02259441684244319,0.04000081298208833,0.018950329734109494,0.0,-0.0013106268550087112,0.004250681492971712,0.0013608753735840165,0.03056916399429363,0.5753814913986024,0.07941424182416151,0.09451542100989134,0.9054845789901086,-0.00042070193930302544,104.0,-0.007851578988334437,0.1958428068301422,0.027618902201006813,-0.011564232114373168,17.0,0
0.04396861823604112,0.056269770891889545,0.023677866939578063,0.040768778667791244,0.013937145695066464,0.0,0.008007412549418308,0.024220606142077595,-0.00639171883336137,0.00954714444584994,0.20491988809271416,0.08075789321275248,0.09580076494988621,0.9041992350501138,-0.009196523072808264,158.0,-0.0047465299882947605,0.11129685018767498,0.019832645595674006,-0.011564232114373168,12.0,0
0.043555746192983864,0.0539832561016722,0.023695265238396292,0.03855411288179578,0.008480031204910875,0.0,-0.00016401801609113728,0.009651172659813339,-0.00044271085000453276,0.0324744718116591,0.6163866161295601,0.08067734514020433,0.09580480852329694,0.904195191476703,0.0007502470660802868,79.0,-0.008873703158280429,0.073976037859086,0.0199934107005807,-0.011564232114373168,17.0,0
0.042224958750608235,0.054648756819058265,0.02275220188305148,0.040033671869567224,0.008870268935541447,0.0,0.004442938573720404,0.011778913748173454,0.015266353659580189,0.0027499256632951825,0.5976170222373827,0.08120984265698376,0.096141611367895,0.903858388632105,-0.00227315066127061,20.0,-0.0046890458542125585,0.11350833330298792,0.015639301622482144,-0.011377058413206617,12.0,0
0.041364004310211616,0.05456074138295314,0.022937477859112654,0.04028750241042143,0.009241742134407361,0.0,-0.0014992434004259963,0.007034202411348269,0.021905824442286618,0.001798353951170595,0.35643748575381773,0.08145998303734528,0.09653096302398678,0.9034690369760131,-0.004512063617299248,115.0,0.0001497804774334955,0.1328794480977812,0.01711509790316336,-0.011377058413206617,12.0,0
0.04123682507127251,0.05718642496648487,0.024527352442027153,0.040870650911534474,0.009349392612862531,0.0,-0.0026900419896266105,0.0067618268255339176,0.01357448961695894,0.020971897050267863,0.32590701547103895,0.08043108890777695,0.09561694704040295,0.904383052959597,0.010029291231101406,12.0,-0.0036979160156486997,0.10568034787126446,0.01975909956077389,-0.011377058413206617,7.0,0
0.042658676213887144,0.05718821577175726,0.02439810797903247,0.038990961338055324,0.014827042647937922,0.0,-0.011322814957867388,-0.0033312902697367696,-0.0020676077297636887,0.02093070108543827,0.6569419984856883,0.07941694004834612,0.0945583203857867,0.9054416796142134,0.0022406064489558005,81.0,-0.014515885323735383,0.11836680461067339,0.030858185890580557,-0.011597855830204838,32.0,1
0.04537475274513898,0.05596581978043455,0.02469964657805529,0.0379316384853255,0.01697128347377993,0.0,-0.015920166360629054,-0.02698971668837861,-0.018872564108622283,0.04082837844480184,0.3436490089019367,0.07860150771756007,0.09394209551509874,0.9060579044849012,-0.004561435869882278,9.0,-0.019686394428073333,0.08375983981729089,0.04628708479824435,-0.01413409318828619,15.0,0
0.044609016558426175,0.0563339974821945,0.02503721078683835,0.03762071636331687,0.016571930491538926,0.0,-0.0020335734611959403,-0.028809111775259456,-0.01194771426772013,0.038202587227077055,0.6910354443510918,0.07913236605552139,0.09448714291582377,0.9055128570841763,-0.008443658672315444,91.0,-0.009951254588018972,0.06663032895554498,0.04822653007219846,-0.01413409318828619,32.0,1
0.04407714606010586,0.049695200026410605,0.025183715438298847,0.03758401752498071,0.014667744795185084,0.0,0.0005614511131679559,-0.03256210272146486,-0.017661979562138982,0.014901234261119802,0.28499363544931033,0.07950783587708557,0.09500187396914515,0.9049981260308548,-0.004280369960006393,149.0,-0.01405456309208148,-0.006772677788768759,0.047692155798023765,-0.01413409318828619,20.0,0
0.0441827501622414,0.05121746466669823,0.02646908258342676,0.03611739925718436,0.014486786718683342,0.0,-0.01034730227041453,-0.0411349029037397,-0.018154533072011068,0.003986193129714488,0.5171834045282332,0.07820627682719788,0.09342003067616764,0.9065799693238323,0.0071454207409584755,162.0,-0.003405331039823197,0.03956563989711263,0.057545972916468444,-0.01413409318828619,25.0,1
0.042914812543006935,0.05876153728310452,0.025669020634953212,0.03395285530307932,0.015379459825364653,0.0,-0.00018146962668219035,-0.03872303238841224,-0.027675437745916985,-0.017804388079842588,0.2678193407051058,0.07920183768196566,0.09414563041235657,0.9058543695876434,-0.012264612389199113,51.0,-0.005355406804210933,0.06224699418221804,0.057716999696928416,-0.01413409318828619,17.0,0
0.034715646856082374,0.05838189292417748,0.026070617032931745,0.03490380698178407,0.015502578025325621,0.0,0.0005390330651157989,-0.027189923836588147,-0.04968105358215204,-0.022235513936547747,0.6885397967793472,0.07907172587477458,0.09401061703979167,0.9059893829602084,0.0021152877284360385,117.0,-0.00102685116774355,-0.009308407568380939,0.05720907800306854,-0.01413409318828619,25.0,1
0.03732993784217474,0.05888333264498285,0.026464482770201213,0.034100370007358084,0.016569409466644404,0.0,-0.01735143124623363,-0.028604797767319716,-0.06905344595934253,-0.017620178910641875,0.44831882406474244,0.07829637053341133,0.09346754885576374,0.9065324511442362,-0.00636891731465904,32.0,-0.028887443428835723,-0.07626786226617958,0.07356784986567151,-0.015718106286548097,20.0,0
0.03668071530732996,0.05777344963033863,0.02651194876504334,0.03235725643935961,0.016390343204582183,0.0,-0.00734485529695205,-0.03377466476460237,-0.08037235995085232,-0.00931738270098987,0.4628566803193411,0.07769512593047723,0.0927993665276463,0.9072006334723538,0.0009744612513386019,94.0,-0.03222505126309159,-0.0266475783119653,0.08037235995085232,-0.015718106286548097,30.0,1
0.03728886636566866,0.05819446358220067,0.030325914418859543,0.03177867040803253,0.017645711295697572,0.0,0.00343116879695778,-0.03100342674822075,-0.07358867825942356,-0.013258071965214781,0.2541172188205097,0.07700032951772055,0.09179079520250093,0.908209204797499,0.012361672994832781,8.0,-0.03421600748155416,-0.052485117230648394,0.07358867825942356,-0.015718106286548097,20.0,0
0.035887325009715365,0.05655637899822676,0.03146546597433045,0.028589301085446623,0.018052895737488018,0.0,0.003265641919908936,-0.01767461321337859,-0.05681826969258744,-0.0006341345566033565,0.3757351792897162,0.07675512541973316,0.09143043432228065,0.9085695656777194,0.006241920174608488,88.0,-0.028014090250086065,-0.13946348971630085,0.05949463625539676,-0.015279100274744942,13.0,0
0.03644833588469025,0.052094227875378984,0.031248545357765938,0.028186677472464318,0.01856490354931923,0.0,-0.009276422292141961,-0.026610437689014065,-0.061051674876323576,-0.017006220982215218,0.42863622999420325,0.07595125851893351,0.09069365234437082,0.9093063476556291,0.0018379682709934184,8.0,-0.03802078713693059,-0.14304522596225078,0.06821916117751628,-0.015279100274744942,20.0,0
0.03607964576781825,0.05499538498020743,0.031243340244275723,0.028570164250762177,0.018809947803607265,0.0,0.001394694598025442,-0.025777994398467237,-0.051409099283401885,-0.005308506347375887,0.6857142791603054,0.07615375050615061,0.09118867600054721,0.9088113239994527,-0.0016465022205072574,109.0,-0.04255304502652175,-0.07828185168759692,0.06691961147506695,-0.015279100274744942,37.0,1
0.036173657815429916,0.05467283869709285,0.03168750448755411,0.02808733512434217,0.015373818855259323,0.0,0.00848370441157424,-0.0001644042749322527,-0.03208886149386147,0.018410386426631252,0.6331410356787788,0.0764252242110716,0.09155676066848639,0.9084432393315136,0.004082923839526702,158.0,-0.03087365376575614,-0.08417229775410194,0.05900363326658457,-0.015230563650214803,18.0,0
0.03352005606034739,0.055102619981141764,0.031715849245215436,0.02796704646258688,0.013879309664374314,0.0,0.006465586384387567,0.013745936349776045,-0.039530672218990044,0.026377446526435127,0.5027033038222138,0.07725947215231366,0.09257818035909689,0.9074218196409031,-0.005010460342530134,22.0,-0.03260883342916716,-0.05262960962463023,0.05291953997007483,-0.015230563650214803,13.0,0
0.03329088673996092,0.05310069134346942,0.03209882886162742,0.028932123841400235,0.014048492487701679,0.0,-0.0006777753994946541,0.009594754274342114,-0.042413429733000337,-0.0022597278504862986,0.24150980342823775,0.07767752472883405,0.09293788514368988,0.9070621148563102,-0.005850576858656661,159.0,-0.02548644042548262,-0.1023854212295548,0.053561447807225195,-0.015230563650214803,13.0,0
0.032941809769934764,0.053438569973656584,0.031984646799235336,0.03002842311873464,0.014657247380702315,0.0,-0.0037140962167302397,0.0025709843827763216,-0.049018144410349275,-0.013351997414349082,0.408873562363286,0.07740653666546368,0.09255648361293486,0.9074435163870651,0.00017616051566159632,132.0,-0.031535253426375115,-0.1070661773635021,0.057076611653292024,-0.015230563650214803,13.0,0
0.03306808822007369,0.060805920842255654,0.03390920990921996,0.028214105666722705,0.012134266496835393,0.0,-0.005025903864240684,0.006872331943573668,-0.05150211084480657,-0.043453807435814715,0.3470129044240309,0.07632523129247494,0.09088581433614691,0.909114185663853,0.009934564346320368,133.0,-0.043730110721793135,-0.05158753194751023,0.061815653954466664,-0.015230563650214803,25.0,1
0.0335987710997977,0.06052670805199787,0.03396310856703851,0.027660211533974657,0.012401749402391983,0.0,0.003927424731093499,0.009418916131629162,-0.04652730986433929,-0.049071467089163164,0.2509098619136961,0.07649012511343267,0.09099645196297457,0.9090035480370254,0.0014919404920798063,24.0,-0.04522975236094876,-0.05339793261030242,0.05813100555148265,-0.015230563650214803,8.0,0
0.03226806143483868,0.059694351511473814,0.03309258561775648,0.030475737044576748,0.009920955892250487,0.0,0.0016944512328311437,0.0026233669769417773,-0.05249873044548866,-0.03443794920534317,0.4496198766757509,0.07612134837176587,0.09057084214860332,0.9094291578513967,0.006382857386540336,133.0,-0.05855489215473404,0.00917832219761232,0.056535054472673936,-0.015230563650214803,13.0,0
0.03304011924913127,0.0634029642560663,0.03335635817558816,0.030504272740583045,0.009222129840824088,0.0,0.005252810074550326,0.0014152204852896644,-0.0473654370000404,-0.019929166893147384,0.2870425584750935,0.07673368231718335,0.09153606685626921,0.9084639331437309,-0.0034771544642404413,141.0,-0.04778717865716981,0.081067489082215,0.05157921230182292,-0.015230563650214803,13.0,0
0.03255472172243124,0.07072985820513225,0.03323406805760089,0.03223769521593773,0.009192391592742634,0.0,0.00117743781153568,0.00327431928349148,-0.05046250580514063,-0.04023711558648909,0.568299098328216,0.07681436233974567,0.0910900437604642,0.9089099562395359,0.0005607085736902452,72.0,-0.03596653060573034,0.06468811352972952,0.05046250580514063,-0.015230563650214803,15.0,0
0.03371169552579642,0.07047292940196101,0.03409242196215766,0.031849990303111586,0.009326705287988868,0.0,0.006808251143836395,0.013870475311945577,-0.042562384047136005,-0.0488036658628166,0.6842756329174784,0.07793524152309847,0.09226011336409715,0.9077398866359029,-0.008123645221543907,148.0,-0.02158892371763113,0.05235082812674578,0.042562384047136005,-0.015230563650214803,25.0,1
0.03379655385872358,0.068988246251278,0.03226227746070234,0.03258390669275831,0.00543037090906884,0.0,0.0008727254007998408,0.019881130342928,-0.039142055703789584,-0.08155332602939873,0.22216953851689963,0.07795583087383186,0.09202468592615237,0.9079753140738477,0.0007880251536939324,87.0,-0.02609889951556817,0.04577480640208055,0.039142055703789584,-0.015230563650214803,13.0,0
0.033193891174128964,0.06898820826052281,0.032359833224225254,0.03251005229405872,0.006200568291949816,0.0,0.006528172772576986,0.022523207635512976,-0.021793356215391146,-0.08155466003755946,0.6488618968984963,0.07871669296921362,0.09280769463377907,0.907192305366221,-0.003683531030738475,32.0,-0.023815903833386397,0.06069582181862009,0.021793356215391146,-0.015084236747096875,5.0,0
0.030328793651692956,0.06828084912146291,0.032866006912191346,0.031103480577970574,0.006447036005506927,0.0,0.007236294499570017,0.028180285346530422,0.001224902147055943,-0.09647635027953563,0.27621801353345393,0.07872814276841805,0.09259407305154209,0.9074059269484579,0.006648520078797593,167.0,-0.01767077900586344,0.13134537573737257,0.0,-0.010186670273673645,5.0,0
0.030936805897663414,0.07514751123776642,0.03162294179231952,0.03130750631720584,0.011893465230913084,0.0,-0.006448053929848347,0.016212551886574837,-0.003203992110024294,-0.0635659224535518,0.25147175760462087,0.07794646569521253,0.09215524293942932,0.9078447570605707,0.003632265081090893,122.0,-0.015113425995497825,0.025537810840473428,0.006448053929848347,-0.010186670273673645,5.0,0
0.033995597069889645,0.07718837568378041,0.03126635930801857,0.03111798827108621,0.01988793992655991,0.0,-0.014556449726787367,0.00024238176232014758,-0.018264999295718433,-0.05254801334899622,0.4186306823579845,0.07662670437519753,0.09103782556315927,0.9089621744368408,0.0033176361669771852,19.0,-0.03560438281359395,-0.08271954067151042,0.020910642883770265,-0.013925077608331442,0.0,0
0.034988011949446195,0.0766220640572323,0.031150992887136936,0.03118681833978191,0.02248930705463456,0.0,0.012783586684497234,0.0061787493340294646,0.004680831435140492,-0.03862758020190523,0.4887271696794896,0.07701428091422648,0.09135033337684163,0.9086496666231584,0.006669738168632613,112.0,-0.013558679945964342,-0.0988437017630205,0.008394369215206272,-0.013764445611590556,10.0,0
0.035038201431912296,0.07078968070955288,0.027693604562906916,0.030608916522514885,0.02251025006585094,0.0,0.002198021877061631,0.007511071733411354,0.007071894842898666,-0.007202795131394594,0.3495185538655281,0.0773415936833325,0.09172755087045555,0.9082724491295445,-0.002232182517033306,137.0,-0.02079926068848863,-0.11040652872764471,0.006214798345323796,-0.013764445611590556,5.0,0
0.037662788028516844,0.07581668400845439,0.03156876770377536,0.031734743338362965,0.025262215896065816,0.0,-0.013802577455088382,-0.012839531960666893,-0.0073633569607567655,-0.03688821902871011,0.2540853038445734,0.07738165756673276,0.091566403640126,0.908433596359874,-0.012843700323372353,155.0,-0.056678591211196935,0.03566856925010741,0.01993159556488309,-0.01444336888603252,5.0,0
0.033924500381743834,0.07525360144701151,0.03275611189147893,0.03172703447843945,0.02315519745197752,0.0,-0.005711936293712203,-0.025529683854496645,0.004394446961958003,-0.044090769186698665,0.2727100539973091,0.07774950978842038,0.0920874806830361,0.9079125193169638,-0.009972315550186331,85.0,-0.06496245070319329,0.09956299259349105,0.025529683854496645,-0.013123654180646418,5.0,0
0.03353486648854642,0.07529363565316656,0.032764529315627726,0.03179271050430311,0.024855425843803364,0.0,0.006422865911529647,-0.012905956049905873,0.01832498749550462,-0.04511326871122478,0.6746775472862033,0.07824331768289892,0.09250654603438331,0.9074934539656166,-0.00035433623864096784,99.0,-0.06352019494643125,0.08564455497939275,0.019270791679128173,-0.013123654180646418,17.0,0
0.033541305419872665,0.07564032376911561,0.03096315492030041,0.0316926977084896,0.020913759171285958,0.0,-0.00218116954890641,-0.000509948838317539,0.012629345827601491,-0.028506027220856333,0.5293782501370558,0.07866742616016777,0.09316428156476599,0.9068357184352339,-0.007508482613908327,112.0,-0.06188870929855643,0.08161761689744204,0.02140992836404075,-0.013123654180646418,10.0,0
0.033715263323857575,0.0760291794436025,0.030381021758744017,0.032464416749166836,0.015542201481681612,0.0,-0.004072648163513424,-0.017144933105573336,0.005222565832176932,-0.03585762152941719,0.6660673825493226,0.07875778538351484,0.09320061555695325,0.9067993844430468,-0.004765356540992479,84.0,-0.051892441014350435,0.09430248546044595,0.025395381422121412,-0.013123654180646418,17.0,0
0.034016440634934295,0.07653590656368081,0.030408633281211853,0.03357162844303866,0.020258925860020465,0.0,0.011604973724317836,-0.007919540433383644,0.026409555779854474,-0.05426057037532361,0.4311612335351752,0.07993207789123348,0.09422776211006677,0.9057722378899332,-0.003972421314029416,79.0,-0.03625446670956892,0.07309762340953466,0.014085120431926322,-0.012699398926302376,5.0,0
0.03526723925903599,0.07542012624735661,0.030470705911245562,0.03244384696779608,0.01731460680061881,0.0,-0.008415453887852198,-0.002500280656234473,0.016354349572110363,-0.05850159306634497,0.3767324094667719,0.0792298899961207,0.09372005983359327,0.9062799401664067,0.0008458803261480081,36.0,-0.035895512092159604,0.010678307977552873,0.0223820416382788,-0.012994508920002954,0.0,0
0.03499124082390742,0.07428004514305891,0.03385358798636842,0.032193913103018286,0.017534757759002498,0.0,-0.006396350573731596,-0.0031869056667866266,0.0013581641701738076,-0.07675746594310934,0.4291093238120415,0.08003983030809908,0.09465079285850318,0.9053492071414968,-0.015808236766039617,35.0,-0.030774279265630294,-0.018900699717791503,0.028635228827136105,-0.012994508920002954,0.0,0
0.0344352807103376,0.07367518223538679,0.034031843954624844,0.03327966195067513,0.016167321632404155,0.0,0.0018276314275082193,-0.007738262815310264,-0.003256254965415927,-0.08150292768906202,0.31462055965779634,0.07993301986792363,0.09453766084821053,0.9054623391517895,0.0029804905238869817,31.0,-0.04265820523670665,-0.04365035911308017,0.02685993204376625,-0.012994508920002954,0.0,0
0.034589041947393526,0.07410000015338825,0.03392520920175269,0.031734660965866884,0.016625454550744913,0.0,0.003293462740079913,-0.002294120071420428,0.0007047364728022348,-0.06554351713820812,0.4285271216828138,0.07996255162894315,0.09463184462394438,0.9053681553760556,0.0025518753361334994,26.0,-0.04173858355106758,-0.03141060654170547,0.02365493148907356,-0.012994508920002954,0.0,0
0.03459022582310998,0.07843685275975984,0.03389399914362993,0.029682573284749273,0.016485138399992934,0.0,0.0041612579949524935,0.005954490205155596,0.00861502028902929,-0.03569982368470709,0.5353809289270757,0.08032898610899122,0.0953601488062128,0.9046398511937872,-0.0011068156412959718,78.0,-0.040825416429945714,0.000676152460401513,0.019592107766900027,-0.012994508920002954,10.0,0
0.03481761929056587,0.0727140923022008,0.03151348465119518,0.0314898202015859,0.01413608438616419,0.0,0.007568726578096204,0.0019407881714743125,0.02138232095390727,-0.005095620579585072,0.24217114025224468,0.08099943010972023,0.09605113192446289,0.9039488680755371,-0.0013869267581776623,108.0,-0.031221024554786665,-0.061561019265412034,0.012171668495580084,-0.012994508920002954,5.0,0
0.03469305104936639,0.07277197854482684,0.033613466464091704,0.03169377670653346,0.010390127799812533,0.0,0.0017228700865311232,0.012184998161897572,0.01913943657395723,0.00038299172994168853,0.40441444158686135,0.08035952545398518,0.09531919990814852,0.9046808000918516,0.009514681865805267,76.0,-0.02827837978648743,-0.05812696674381216,0.010469768612603169,-0.012994508920002954,5.0,0
0.03483402743768016,0.07360529739322028,0.03251207047765062,0.03023310574813059,0.004783843475066534,0.0,0.004104202394007418,0.022881921620750593,0.021591154697844284,0.00935249019968848,0.5969651975522325,0.08067982520131634,0.0958111461520614,0.9041888538479387,-0.00038513442726880197,130.0,-0.03204108395813335,-0.04372934797557327,0.006408536268000301,-0.012994508920002954,10.0,0
0.03465523125113421,0.07199774693771506,0.03527278345597938,0.037781760501242254,0.007084204265194879,0.0,-0.002014403101010865,0.018959143352132588,0.01420582771834908,0.0029151576965815787,0.42812029142375596,0.08167891300870025,0.0972598540918523,0.9027401459081478,-0.014264277629878254,132.0,-0.03383247451951821,-0.09948610256903062,0.008410029993679966,-0.012994508920002954,5.0,0
0.03465044186134267,0.06334663898025644,0.0363918702670929,0.03615886479822217,0.00743981536647303,0.0,0.0006121167692813604,0.016235930159878984,0.01363315011502691,0.028274546351171614,0.6063055706338674,0.08120732424124738,0.096517419711604,0.903482580288396,0.006550787692774631,3.0,-0.03751731860693562,-0.10364400610008552,0.007803061144787896,-0.012994508920002954,5.0,0
0.034069261329303234,0.06309901371163282,0.03619596025012932,0.03775346749880102,0.007378539910525986,0.0,0.0009784913140376574,0.013014891872742022,0.007763871815033397,0.034712326888537696,0.3694544089455114,0.08185811085479291,0.09730636534680898,0.902693634653191,-0.0070830751845017215,90.0,-0.0351289611259868,-0.08908204746421264,0.006832205058303318,-0.012994508920002954,5.0,0
0.03409812000186855,0.06195248016129763,0.03611652077022474,0.03708446058710534,0.004457260782772339,0.0,0.001857992858291781,0.007273290184360021,0.008755922974523048,0.07146694032575768,0.35927375366164627,0.0820097324584604,0.09773030009646483,0.9022696999035352,-0.00041856515416813375,70.0,-0.03072885755407341,-0.07511472889133675,0.00498690638821625,-0.012994508920002954,2.0,0
0.034080275938999295,0.06511081793365076,0.03767222385321433,0.037209378534770125,0.006568327791055123,0.0,0.006428334736615501,0.012004827220673532,0.008655863966897987,0.05405336894089509,0.2569070021019602,0.08183264854923149,0.09714074593455173,0.9028592540654483,0.008365223497223009,111.0,-0.013326132575275738,-0.1155032191294659,0.0,-0.012994508920002954,5.0,0
0.03365072615867872,0.064252611741827,0.036911676971567615,0.03768148533951127,0.006757279505653149,0.0,0.004643493268535194,0.012548361414631632,0.006059408517401689,0.07164069010774468,0.22657344890011777,0.08267421640666399,0.09818431868631101,0.9018156813136889,-0.006071474977899729,86.0,0.0072917328469604865,-0.07160723827548547,0.0,-0.012994508920002954,5.0,0
0.03294256140572871,0.07188161455059135,0.03639806856782478,0.03754723138192445,0.005520375841721699,0.0,0.00046113660767878876,0.01506002459237614,0.013055576330279976,5.534616226460979e-05,0.4390747389577997,0.08295390424634891,0.09788143151811528,0.9021185684818848,-0.002324884030831647,90.0,0.009809754256701645,0.011560392861613861,0.0,-0.012994508920002954,5.0,0
0.030059534509422243,0.06985775721121566,0.03634539342733157,0.03867074139836465,0.009960316487468143,0.0,-0.0064853646558002374,0.007860062140244026,0.02135281236772999,-0.016993172330915945,0.528657264720811,0.08221482180447096,0.09709638277114797,0.902903617228852,0.0029961414371364723,94.0,0.0026978039691533634,0.13771779239574125,0.0064853646558002374,-0.008125940503044403,10.0,0
0.027500449222293846,0.07000713291437756,0.034993337568529854,0.03906528725000345,0.009975716459787108,0.0,0.0006527464546580874,0.007532077835820886,0.009119332335050996,-0.02565339341869949,0.31591154103058416,0.08241848506008645,0.09723185589382437,0.9027681441061756,-0.0017782024512017877,48.0,0.013842849827652888,0.12981474072240662,0.005836851499928388,-0.008125940503044403,0.0,0
0.027442091333769902,0.07036135461415466,0.03557790658263633,0.03860314784790337,0.010021327503259339,0.0,-0.00012875596596450823,0.005534076936182462,0.0067764854602898,-0.020677030759455435,0.402688356314158,0.08211414993976555,0.09697133473547577,0.9030286652645242,0.003491672306399741,105.0,0.013896302895768067,0.1254036843347504,0.005964855936439832,-0.008125940503044403,5.0,0
0.023370675665858032,0.06464301660480175,0.03355605554644501,0.035464455097949155,0.008184302481639592,0.0,0.0016787284838429837,0.0007886909267138448,0.022580841086480896,0.010900739654853879,0.3971867425319756,0.08251938704714357,0.09747314660959949,0.9025268533904005,-0.003424389439669681,129.0,0.01505121333233025,-0.10454358160911242,0.00429614082615937,-0.0064720125434899415,5.0,0
0.0279028401347745,0.06465812532277794,0.03232260110523873,0.03458636947969037,0.018571258627202894,0.0,0.01828129755932529,0.0143741671625574,0.04725680990216542,0.00971150293674943,0.3991028059105918,0.08415977957851246,0.0991234707061115,0.9008765292938884,-0.0030558930516430363,116.0,0.05185892440882982,-0.10174023134691292,0.0,-0.0064720125434899415,5.0,0
0.02812731463725638,0.06526915406131545,0.03230374642339696,0.03523771046021619,0.019513852097079103,0.0,-0.004167877019827352,0.00968077961218523,0.036236365084726406,0.02667322702396168,0.6930439079791337,0.08389976659606505,0.09905297996578796,0.9009470200342121,-0.0009041370903988916,112.0,0.05522538351729118,-0.11909098577548406,0.004167877019827352,-0.0064720125434899415,17.0,0
0.027936299934676525,0.06529940261274413,0.03159757199055199,0.03720450636124585,0.01736850984453083,0.0,0.0035542769178571725,0.019883782940470825,0.042192634917968874,0.010461068367942767,0.5774999141099267,0.08429413883342496,0.09935493150007421,0.9006450684999259,-0.0013290310909843098,21.0,0.055354846123327126,-0.11208795249407083,0.0006284138910582189,-0.0064720125434899415,5.0,0
0.028114495042231562,0.06597945287393589,0.03152296644856066,0.037679814527382775,0.017725031643268996,0.0,0.008863002111320269,0.028251827327189998,0.055729204045673365,0.00644530100024856,0.6148696151764035,0.08483547455663726,0.0996665943834203,0.9003334056165797,0.0018713945341234653,131.0,0.06124281931475365,-0.19008047711932646,0.0,-0.0064720125434899415,10.0,0
0.02646825072606305,0.067725463670035,0.03192862756193741,0.03814496007088741,0.017468822204907565,0.0,0.0009005875635333691,0.02931038798834407,0.04455791349762765,-0.0005381277177126086,0.6650486821800032,0.08453250793527048,0.09899826958404286,0.9010017304159571,0.0047153743283876665,119.0,0.07214422397943165,-0.11090599660585564,0.0,-0.0064720125434899415,17.0,0
0.029513727695127414,0.06624371591455856,0.03295026744292769,0.038527325341186615,0.02130249719028305,0.0,0.019373706487631568,0.04749348817466157,0.07383165267950402,-0.013002608467503018,0.2229475510322137,0.08543538093210434,0.09979695315832342,0.9002030468416766,0.006937863109029361,90.0,0.09139347090902163,-0.009965409145556584,0.0,-0.006062079540645959,5.0,0
0.028603060803281694,0.07095256492059611,0.02927370571651869,0.03857353440138011,0.019618213108218523,0.0,-0.0029822222061397655,0.02561996605127189,0.07752145304361104,0.022175346215482766,0.6037352218180497,0.08582336670645425,0.10068538159460184,0.8993146184053982,-0.007616310253900135,2.0,0.07898490407372849,-0.12922465685472947,0.0029822222061397655,-0.0039900287977742135,5.0,0
0.028575214535393138,0.07129385814235609,0.02917630984700216,0.03755224820148489,0.017555400365708265,0.0,0.002749951618690596,0.03274472434100479,0.0785134598134365,0.027834433181040275,0.32509132604727875,0.08623826267000619,0.10125453917066216,0.8987454608293378,-0.002431904271231117,116.0,0.07500154500465109,-0.12910385846661723,0.00024047155423223836,-0.0039900287977742135,5.0,0
0.030070749282652007,0.07102854713253662,0.029002422809129267,0.037462183636765845,0.020681898286264398,0.0,-0.0064016432067525,0.022499215731117538,0.06809148195122758,0.02247651993415498,0.5482546722924972,0.0857433102401404,0.10080132356130744,0.8991986764386926,-0.00014581978384185226,96.0,0.068844204974848,-0.12834037642264498,0.006640575347893171,-0.006066578278713727,10.0,0
0.030511097023888385,0.07120500948344266,0.029649592419499406,0.037180776877172805,0.020531287994603242,0.0,-0.002766354014912931,0.010712672371269721,0.06072282147056454,-0.0264049231770574,0.4296830685573746,0.08510257379139495,0.09971894086605201,0.9002810591339481,0.005357784486843362,96.0,0.06986097009856986,-0.0819615625895386,0.009388559180531126,-0.006066578278713727,5.0,0
0.030065011534051927,0.07255332562930779,0.030026997888328893,0.036916731276251745,0.0205073792364909,0.0,0.0021348123411264923,0.011958996570463778,0.05500224213039104,-0.014098361563924603,0.4519213427995196,0.08487090492586662,0.09960904504954785,0.9003909549504522,0.004495619885208158,161.0,0.07756063867871485,-0.08630344551765244,0.007273789651408628,-0.006066578278713727,10.0,0
0.03041910367831151,0.07467820643097081,0.02871325524954905,0.03648774133962074,0.010914430122945686,0.0,0.007034671603413958,-0.0002902867695046398,0.06059656634660757,1.3506906889552047e-05,0.38734979366991706,0.08588672888960457,0.10096204719659492,0.899037952803405,-0.00572810463568941,65.0,0.08089578705875529,-0.04466021266092696,0.0002902867695046398,-0.006066578278713727,2.0,0
0.030374939376364554,0.07402385942550714,0.0312683188607662,0.036497390721767706,0.010611763106757304,0.0,0.002709061302447261,0.00541636313283978,0.05912293258653578,-0.018219535310354813,0.3850673096213003,0.08518347176684218,0.09999279613604874,0.9000072038639513,0.010869533926841684,62.0,0.08199061966804617,-0.054650453129669894,0.0,-0.006066578278713727,2.0,0
0.03099785899536821,0.07327756487362845,0.026871081942217125,0.027228689432176358,0.01378767885348667,0.0,0.01043469534776441,0.013121541357202686,0.07233467201253062,-0.046104723121955786,0.6129290179544915,0.08611107247095523,0.10072318755883133,0.8992768124411686,-0.0011340106982965998,28.0,0.087568073619553,-0.06313794410666711,0.0,-0.006066578278713727,5.0,0
0.031119659541287863,0.07458567224291085,0.02942046501436783,0.027112650829947835,0.010909512228627662,0.0,-0.0006751604905718289,0.018960543561973412,0.07095512441851308,-0.05337483221319828,0.37423644063315575,0.0849835829700387,0.09914558032425366,0.9008544196757464,0.012935736098153496,31.0,0.08555561639616799,-0.04512878502329482,0.0006751604905718289,-0.006066578278713727,0.0,0
0.0315342733407457,0.07626940172504497,0.02871797603992222,0.027826820352993234,0.010824721592888824,0.0,-0.002608736007750509,0.019121595619231997,0.06711712038939567,-0.0733788556062368,0.267404857828916,0.08519377133475771,0.09915474346204306,0.900845256537957,-0.004575933368816108,77.0,0.07540208092372651,-0.0027298755101367966,0.0032821351828395727,-0.006066578278713727,5.0,0
0.03693109993178088,0.07364791337738627,0.02905928145077559,0.029026477990966124,0.020449985293643544,0.0,0.022425704797035106,0.03975643081460362,0.08902457403405092,-0.08623737525964137,0.2249537522531313,0.0872273283651043,0.10125711640552461,0.8987428835944754,-0.0033621079134858777,84.0,0.09855998932165584,0.05617610093727661,0.0,-0.006066578278713727,10.0,0
0.03681719958420144,0.07360644034092655,0.02910146383666339,0.02880461279113866,0.02064223577392133,0.0,0.0033244506978546695,0.035925653031991904,0.08566595834677776,-0.05882763490983783,0.5008854203722979,0.08674445092465191,0.10081170260490291,0.899188297395097,0.008461034112115238,16.0,0.0950633351957194,0.07121064195085117,0.0,-0.006066578278713727,5.0,0
0.037875296358472144,0.07323026354658478,0.028321122814440408,0.02838289951437795,0.023248031439181867,0.0,-0.005757901600443518,0.027178206326980887,0.0744257120263304,-0.061911135062296306,0.29135419556521774,0.08650041709812023,0.1006691288168025,0.8993308711831975,-0.0025135118884560058,156.0,0.08093609633709813,0.04272171567800868,0.005757901600443518,-0.006305081965806153,5.0,0
0.038730412164274086,0.0653491734287292,0.028094089767662426,0.029246698681158662,0.023758722346616124,0.0,-0.005553163746644349,0.010925418785920495,0.06796677153970175,-0.0033615233554811883,0.6117639592556279,0.08600902205329747,0.10045260571230127,0.8995473942876988,0.0003321102227091624,150.0,0.081909693243741,-0.0603919715881891,0.011279090776663538,-0.006305081965806153,10.0,0
0.03900284393207166,0.06534694894630146,0.028609800864237433,0.02919074803144734,0.02527865084607977,0.0,-0.007568165388147449,0.003952397014345395,0.06680282773735903,-0.003021309954597888,0.25801521484420376,0.08487826557013455,0.09923635261669639,0.9007636473833037,0.006316896403712898,133.0,0.08958206835139863,-0.0611000288106863,0.01876189414038527,-0.006305081965806153,5.0,0
0.03924631093374017,0.0651632402041235,0.02848110829725537,0.02859476223229454,0.025689596416679866,0.0,0.007777142855566346,0.014406597242841287,0.07439819611399015,-0.0007370716681039214,0.3487263323973857,0.08522668259637757,0.09947354916688605,0.9005264508331139,0.0030554287903046223,111.0,0.08419599032453293,-0.07437169501608096,0.011130665215789712,-0.006305081965806153,5.0,0
0.039557345173872174,0.06494029709890375,0.030449293374417756,0.028438667356393957,0.013496215600512928,0.0,-0.002870998915540786,-0.010691698911233333,0.07145155583814403,-0.011373820614892723,0.3745010921041456,0.08404791436920822,0.09807944445091017,0.9019205555490898,0.011435446541739,48.0,0.0787122317276861,-0.056845458309750366,0.013969708003566719,-0.006305081965806153,0.0,0
0.03957762768971506,0.06483740123310044,0.030477465548478647,0.029800636175002275,0.012800391634908686,0.0,0.0011405602037557702,-0.012845081092817906,0.07087590096537362,-0.01572180683827684,0.24890646986278736,0.08443740808293551,0.09850138068666323,0.9014986193133367,-0.0035552435236260093,12.0,0.09505717950841479,-0.05465979743189357,0.012845081092817906,-0.006305081965806153,0.0,0
0.0364123536542588,0.07039583135546806,0.030008790859541206,0.029569128722318806,0.012204901022714208,0.0,-0.000418458577157958,-0.007543698810629755,0.05121029554918203,0.012211562537811357,0.637289862680561,0.0842700526491081,0.09869748675014285,0.9013025132498571,0.0012156571351533184,98.0,0.10088714065314885,-0.08028078146066785,0.013258164535618283,-0.006305081965806153,10.0,0
0.03602639771611096,0.06987072550383046,0.030505967383245614,0.02951719736937046,0.012716485314718732,0.0,0.006091086179329782,0.004077243395990783,0.062039759158309726,0.00811727360104465,0.5442244316243172,0.08505663710736845,0.09963881776898005,0.90036118223102,-0.003830201088499241,103.0,0.10052421960566514,-0.042853518059524816,0.007247834979054687,-0.006305081965806153,10.0,0
0.03714066677621084,0.06999828477785522,0.03041048809851779,0.03064412838438394,0.012221519354486371,0.0,-0.0067904763775276265,0.004864057976871199,0.051092130762838424,0.02548046148449236,0.6986417651558026,0.08416374423135609,0.09883482490143179,0.9011651750985683,0.004183923014437931,72.0,0.09544047730126487,-0.0694850442558901,0.013989095104368824,-0.006732151401911357,14.0,0
0.03790257089925362,0.07065947407605053,0.03063406397302036,0.0303789856561797,0.0120682619334856,0.0,-0.008644431119549616,-0.011510047726940519,0.03285186894303522,0.05898493135831504,0.535907344478729,0.08302656559017309,0.09790870143735876,0.9020912985626411,0.00538232727563839,30.0,0.09041188149631672,-0.09654041660576992,0.022512598454863895,-0.007451512036554475,5.0,0
0.03790306012242204,0.06790352660454559,0.03050876689642705,0.02984686263259245,0.012477803058539336,0.0,0.0019332461596299995,-0.006747426260812483,0.03391749261656593,0.07075503466651724,0.44882275857849696,0.08294163117572667,0.09764085372383262,0.9023591462761674,0.0029390283846285207,102.0,0.07998669881625894,-0.10741654799000842,0.020622874689740053,-0.007451512036554475,5.0,0
0.033446825695763197,0.07244858867795928,0.03113828436931843,0.029576065452328982,0.01362824196108895,0.0,0.005019367040415655,-0.0028991805431826984,0.01935835443693836,0.10020078966717474,0.2951043858425082,0.08377880714041352,0.0989788028267313,0.9010211971732688,-0.005855519421983342,32.0,0.09461926641767715,-0.05684910592855222,0.015707021426820702,-0.007451512036554475,0.0,0
0.033268599448673095,0.07001652189034363,0.029381595077699073,0.029725001331497764,0.013956585602868816,0.0,0.002819081123916749,0.00033032435980950197,0.025289649894077757,0.058807064494197855,0.5769699337831575,0.08377158655492596,0.09875252924215457,0.9012474707578454,0.002845578620932472,11.0,0.10477159334444192,-0.030972361874963446,0.01293221967052126,-0.007451512036554475,5.0,0
0.03402111542170816,0.07014527406873364,0.030086258365685365,0.02943037409010762,0.013236357199806929,0.0,-0.006488023317108758,-0.012176758602743486,0.01584402481838821,0.060272305701627865,0.4897245347143553,0.0837115491098949,0.0989253603600379,0.901074639639962,-0.005375940525081515,57.0,0.09560145383768633,-0.05686691895524175,0.019336338444865705,-0.007451512036554475,7.0,0
0.03355493109358146,0.07185837837513998,0.030687078342421244,0.029360874261728294,0.013622782676514867,0.0,0.0056475280699697684,0.00019379320693750367,0.028162964923095567,0.07761355613348736,0.6302826677770467,0.08446022982764763,0.10000630558220144,0.8999936944177984,-0.0040162498081470705,59.0,0.09817210489207716,-0.02808353244455612,0.01379801288903375,-0.007451512036554475,7.0,0
0.03407144291298515,0.06596412033100782,0.030695514399030347,0.029819622027954008,0.012035932961017865,0.0,-0.005955792567746435,0.00290640175638796,0.024874605558042252,0.1078820930600574,0.3444196628025995,0.08419945764965199,0.0998319725449618,0.9001680274550383,-0.0024160635946239967,111.0,0.0871078832610585,-0.07583090269257686,0.01967162735416601,-0.007451512036554475,5.0,0
